#include <Arduino.h>
#include <stdio.h>
#include <stdlib.h>
#include <string.h>
#include "roms.h"
#include "atom.h"
#include "atommc.h"

void set_rr_ptrs();

uint8_t *utility_ptr;
uint8_t *abasic_ptr;
uint8_t *afloat_ptr;
uint8_t *dosrom_ptr;
uint8_t *akernel_ptr;

extern void SetTxt(int, int, int); // 6522 via
extern void load_rom(String, uint8_t *);
// extern 	Color **backBuffer;
extern uint8_t fontdata[];
extern void drawl(int, int, int, int);

#define TIMER1INT 0x40
#define TIMER2INT 0x20
#define PORTBINT 0x18
#define PORTAINT 0x03

#define ORB 0x00
#define ORA 0x01
#define DDRB 0x02
#define DDRA 0x03
#define T1CL 0x04
#define T1CH 0x05
#define T1LL 0x06
#define T1LH 0x07
#define T2CL 0x08
#define T2CH 0x09
#define SR 0x0a
#define ACR 0x0b
#define PCR 0x0c
#define IFR 0x0d
#define IER 0x0e
#define ORAnh 0x0f

int vid_top = 0x9c00;
int main_ramflag = 3; // 25K by default (when RAMROM *DISABLED!*).

int fullscreen = 0;
int winsizex = 512, winsizey = 384;

extern byte key[128];
int keylookup[128];
extern int debugdisaddr;
extern void debugdisassemble();
extern unsigned int shift, ctrl, alt;
extern void dotFast(int, int, int);
extern void InitMMC(void);

// uint8_t* ram;
int cy = 0,
    sy = 0;
int textcol[4] = {0, 1, 0, 8};
int semigrcol[8] = {1, 2, 3, 4, 5, 6, 7, 8};
int grcol[4] = {0, 1, 0, 5};
// int tapeon;
int frmcount = 0;
int fskipcount = 0;

int gfxmode;
int vbl;
int css;
int speaker;
uint8_t lastdat;
int cswena;
int cswpoint;

VIA via;

int interrupt;
uint16_t pc;
uint8_t a, x, y, s;

char scrshotname[260];
int savescrshot = 0;

uint8_t fetcheddat[32];

// C:\Users\LEENDERTBIJNAGTE\Dropbox\My PC (LAPTOP-N7P93PU7)\Documents\PlatformIO\Projects\200531keffe\data\abankrom (5/31/2021 4:45:53 PM)    StartOffset(h): 00000000, EndOffset(h): 0000FFFF, Length(h): 00010000

unsigned char barawData[65536] = {
    0x40, 0xBF, 0xA2, 0xFF, 0xA4, 0x5E, 0x88, 0xE8, 0xC8, 0xBD, 0x99, 0xA0,
    0x30, 0x14, 0xD1, 0x05, 0xF0, 0xF5, 0xE8, 0xBD, 0x98, 0xA0, 0x10, 0xFA,
    0xB1, 0x05, 0xC9, 0x2E, 0xD0, 0xE6, 0xC8, 0xCA, 0xB0, 0xE7, 0x84, 0x03,
    0x85, 0x53, 0xBD, 0x9A, 0xA0, 0x85, 0x52, 0xA2, 0x00, 0x86, 0x04, 0x20,
    0x39, 0xA0, 0xA2, 0x00, 0x86, 0x04, 0x4C, 0x58, 0xC5, 0x6C, 0x52, 0x00,
    0xA2, 0x08, 0xD8, 0xA0, 0x00, 0x20, 0x76, 0xF8, 0x88, 0xC8, 0xE8, 0xBD,
    0x99, 0xA0, 0x30, 0x18, 0xD9, 0x00, 0x01, 0xF0, 0xF4, 0xCA, 0xE8, 0xBD,
    0x99, 0xA0, 0x10, 0xFA, 0xE8, 0xB9, 0x00, 0x01, 0xC9, 0x2E, 0xD0, 0xDF,
    0xC8, 0xCA, 0xB0, 0xE3, 0x84, 0x9A, 0xA4, 0x03, 0x84, 0xD5, 0xA4, 0x05,
    0x84, 0xD6, 0xA4, 0x06, 0x84, 0xD7, 0xA0, 0x00, 0x84, 0x05, 0xA0, 0x01,
    0x84, 0x06, 0xA4, 0x9A, 0x84, 0x03, 0x85, 0x53, 0xBD, 0x9A, 0xA0, 0x85,
    0x52, 0x20, 0x39, 0xA0, 0xA4, 0xD6, 0x84, 0x05, 0xA4, 0xD7, 0x84, 0x06,
    0xA4, 0xD5, 0x84, 0x03, 0xA9, 0x0D, 0x91, 0x05, 0x60, 0x53, 0x44, 0x44,
    0x4F, 0x53, 0xA7, 0x37, 0xC5, 0x46, 0x43, 0x41, 0x54, 0xA1, 0x3F, 0x44,
    0x45, 0x4C, 0x45, 0x54, 0x45, 0xA2, 0x5C, 0x44, 0x49, 0x52, 0xA2, 0x7F,
    0x44, 0x52, 0x49, 0x56, 0x45, 0xA2, 0x85, 0x46, 0x4F, 0x52, 0x4D, 0x41,
    0x54, 0xA2, 0xB7, 0x49, 0x4E, 0x46, 0x4F, 0xA2, 0x9A, 0x49, 0x4E, 0x46,
    0x41, 0x4C, 0x4C, 0xA2, 0xA0, 0x4C, 0x4F, 0x41, 0x44, 0xA3, 0x0D, 0x4C,
    0x4F, 0x43, 0x4B, 0xA3, 0x81, 0x4D, 0x4F, 0x4E, 0xA3, 0x85, 0x4E, 0x4F,
    0x4D, 0x4F, 0x4E, 0xA3, 0x8F, 0x52, 0x55, 0x4E, 0xA3, 0x94, 0x53, 0x41,
    0x56, 0x45, 0xA3, 0x9F, 0x53, 0x45, 0x54, 0xA4, 0xF0, 0x54, 0x49, 0x54,
    0x4C, 0x45, 0xA4, 0xFE, 0x55, 0x4E, 0x4C, 0x4F, 0x43, 0x4B, 0xA5, 0x5F,
    0x55, 0x53, 0x45, 0xA5, 0x7E, 0x43, 0x4F, 0x53, 0xA7, 0x68, 0x44, 0x4F,
    0x53, 0xA7, 0x83, 0x44, 0x49, 0x4E, 0xA7, 0x89, 0x44, 0x4F, 0x55, 0x54,
    0xA7, 0xA0, 0x44, 0x43, 0x41, 0x54, 0xA7, 0xB1, 0x44, 0x44, 0x49, 0x53,
    0x4B, 0x53, 0xA8, 0x2A, 0x44, 0x48, 0x45, 0x4C, 0x50, 0xA8, 0x7F, 0x44,
    0x56, 0x45, 0x52, 0xA8, 0xF2, 0xA5, 0x8E, 0x20, 0x7F, 0xA2, 0xA2, 0x00,
    0x86, 0xB6, 0xBD, 0x00, 0x20, 0xE0, 0x08, 0x90, 0x03, 0xBD, 0xF8, 0x20,
    0x20, 0xF4, 0xFF, 0xE8, 0xE0, 0x0D, 0xD0, 0xEE, 0x20, 0xD1, 0xF7, 0x20,
    0x44, 0x52, 0x49, 0x56, 0x45, 0x20, 0xEA, 0xA5, 0xEE, 0x20, 0x0B, 0xF8,
    0x20, 0xD1, 0xF7, 0x20, 0x51, 0x55, 0x41, 0x4C, 0x20, 0xEA, 0xA5, 0xAC,
    0x20, 0xF4, 0xFF, 0xA0, 0x00, 0x20, 0x92, 0xA1, 0x90, 0x4A, 0x20, 0xFC,
    0xA9, 0xB9, 0x08, 0x20, 0x29, 0x7F, 0x99, 0x08, 0x20, 0x98, 0xD0, 0xF2,
    0x4C, 0xED, 0xFF, 0x20, 0xF3, 0xA9, 0xCC, 0x05, 0x21, 0xB0, 0x05, 0xB9,
    0x08, 0x20, 0x30, 0xF3, 0x60, 0xA4, 0xB8, 0xF0, 0x05, 0x20, 0xED, 0xFF,
    0xA0, 0xFF, 0xC8, 0x84, 0xB8, 0x20, 0xEA, 0xA9, 0xA9, 0x23, 0xA4, 0xB7,
    0xBE, 0x0F, 0x20, 0x30, 0x02, 0xA9, 0x20, 0x20, 0xF4, 0xFF, 0xA2, 0x00,
    0xB5, 0xAE, 0x20, 0xF4, 0xFF, 0xE8, 0xE0, 0x07, 0xD0, 0xF6, 0xF0, 0xAF,
    0x84, 0xB7, 0xA2, 0x00, 0xB9, 0x08, 0x20, 0x29, 0x7F, 0x95, 0xAE, 0xC8,
    0xE8, 0xE0, 0x08, 0xD0, 0xF3, 0x20, 0x92, 0xA1, 0xB0, 0x1D, 0xA2, 0x06,
    0x38, 0xB9, 0x0E, 0x20, 0xF5, 0xAE, 0x88, 0xCA, 0x10, 0xF7, 0x20, 0xF4,
    0xA9, 0xB9, 0x0F, 0x20, 0x29, 0x7F, 0xE5, 0xB5, 0x90, 0xD2, 0x20, 0xF3,
    0xA9, 0xB0, 0xDE, 0xA4, 0xB7, 0xB9, 0x08, 0x20, 0x09, 0x80, 0x99, 0x08,
    0x20, 0xA5, 0xB5, 0xC5, 0xB6, 0xF0, 0x92, 0x85, 0xB6, 0x20, 0xED, 0xFF,
    0xA5, 0xB5, 0x20, 0xF4, 0xFF, 0xA9, 0x3A, 0x20, 0xF4, 0xFF, 0xA0, 0x04,
    0x20, 0xEC, 0xA9, 0x84, 0xB8, 0xF0, 0x89, 0xB9, 0x0E, 0x21, 0x20, 0x06,
    0xAA, 0x85, 0xA2, 0x18, 0xA9, 0xFF, 0x79, 0x0C, 0x21, 0xB9, 0x0F, 0x21,
    0x79, 0x0D, 0x21, 0x85, 0xA3, 0xB9, 0x0E, 0x21, 0x29, 0x0F, 0x65, 0xA2,
    0x85, 0xA2, 0x38, 0xB9, 0x07, 0x21, 0xE5, 0xA3, 0x48, 0xB9, 0x06, 0x21,
    0x29, 0x0F, 0xE5, 0xA2, 0xAA, 0xA9, 0x00, 0xC5, 0xA0, 0x68, 0xE5, 0xA1,
    0x8A, 0xE9, 0x00, 0x60, 0x20, 0xCB, 0xA9, 0xB9, 0x0F, 0x20, 0x30, 0x11,
    0x20, 0xD1, 0xA5, 0x20, 0x63, 0xA6, 0xA4, 0x9A, 0x20, 0x16, 0xA7, 0x20,
    0x89, 0xA9, 0x4C, 0x51, 0xA3, 0x20, 0xD1, 0xF7, 0x50, 0x52, 0x4F, 0x54,
    0x3F, 0xEA, 0x00, 0x20, 0x85, 0xA2, 0x4C, 0x6C, 0xA9, 0x20, 0x76, 0xF8,
    0xC9, 0x0D, 0xF0, 0x0D, 0x20, 0xA3, 0xA9, 0x45, 0xEE, 0xC9, 0x80, 0xF0,
    0x04, 0x45, 0xEE, 0x85, 0xEE, 0x60, 0x20, 0xCB, 0xA9, 0x4C, 0x67, 0xA6,
    0x20, 0x6C, 0xA9, 0xA0, 0x00, 0x84, 0x9A, 0x20, 0x67, 0xA6, 0xA4, 0x9A,
    0x20, 0xF3, 0xA9, 0x84, 0x9A, 0xCC, 0x05, 0x21, 0xD0, 0xF1, 0x60, 0x20,
    0xA3, 0xA9, 0x20, 0xD7, 0xA9, 0x20, 0x66, 0xA9, 0x20, 0xD7, 0xA5, 0x20,
    0xD1, 0xF7, 0x46, 0x4F, 0x52, 0x4D, 0x41, 0x54, 0x20, 0x44, 0x52, 0x49,
    0x56, 0x45, 0x3A, 0xEA, 0xA5, 0x80, 0x20, 0x02, 0xF8, 0x20, 0xDC, 0xA9,
    0x48, 0x20, 0xF4, 0xFF, 0x68, 0xC9, 0x59, 0xF0, 0x03, 0x4C, 0xED, 0xFF,
    0x20, 0xED, 0xFF, 0xA9, 0x20, 0xA2, 0x00, 0x9D, 0x00, 0x20, 0x9D, 0x00,
    0x21, 0xE8, 0xD0, 0xF7, 0xA9, 0x00, 0x8D, 0x05, 0x21, 0xA9, 0x01, 0x8D,
    0x06, 0x21, 0xA9, 0x90, 0x8D, 0x07, 0x21, 0x20, 0x89, 0xA9, 0x4C, 0x4C,
    0xA9, 0x20, 0xCC, 0xA6, 0xA2, 0x9C, 0x20, 0x93, 0xF8, 0xF0, 0x04, 0xA9,
    0xFF, 0x85, 0x9E, 0xA2, 0x9A, 0x18, 0x6C, 0x0C, 0x02, 0x20, 0xCE, 0xA9,
    0xA2, 0x00, 0xA5, 0x9E, 0x10, 0x04, 0xA2, 0x02, 0xC8, 0xC8, 0xB9, 0x08,
    0x21, 0x95, 0x9C, 0xC8, 0xE8, 0xE0, 0x08, 0xD0, 0xF5, 0xA5, 0x9C, 0x85,
    0x89, 0xA5, 0x9D, 0x85, 0x8A, 0xA5, 0xA0, 0x85, 0x8B, 0xA5, 0xA1, 0x85,
    0x8C, 0x20, 0x56, 0xA3, 0xA4, 0x9A, 0x20, 0x63, 0xA6, 0xA5, 0xAD, 0x85,
    0xAC, 0x60, 0xA5, 0xA3, 0x85, 0x84, 0xA5, 0xA2, 0x85, 0x85, 0xA9, 0x00,
    0x85, 0x86, 0xA9, 0x00, 0x85, 0x87, 0xA5, 0x8C, 0xF0, 0x0F, 0x20, 0x11,
    0xAA, 0xE6, 0x84, 0xD0, 0x02, 0xE6, 0x85, 0xE6, 0x8A, 0xC6, 0x8C, 0xD0,
    0xED, 0xA6, 0x8B, 0xF0, 0x03, 0x20, 0x1F, 0xAA, 0x60, 0x38, 0x4C, 0x60,
    0xA5, 0xA2, 0x00, 0x20, 0xD7, 0xA9, 0x86, 0xEF, 0x4C, 0x51, 0xA3, 0xA2,
    0xFF, 0x4C, 0x87, 0xA3, 0x20, 0x0D, 0xA3, 0xA4, 0x03, 0x20, 0xBF, 0xA5,
    0x6C, 0x9E, 0x00, 0x20, 0xCC, 0xA6, 0xA2, 0x9C, 0x20, 0x65, 0xFA, 0xA2,
    0xA2, 0x20, 0x65, 0xFA, 0xA2, 0x9E, 0x20, 0x93, 0xF8, 0x08, 0xA5, 0x9C,
    0xA6, 0x9D, 0x28, 0xD0, 0x04, 0x85, 0x9E, 0x86, 0x9F, 0x85, 0xA0, 0x86,
    0xA1, 0x84, 0x03, 0x20, 0x76, 0xFA, 0xA2, 0x9A, 0x18, 0x6C, 0x0E, 0x02,
    0x20, 0xFA, 0xA5, 0x20, 0x6C, 0xA9, 0x20, 0xD1, 0xA5, 0x20, 0x34, 0xA6,
    0x90, 0x03, 0x20, 0x16, 0xA7, 0xA5, 0xA0, 0x48, 0xA5, 0xA1, 0x48, 0x38,
    0xA5, 0xA2, 0xE5, 0xA0, 0x85, 0xA0, 0xA5, 0xA3, 0xE5, 0xA1, 0x85, 0xA1,
    0xA9, 0x00, 0x85, 0xA2, 0xA9, 0x02, 0x85, 0xA3, 0xAC, 0x05, 0x21, 0xF0,
    0x4E, 0xC0, 0xF8, 0x90, 0x13, 0x20, 0xD1, 0xF7, 0x46, 0x55, 0x4C, 0x4C,
    0xEA, 0x00, 0x20, 0xD1, 0xF7, 0x50, 0x52, 0x4F, 0x54, 0x3F, 0xEA, 0x00,
    0x20, 0xAB, 0xA4, 0x4C, 0x20, 0xA4, 0x20, 0xFC, 0xA9, 0x20, 0x8C, 0xA4,
    0x98, 0xF0, 0x02, 0x90, 0xF5, 0xB0, 0x0C, 0x20, 0xD1, 0xF7, 0x4E, 0x4F,
    0x20, 0x52, 0x4F, 0x4F, 0x4D, 0xEA, 0x00, 0x84, 0xEA, 0xAC, 0x05, 0x21,
    0xC4, 0xEA, 0xF0, 0x0F, 0xB9, 0x07, 0x20, 0x99, 0x0F, 0x20, 0xB9, 0x07,
    0x21, 0x99, 0x0F, 0x21, 0x88, 0xB0, 0xED, 0xA2, 0x00, 0xB5, 0xA5, 0x99,
    0x08, 0x20, 0xC8, 0xE8, 0xE0, 0x08, 0xD0, 0xF5, 0xB5, 0x9B, 0x88, 0x99,
    0x08, 0x21, 0xCA, 0xD0, 0xF7, 0x20, 0x63, 0xA6, 0x68, 0x85, 0x9D, 0x68,
    0x85, 0x9C, 0xAC, 0x05, 0x21, 0x20, 0xF3, 0xA9, 0x8C, 0x05, 0x21, 0x20,
    0x89, 0xA9, 0xA5, 0x9C, 0x85, 0x89, 0xA5, 0x9D, 0x85, 0x8A, 0xA5, 0xA0,
    0x85, 0x8B, 0xA5, 0xA1, 0x85, 0x8C, 0x20, 0xC5, 0xA4, 0x4C, 0x51, 0xA3,
    0xB9, 0x0E, 0x21, 0x20, 0x06, 0xAA, 0x85, 0xA2, 0x18, 0xA9, 0xFF, 0x79,
    0x0C, 0x21, 0xB9, 0x0F, 0x21, 0x79, 0x0D, 0x21, 0x85, 0xA3, 0xB9, 0x0E,
    0x21, 0x29, 0x0F, 0x65, 0xA2, 0x85, 0xA2, 0x38, 0xB9, 0x07, 0x21, 0xE5,
    0xA3, 0x48, 0xB9, 0x06, 0x21, 0x29, 0x0F, 0xE5, 0xA2, 0xAA, 0xA9, 0x00,
    0xC5, 0xA0, 0x68, 0xE5, 0xA1, 0x8A, 0xE9, 0x00, 0x60, 0xA5, 0xA3, 0x85,
    0x84, 0xA5, 0xA2, 0x85, 0x85, 0xA9, 0x00, 0x85, 0x86, 0xA9, 0x00, 0x85,
    0x87, 0xA5, 0x8C, 0xF0, 0x0F, 0x20, 0x7B, 0xAA, 0xE6, 0x84, 0xD0, 0x02,
    0xE6, 0x85, 0xE6, 0x8A, 0xC6, 0x8C, 0xD0, 0xED, 0xA6, 0x8B, 0xF0, 0x03,
    0x20, 0x7B, 0xAA, 0x60, 0xA4, 0x03, 0xC8, 0x20, 0x76, 0xFA, 0xB9, 0xFF,
    0x00, 0x85, 0xAC, 0x85, 0xAD, 0x60, 0x20, 0xCC, 0xA6, 0x20, 0x6C, 0xA9,
    0xA2, 0xFF, 0xE8, 0xBD, 0x40, 0x01, 0xC9, 0x0D, 0xD0, 0xF8, 0xE0, 0x0E,
    0xB0, 0x03, 0x4C, 0x1F, 0xA5, 0x20, 0xD1, 0xF7, 0x4E, 0x41, 0x4D, 0x45,
    0x3F, 0xEA, 0x00, 0x20, 0x66, 0xA9, 0x20, 0xD1, 0xA5, 0xA0, 0x00, 0xB9,
    0x40, 0x01, 0xC9, 0x0D, 0xF0, 0x11, 0xC0, 0x08, 0xB0, 0x06, 0x99, 0x00,
    0x20, 0x4C, 0x3B, 0xA5, 0x99, 0xF8, 0x20, 0xC8, 0x4C, 0x27, 0xA5, 0xC0,
    0x0D, 0xF0, 0x13, 0xA9, 0x20, 0xC0, 0x08, 0xB0, 0x06, 0x99, 0x00, 0x20,
    0x4C, 0x52, 0xA5, 0x99, 0xF8, 0x20, 0xC8, 0x4C, 0x3F, 0xA5, 0x20, 0x6B,
    0xA9, 0x20, 0x89, 0xA9, 0x4C, 0x4C, 0xA9, 0x18, 0x08, 0x20, 0xCC, 0xA6,
    0x20, 0xFA, 0xA5, 0x20, 0x25, 0xA6, 0x20, 0xD1, 0xA5, 0xA5, 0xAC, 0x2A,
    0x28, 0x6A, 0x99, 0x0F, 0x20, 0x20, 0x63, 0xA6, 0x20, 0x89, 0xA9, 0x4C,
    0x51, 0xA3, 0xA5, 0xAC, 0x85, 0xAD, 0xA4, 0x03, 0xC8, 0x20, 0x76, 0xFA,
    0xB9, 0xFF, 0x00, 0x85, 0xAC, 0x60, 0x20, 0xCC, 0xA6, 0x20, 0xFA, 0xA5,
    0x20, 0xBF, 0xA5, 0x20, 0x34, 0xA6, 0xB0, 0x03, 0x4C, 0x26, 0xF9, 0xA5,
    0xEE, 0x85, 0xC7, 0xA5, 0xAC, 0x85, 0xC8, 0xA9, 0x20, 0x85, 0xAC, 0xA9,
    0x00, 0x85, 0xEE, 0x85, 0x9E, 0x20, 0x1B, 0xA3, 0xA5, 0xC7, 0x85, 0xEE,
    0xA5, 0xC8, 0x85, 0xAC, 0x6C, 0x9E, 0x00, 0x20, 0x76, 0xF8, 0xA2, 0x00,
    0xB9, 0x00, 0x01, 0x9D, 0x00, 0x01, 0xE8, 0xC8, 0xC9, 0x0D, 0xD0, 0xF4,
    0x60, 0x20, 0x66, 0xA9, 0x4C, 0xE7, 0xA5, 0xC9, 0xFF, 0xD0, 0x0C, 0x20,
    0xD1, 0xF7, 0x4E, 0x4F, 0x20, 0x44, 0x49, 0x53, 0x4B, 0xEA, 0x00, 0x29,
    0x01, 0xF0, 0x0E, 0x20, 0xD1, 0xF7, 0x44, 0x49, 0x53, 0x4B, 0x20, 0x50,
    0x52, 0x4F, 0x54, 0xEA, 0x00, 0x60, 0xA0, 0x00, 0xB5, 0x00, 0x99, 0x9A,
    0x00, 0xE8, 0xC8, 0xC0, 0x0A, 0x90, 0xF5, 0xA9, 0x20, 0xA0, 0x06, 0x99,
    0xA5, 0x00, 0x88, 0x10, 0xFA, 0xC8, 0xB1, 0x9A, 0xC9, 0x0D, 0xF0, 0x09,
    0xC0, 0x07, 0xB0, 0x06, 0x99, 0xA5, 0x00, 0xD0, 0xF0, 0x60, 0x4C, 0x15,
    0xA5, 0x20, 0x34, 0xA6, 0xB0, 0xF7, 0x20, 0xD1, 0xF7, 0x46, 0x49, 0x4C,
    0x45, 0x3F, 0xEA, 0x00, 0x20, 0x6C, 0xA9, 0xA0, 0xF8, 0x20, 0xF3, 0xA9,
    0xCC, 0x05, 0x21, 0xB0, 0x20, 0xB9, 0x0F, 0x20, 0x29, 0x7F, 0xC5, 0xAC,
    0xD0, 0xEF, 0x20, 0xF4, 0xA9, 0xA2, 0x06, 0xB9, 0x07, 0x20, 0xD5, 0xA5,
    0xD0, 0x05, 0x88, 0xCA, 0x10, 0xF5, 0x60, 0x88, 0xCA, 0x10, 0xFC, 0x30,
    0xD8, 0x18, 0x60, 0xA5, 0xEF, 0xD0, 0x64, 0xB9, 0x0F, 0x20, 0x29, 0x7F,
    0x20, 0xF4, 0xFF, 0x20, 0xFD, 0xF7, 0xBE, 0x0F, 0x20, 0x10, 0x02, 0xA9,
    0x23, 0x20, 0xF4, 0xFF, 0xA2, 0x07, 0xB9, 0x08, 0x20, 0x20, 0xF4, 0xFF,
    0xC8, 0xCA, 0xD0, 0xF6, 0x20, 0xFD, 0xF7, 0xB9, 0x02, 0x21, 0x20, 0x02,
    0xF8, 0xB9, 0x01, 0x21, 0x20, 0x02, 0xF8, 0xC8, 0xE8, 0xC8, 0xE0, 0x02,
    0x90, 0xEA, 0x20, 0xFD, 0xF7, 0x20, 0xFD, 0xF7, 0xB9, 0x03, 0x21, 0x20,
    0x06, 0xAA, 0x20, 0x0B, 0xF8, 0xB9, 0x02, 0x21, 0x20, 0x02, 0xF8, 0xB9,
    0x01, 0x21, 0x20, 0x02, 0xF8, 0x20, 0xFD, 0xF7, 0xB9, 0x03, 0x21, 0x20,
    0x0B, 0xF8, 0xB9, 0x04, 0x21, 0x20, 0x02, 0xF8, 0x20, 0xED, 0xFF, 0x60,
    0xA2, 0x00, 0xA4, 0x9A, 0x20, 0x76, 0xF8, 0xC9, 0x22, 0xF0, 0x20, 0xC9,
    0x0D, 0xF0, 0x0C, 0x9D, 0x40, 0x01, 0xE8, 0xC8, 0xB9, 0x00, 0x01, 0xC9,
    0x20, 0xD0, 0xF0, 0xA9, 0x0D, 0x9D, 0x40, 0x01, 0xA9, 0x40, 0x85, 0x9A,
    0xA9, 0x01, 0x85, 0x9B, 0xA2, 0x9A, 0x60, 0xC8, 0xB9, 0x00, 0x01, 0xC9,
    0x0D, 0xF0, 0x14, 0x9D, 0x40, 0x01, 0xE8, 0xC9, 0x22, 0xD0, 0xF0, 0xCA,
    0xC8, 0xB9, 0x00, 0x01, 0xC9, 0x22, 0xD0, 0xD7, 0xE8, 0xB0, 0xE4, 0x4C,
    0x15, 0xA5, 0xB9, 0x0F, 0x20, 0x30, 0x19, 0xB9, 0x10, 0x20, 0x99, 0x08,
    0x20, 0xB9, 0x10, 0x21, 0x99, 0x08, 0x21, 0xC8, 0xCC, 0x05, 0x21, 0x90,
    0xEE, 0x98, 0xE9, 0x08, 0x8D, 0x05, 0x21, 0x60, 0x4C, 0x75, 0xA2, 0x20,
    0x0B, 0xAA, 0xA9, 0x3C, 0x8D, 0x06, 0x02, 0xA9, 0xA0, 0x8D, 0x07, 0x02,
    0xA2, 0x03, 0xBD, 0x64, 0xA7, 0x9D, 0x0C, 0x02, 0xCA, 0x10, 0xF7, 0xA9,
    0x20, 0x85, 0xAC, 0x85, 0xAD, 0x49, 0x20, 0x85, 0xEE, 0x85, 0xC0, 0x85,
    0xB9, 0x85, 0xBA, 0xA0, 0xFF, 0x84, 0xEF, 0x60, 0x21, 0xA3, 0xCC, 0xA3,
    0x20, 0xD7, 0xA9, 0xA2, 0x0F, 0xBD, 0xA2, 0xFF, 0x9D, 0x0C, 0x02, 0xCA,
    0x10, 0xF7, 0xAD, 0x9C, 0xFF, 0x8D, 0x06, 0x02, 0xAD, 0x9D, 0xFF, 0x8D,
    0x07, 0x02, 0x60, 0x20, 0xD7, 0xA9, 0x4C, 0x00, 0xE0, 0x20, 0xA3, 0xA9,
    0xA4, 0x03, 0x84, 0x9A, 0x20, 0xCC, 0xA6, 0x84, 0x03, 0x20, 0xD7, 0xA9,
    0xA5, 0x80, 0x20, 0xF2, 0xAA, 0x4C, 0x4C, 0xA9, 0x20, 0xA3, 0xA9, 0x20,
    0xD7, 0xA9, 0xA5, 0x80, 0x4C, 0x1A, 0xAB, 0x2A, 0x2E, 0x44, 0x53, 0x4B,
    0x00, 0x20, 0xCC, 0xA6, 0x20, 0x99, 0xAB, 0xA2, 0x00, 0xBD, 0x40, 0x01,
    0xE8, 0xC9, 0x0D, 0xF0, 0x0A, 0x8D, 0x03, 0xB4, 0xEA, 0xEA, 0xEA, 0xEA,
    0x4C, 0xB9, 0xA7, 0xA2, 0xFF, 0xE8, 0xBD, 0xAB, 0xA7, 0x8D, 0x03, 0xB4,
    0xEA, 0xEA, 0xEA, 0xEA, 0xC9, 0x00, 0xD0, 0xF1, 0xA9, 0x00, 0x20, 0xE7,
    0xAB, 0xA9, 0x01, 0x20, 0xE7, 0xAB, 0xC9, 0x40, 0xD0, 0x01, 0x60, 0x20,
    0x1B, 0xA8, 0xAD, 0x02, 0xB4, 0x29, 0x02, 0xD0, 0x11, 0xA0, 0x00, 0xAD,
    0x40, 0x01, 0x20, 0xF4, 0xFF, 0xC8, 0xB9, 0x40, 0x01, 0xD0, 0xF7, 0x20,
    0xED, 0xFF, 0x2C, 0x02, 0xB0, 0x50, 0xFB, 0xAD, 0x01, 0xB0, 0x2A, 0x90,
    0xF5, 0x2A, 0x90, 0xF2, 0x2A, 0xB0, 0xCA, 0x4C, 0xED, 0xFF, 0x60, 0x20,
    0x8C, 0xAB, 0xA0, 0xFF, 0xC8, 0xAD, 0x02, 0xB4, 0x99, 0x40, 0x01, 0xD0,
    0xF7, 0x60, 0x20, 0xD7, 0xA9, 0xA9, 0x42, 0x20, 0xE7, 0xAB, 0xA9, 0x20,
    0x8D, 0x00, 0xB4, 0xEA, 0xEA, 0xEA, 0xEA, 0x20, 0xA2, 0xAB, 0xAD, 0x00,
    0xB4, 0x48, 0xA2, 0x00, 0x86, 0x80, 0x20, 0xED, 0xFF, 0xA5, 0x80, 0x20,
    0x0B, 0xF8, 0xA9, 0x3A, 0x20, 0xF4, 0xFF, 0xA5, 0x80, 0xC9, 0x00, 0xD0,
    0x04, 0x68, 0x4C, 0x60, 0xA8, 0xAD, 0x02, 0xB4, 0xF0, 0x0F, 0x20, 0xF4,
    0xFF, 0x4C, 0x5D, 0xA8, 0x20, 0xD1, 0xF7, 0x20, 0x20, 0x20, 0x20, 0x2D,
    0xEA, 0x20, 0xED, 0xFF, 0xE6, 0x80, 0xA5, 0x80, 0xC9, 0x04, 0xD0, 0xCD,
    0x4C, 0xED, 0xFF, 0x20, 0xD7, 0xA9, 0x20, 0xED, 0xFF, 0x20, 0xD1, 0xF7,
    0x53, 0x44, 0x44, 0x4F, 0x53, 0x20, 0x56, 0x33, 0x2E, 0x32, 0x35, 0x20,
    0x5B, 0x54, 0x55, 0x52, 0x42, 0x4F, 0x5D, 0x20, 0x20, 0x28, 0x43, 0x29,
    0x4B, 0x43, 0x20, 0x32, 0x30, 0x31, 0x31, 0xEA, 0x20, 0xED, 0xFF, 0x20,
    0xED, 0xFF, 0xA0, 0x00, 0xA2, 0x0F, 0xB9, 0xA2, 0xA0, 0x30, 0x08, 0x20,
    0xF4, 0xFF, 0xC8, 0xCA, 0x4C, 0xB2, 0xA8, 0xE0, 0x04, 0xF0, 0x08, 0xA9,
    0x20, 0x20, 0xF4, 0xFF, 0xCA, 0xD0, 0xF4, 0xB9, 0xA2, 0xA0, 0x20, 0x02,
    0xF8, 0xB9, 0xA3, 0xA0, 0x20, 0x02, 0xF8, 0xA9, 0x20, 0x20, 0xF4, 0xFF,
    0xC8, 0xC8, 0xB9, 0xA2, 0xA0, 0xC9, 0xA5, 0xD0, 0x07, 0xB9, 0xA3, 0xA0,
    0xC9, 0x8E, 0xF0, 0x03, 0x4C, 0xB0, 0xA8, 0x4C, 0xED, 0xFF, 0x20, 0xD7,
    0xA9, 0x20, 0xED, 0xFF, 0x20, 0xD1, 0xF7, 0x43, 0x41, 0x52, 0x44, 0x54,
    0x59, 0x50, 0x45, 0x20, 0x20, 0x3A, 0x20, 0xEA, 0xA9, 0x80, 0x20, 0x85,
    0xAB, 0x20, 0x02, 0xF8, 0x20, 0xED, 0xFF, 0x20, 0xD1, 0xF7, 0x46, 0x49,
    0x52, 0x4D, 0x57, 0x41, 0x52, 0x45, 0x20, 0x20, 0x3A, 0x20, 0xEA, 0xA9,
    0xE0, 0x20, 0x85, 0xAB, 0x20, 0x02, 0xF8, 0x20, 0xED, 0xFF, 0x20, 0xD1,
    0xF7, 0x42, 0x4F, 0x4F, 0x54, 0x4C, 0x4F, 0x41, 0x44, 0x45, 0x52, 0x3A,
    0x20, 0xEA, 0xA9, 0xE1, 0x20, 0x85, 0xAB, 0x20, 0x02, 0xF8, 0x20, 0xED,
    0xFF, 0x4C, 0xED, 0xFF, 0xA5, 0xEE, 0x29, 0x03, 0x85, 0xEE, 0x60, 0xA9,
    0x00, 0x85, 0x84, 0x85, 0x85, 0x85, 0x86, 0x85, 0x87, 0xA9, 0x00, 0x85,
    0x89, 0xA9, 0x20, 0x85, 0x8A, 0x60, 0xA5, 0xEE, 0x4C, 0x29, 0xAB, 0x60,
    0xA5, 0xEE, 0x29, 0x80, 0xF0, 0x03, 0x4C, 0x88, 0xA9, 0x20, 0x66, 0xA9,
    0x20, 0xD7, 0xA5, 0x20, 0x53, 0xA9, 0x20, 0x11, 0xAA, 0xE6, 0x84, 0xE6,
    0x8A, 0x20, 0x11, 0xAA, 0x60, 0x20, 0x66, 0xA9, 0x20, 0xD7, 0xA5, 0x20,
    0x53, 0xA9, 0x20, 0x7B, 0xAA, 0xE6, 0x84, 0xE6, 0x8A, 0x20, 0x7B, 0xAA,
    0xA5, 0xEE, 0x09, 0x80, 0x85, 0xEE, 0x60, 0x20, 0xBA, 0xA9, 0x85, 0x80,
    0xC9, 0x04, 0xB0, 0x03, 0xA5, 0x80, 0x60, 0x20, 0xD1, 0xF7, 0x44, 0x52,
    0x49, 0x56, 0x45, 0x3F, 0xEA, 0x00, 0x20, 0xBC, 0xC8, 0x20, 0x31, 0xC2,
    0xA0, 0x00, 0x84, 0x04, 0xA5, 0x16, 0xA6, 0x25, 0xA4, 0x34, 0x60, 0x20,
    0xCC, 0xA6, 0x20, 0xFA, 0xA5, 0x20, 0x25, 0xA6, 0x84, 0x9A, 0x60, 0xA4,
    0x03, 0x4C, 0x76, 0xFA, 0x20, 0xD1, 0xF7, 0x20, 0x3A, 0x28, 0x59, 0x2F,
    0x4E, 0x29, 0xEA, 0x4C, 0x94, 0xFE, 0xA0, 0x06, 0x20, 0xFD, 0xF7, 0x88,
    0xD0, 0xFA, 0x60, 0xC8, 0xC8, 0xC8, 0xC8, 0xC8, 0xC8, 0xC8, 0xC8, 0x60,
    0x88, 0x88, 0x88, 0x88, 0x88, 0x88, 0x88, 0x88, 0x60, 0x4A, 0x4A, 0x4A,
    0x4A, 0x4A, 0x60, 0xA9, 0x46, 0x20, 0xE7, 0xAB, 0x60, 0x20, 0x30, 0xAA,
    0xA0, 0x00, 0xAD, 0x02, 0xB4, 0x91, 0x89, 0xC8, 0xD0, 0xF8, 0x60, 0x20,
    0x30, 0xAA, 0xA0, 0x00, 0xAD, 0x02, 0xB4, 0x91, 0x89, 0xCA, 0xF0, 0x03,
    0xC8, 0xD0, 0xF5, 0x60, 0x20, 0x99, 0xAB, 0xA5, 0xEE, 0x29, 0x03, 0x8D,
    0x03, 0xB4, 0xEA, 0xEA, 0xEA, 0xEA, 0xA5, 0x84, 0x8D, 0x03, 0xB4, 0xEA,
    0xEA, 0xEA, 0xEA, 0xA5, 0x85, 0x8D, 0x03, 0xB4, 0xEA, 0xEA, 0xEA, 0xEA,
    0xA5, 0x86, 0x8D, 0x03, 0xB4, 0xEA, 0xEA, 0xEA, 0xEA, 0xA5, 0x87, 0x8D,
    0x03, 0xB4, 0xEA, 0xEA, 0xEA, 0xEA, 0xEA, 0xA9, 0x40, 0x8D, 0x00, 0xB4,
    0xEA, 0xEA, 0xEA, 0xEA, 0x20, 0xA2, 0xAB, 0xAD, 0x00, 0xB4, 0xA9, 0x43,
    0x20, 0xE7, 0xAB, 0x20, 0x8C, 0xAB, 0x60, 0x20, 0xAC, 0xAA, 0xA0, 0x00,
    0xB1, 0x89, 0x8D, 0x03, 0xB4, 0xEA, 0xEA, 0xEA, 0xEA, 0xC8, 0xD0, 0xF4,
    0xA9, 0x44, 0x20, 0xE7, 0xAB, 0x60, 0x20, 0xAC, 0xAA, 0xA0, 0x00, 0xB1,
    0x89, 0xCA, 0xF0, 0x0A, 0x8D, 0x03, 0xB4, 0xEA, 0xEA, 0xEA, 0xEA, 0xC8,
    0xD0, 0xF1, 0xA9, 0x44, 0x20, 0xE7, 0xAB, 0x60, 0x20, 0x99, 0xAB, 0xA5,
    0xEE, 0x29, 0x03, 0x8D, 0x03, 0xB4, 0xEA, 0xEA, 0xEA, 0xEA, 0xA5, 0x84,
    0x8D, 0x03, 0xB4, 0xEA, 0xEA, 0xEA, 0xEA, 0xA5, 0x85, 0x8D, 0x03, 0xB4,
    0xEA, 0xEA, 0xEA, 0xEA, 0xA5, 0x86, 0x8D, 0x03, 0xB4, 0xEA, 0xEA, 0xEA,
    0xEA, 0xA5, 0x87, 0x8D, 0x03, 0xB4, 0xEA, 0xEA, 0xEA, 0xEA, 0xEA, 0xA9,
    0x40, 0x8D, 0x00, 0xB4, 0xEA, 0xEA, 0xEA, 0xEA, 0x20, 0xA2, 0xAB, 0xAD,
    0x00, 0xB4, 0x20, 0x99, 0xAB, 0x60, 0x48, 0x20, 0x99, 0xAB, 0x68, 0xA2,
    0x00, 0x8D, 0x03, 0xB4, 0xEA, 0xEA, 0xEA, 0xEA, 0xBD, 0x40, 0x01, 0xE8,
    0xC9, 0x0D, 0xD0, 0xF1, 0xA9, 0x00, 0x8D, 0x03, 0xB4, 0xEA, 0xEA, 0xEA,
    0xEA, 0x20, 0xA2, 0xAB, 0xA9, 0x12, 0x20, 0xE7, 0xAB, 0x60, 0x29, 0x03,
    0x8D, 0x01, 0xB4, 0xEA, 0xEA, 0xEA, 0xEA, 0xA9, 0x47, 0x20, 0xE7, 0xAB,
    0x60, 0x29, 0x03, 0x8D, 0x01, 0xB4, 0xEA, 0xEA, 0xEA, 0xEA, 0xA9, 0x41,
    0x8D, 0x00, 0xB4, 0xEA, 0xEA, 0xEA, 0xEA, 0x20, 0xA2, 0xAB, 0xAD, 0x00,
    0xB4, 0x60, 0xA9, 0x21, 0x8D, 0x00, 0xB4, 0xEA, 0xEA, 0xEA, 0xEA, 0x20,
    0xA2, 0xAB, 0xAD, 0x00, 0xB4, 0xA9, 0x00, 0x8D, 0x03, 0xB4, 0xEA, 0xEA,
    0xEA, 0xEA, 0xA9, 0x00, 0x20, 0xE7, 0xAB, 0xC9, 0x41, 0xB0, 0x01, 0x60,
    0x20, 0xD1, 0xF7, 0x46, 0x49, 0x4C, 0x54, 0x45, 0x52, 0x3F, 0xEA, 0x00,
    0xA9, 0x01, 0x20, 0xE7, 0xAB, 0xC9, 0x41, 0xB0, 0xEB, 0x60, 0x8D, 0x00,
    0xB4, 0xEA, 0xEA, 0xEA, 0xEA, 0xAD, 0x00, 0xB4, 0x60, 0x20, 0xE7, 0xAB,
    0xAD, 0x00, 0xB4, 0x60, 0xA9, 0x20, 0x8D, 0x00, 0xB4, 0xEA, 0xEA, 0xEA,
    0xEA, 0x20, 0xA2, 0xAB, 0x60, 0xA9, 0x21, 0x8D, 0x00, 0xB4, 0xEA, 0xEA,
    0xEA, 0xEA, 0xA9, 0x04, 0x38, 0xE9, 0x01, 0xD0, 0xFC, 0x60, 0x48, 0xC9,
    0x4A, 0xD0, 0x15, 0x20, 0xD1, 0xF7, 0x41, 0x4C, 0x52, 0x45, 0x41, 0x44,
    0x59, 0x20, 0x4D, 0x4F, 0x55, 0x4E, 0x54, 0x45, 0x44, 0xEA, 0x68, 0x00,
    0xC9, 0x49, 0xD0, 0x0D, 0x20, 0xD1, 0xF7, 0x4E, 0x4F, 0x20, 0x44, 0x49,
    0x53, 0x4B, 0xEA, 0x68, 0x00, 0x20, 0xD1, 0xF7, 0x53, 0x44, 0x20, 0x45,
    0x52, 0x52, 0x4F, 0x52, 0x20, 0xEA, 0x68, 0x20, 0x02, 0xF8, 0x00, 0x8D,
    0x00, 0xB4, 0xEA, 0xEA, 0xEA, 0xEA, 0xA9, 0x00, 0x38, 0xE9, 0x01, 0xD0,
    0xFC, 0xAD, 0x00, 0xB4, 0x30, 0xF4, 0xC9, 0x41, 0xB0, 0xAC, 0x60, 0xFF,
    0xFF, 0xFF, 0xFF, 0xFF, 0xFF, 0xFF, 0xFF, 0xFF, 0xFF, 0xFF, 0xFF, 0xFF,
    0xFF, 0xFF, 0xFF, 0xFF, 0xFF, 0xFF, 0xFF, 0xFF, 0xFF, 0xFF, 0xFF, 0xFF,
    0xFF, 0xFF, 0xFF, 0xFF, 0xFF, 0xFF, 0xFF, 0xFF, 0xFF, 0xFF, 0xFF, 0xFF,
    0xFF, 0xFF, 0xFF, 0xFF, 0xFF, 0xFF, 0xFF, 0xFF, 0xFF, 0xFF, 0xFF, 0xFF,
    0xFF, 0xFF, 0xFF, 0xFF, 0xFF, 0xFF, 0xFF, 0xFF, 0xFF, 0xFF, 0xFF, 0xFF,
    0xFF, 0xFF, 0xFF, 0xFF, 0xFF, 0xFF, 0xFF, 0xFF, 0xFF, 0xFF, 0xFF, 0xFF,
    0xFF, 0xFF, 0xFF, 0xFF, 0xFF, 0xFF, 0xFF, 0xFF, 0xFF, 0xFF, 0xFF, 0xFF,
    0xFF, 0xFF, 0xFF, 0xFF, 0xFF, 0xFF, 0xFF, 0xFF, 0xFF, 0xFF, 0xFF, 0xFF,
    0xFF, 0xFF, 0xFF, 0xFF, 0xFF, 0xFF, 0xFF, 0xFF, 0xFF, 0xFF, 0xFF, 0xFF,
    0xFF, 0xFF, 0xFF, 0xFF, 0xFF, 0xFF, 0xFF, 0xFF, 0xFF, 0xFF, 0xFF, 0xFF,
    0xFF, 0xFF, 0xFF, 0xFF, 0xFF, 0xFF, 0xFF, 0xFF, 0xFF, 0xFF, 0xFF, 0xFF,
    0xFF, 0xFF, 0xFF, 0xFF, 0xFF, 0xFF, 0xFF, 0xFF, 0xFF, 0xFF, 0xFF, 0xFF,
    0xFF, 0xFF, 0xFF, 0xFF, 0xFF, 0xFF, 0xFF, 0xFF, 0xFF, 0xFF, 0xFF, 0xFF,
    0xFF, 0xFF, 0xFF, 0xFF, 0xFF, 0xFF, 0xFF, 0xFF, 0xFF, 0xFF, 0xFF, 0xFF,
    0xFF, 0xFF, 0xFF, 0xFF, 0xFF, 0xFF, 0xFF, 0xFF, 0xFF, 0xFF, 0xFF, 0xFF,
    0xFF, 0xFF, 0xFF, 0xFF, 0xFF, 0xFF, 0xFF, 0xFF, 0xFF, 0xFF, 0xFF, 0xFF,
    0xFF, 0xFF, 0xFF, 0xFF, 0xFF, 0xFF, 0xFF, 0xFF, 0xFF, 0xFF, 0xFF, 0xFF,
    0xFF, 0xFF, 0xFF, 0xFF, 0xFF, 0xFF, 0xFF, 0xFF, 0xFF, 0xFF, 0xFF, 0xFF,
    0xFF, 0xFF, 0xFF, 0xFF, 0xFF, 0xFF, 0xFF, 0xFF, 0xFF, 0xFF, 0xFF, 0xFF,
    0xFF, 0xFF, 0xFF, 0xFF, 0xFF, 0xFF, 0xFF, 0xFF, 0xFF, 0xFF, 0xFF, 0xFF,
    0xFF, 0xFF, 0xFF, 0xFF, 0xFF, 0xFF, 0xFF, 0xFF, 0xFF, 0xFF, 0xFF, 0xFF,
    0xFF, 0xFF, 0xFF, 0xFF, 0xFF, 0xFF, 0xFF, 0xFF, 0xFF, 0xFF, 0xFF, 0xFF,
    0xFF, 0xFF, 0xFF, 0xFF, 0xFF, 0xFF, 0xFF, 0xFF, 0xFF, 0xFF, 0xFF, 0xFF,
    0xFF, 0xFF, 0xFF, 0xFF, 0xFF, 0xFF, 0xFF, 0xFF, 0xFF, 0xFF, 0xFF, 0xFF,
    0xFF, 0xFF, 0xFF, 0xFF, 0xFF, 0xFF, 0xFF, 0xFF, 0xFF, 0xFF, 0xFF, 0xFF,
    0xFF, 0xFF, 0xFF, 0xFF, 0xFF, 0xFF, 0xFF, 0xFF, 0xFF, 0xFF, 0xFF, 0xFF,
    0xFF, 0xFF, 0xFF, 0xFF, 0xFF, 0xFF, 0xFF, 0xFF, 0xFF, 0xFF, 0xFF, 0xFF,
    0xFF, 0xFF, 0xFF, 0xFF, 0xFF, 0xFF, 0xFF, 0xFF, 0xFF, 0xFF, 0xFF, 0xFF,
    0xFF, 0xFF, 0xFF, 0xFF, 0xFF, 0xFF, 0xFF, 0xFF, 0xFF, 0xFF, 0xFF, 0xFF,
    0xFF, 0xFF, 0xFF, 0xFF, 0xFF, 0xFF, 0xFF, 0xFF, 0xFF, 0xFF, 0xFF, 0xFF,
    0xFF, 0xFF, 0xFF, 0xFF, 0xFF, 0xFF, 0xFF, 0xFF, 0xFF, 0xFF, 0xFF, 0xFF,
    0xFF, 0xFF, 0xFF, 0xFF, 0xFF, 0xFF, 0xFF, 0xFF, 0xFF, 0xFF, 0xFF, 0xFF,
    0xFF, 0xFF, 0xFF, 0xFF, 0xFF, 0xFF, 0xFF, 0xFF, 0xFF, 0xFF, 0xFF, 0xFF,
    0xFF, 0xFF, 0xFF, 0xFF, 0xFF, 0xFF, 0xFF, 0xFF, 0xFF, 0xFF, 0xFF, 0xFF,
    0xFF, 0xFF, 0xFF, 0xFF, 0xFF, 0xFF, 0xFF, 0xFF, 0xFF, 0xFF, 0xFF, 0xFF,
    0xFF, 0xFF, 0xFF, 0xFF, 0xFF, 0xFF, 0xFF, 0xFF, 0xFF, 0xFF, 0xFF, 0xFF,
    0xFF, 0xFF, 0xFF, 0xFF, 0xFF, 0xFF, 0xFF, 0xFF, 0xFF, 0xFF, 0xFF, 0xFF,
    0xFF, 0xFF, 0xFF, 0xFF, 0xFF, 0xFF, 0xFF, 0xFF, 0xFF, 0xFF, 0xFF, 0xFF,
    0xFF, 0xFF, 0xFF, 0xFF, 0xFF, 0xFF, 0xFF, 0xFF, 0xFF, 0xFF, 0xFF, 0xFF,
    0xFF, 0xFF, 0xFF, 0xFF, 0xFF, 0xFF, 0xFF, 0xFF, 0xFF, 0xFF, 0xFF, 0xFF,
    0xFF, 0xFF, 0xFF, 0xFF, 0xFF, 0xFF, 0xFF, 0xFF, 0xFF, 0xFF, 0xFF, 0xFF,
    0xFF, 0xFF, 0xFF, 0xFF, 0xFF, 0xFF, 0xFF, 0xFF, 0xFF, 0xFF, 0xFF, 0xFF,
    0xFF, 0xFF, 0xFF, 0xFF, 0xFF, 0xFF, 0xFF, 0xFF, 0xFF, 0xFF, 0xFF, 0xFF,
    0xFF, 0xFF, 0xFF, 0xFF, 0xFF, 0xFF, 0xFF, 0xFF, 0xFF, 0xFF, 0xFF, 0xFF,
    0xFF, 0xFF, 0xFF, 0xFF, 0xFF, 0xFF, 0xFF, 0xFF, 0xFF, 0xFF, 0xFF, 0xFF,
    0xFF, 0xFF, 0xFF, 0xFF, 0xFF, 0xFF, 0xFF, 0xFF, 0xFF, 0xFF, 0xFF, 0xFF,
    0xFF, 0xFF, 0xFF, 0xFF, 0xFF, 0xFF, 0xFF, 0xFF, 0xFF, 0xFF, 0xFF, 0xFF,
    0xFF, 0xFF, 0xFF, 0xFF, 0xFF, 0xFF, 0xFF, 0xFF, 0xFF, 0xFF, 0xFF, 0xFF,
    0xFF, 0xFF, 0xFF, 0xFF, 0xFF, 0xFF, 0xFF, 0xFF, 0xFF, 0xFF, 0xFF, 0xFF,
    0xFF, 0xFF, 0xFF, 0xFF, 0xFF, 0xFF, 0xFF, 0xFF, 0xFF, 0xFF, 0xFF, 0xFF,
    0xFF, 0xFF, 0xFF, 0xFF, 0xFF, 0xFF, 0xFF, 0xFF, 0xFF, 0xFF, 0xFF, 0xFF,
    0xFF, 0xFF, 0xFF, 0xFF, 0xFF, 0xFF, 0xFF, 0xFF, 0xFF, 0xFF, 0xFF, 0xFF,
    0xFF, 0xFF, 0xFF, 0xFF, 0xFF, 0xFF, 0xFF, 0xFF, 0xFF, 0xFF, 0xFF, 0xFF,
    0xFF, 0xFF, 0xFF, 0xFF, 0xFF, 0xFF, 0xFF, 0xFF, 0xFF, 0xFF, 0xFF, 0xFF,
    0xFF, 0xFF, 0xFF, 0xFF, 0xFF, 0xFF, 0xFF, 0xFF, 0xFF, 0xFF, 0xFF, 0xFF,
    0xFF, 0xFF, 0xFF, 0xFF, 0xFF, 0xFF, 0xFF, 0xFF, 0xFF, 0xFF, 0xFF, 0xFF,
    0xFF, 0xFF, 0xFF, 0xFF, 0xFF, 0xFF, 0xFF, 0xFF, 0xFF, 0xFF, 0xFF, 0xFF,
    0xFF, 0xFF, 0xFF, 0xFF, 0xFF, 0xFF, 0xFF, 0xFF, 0xFF, 0xFF, 0xFF, 0xFF,
    0xFF, 0xFF, 0xFF, 0xFF, 0xFF, 0xFF, 0xFF, 0xFF, 0xFF, 0xFF, 0xFF, 0xFF,
    0xFF, 0xFF, 0xFF, 0xFF, 0xFF, 0xFF, 0xFF, 0xFF, 0xFF, 0xFF, 0xFF, 0xFF,
    0xFF, 0xFF, 0xFF, 0xFF, 0xFF, 0xFF, 0xFF, 0xFF, 0xFF, 0xFF, 0xFF, 0xFF,
    0xFF, 0xFF, 0xFF, 0xFF, 0xFF, 0xFF, 0xFF, 0xFF, 0xFF, 0xFF, 0xFF, 0xFF,
    0xFF, 0xFF, 0xFF, 0xFF, 0xFF, 0xFF, 0xFF, 0xFF, 0xFF, 0xFF, 0xFF, 0xFF,
    0xFF, 0xFF, 0xFF, 0xFF, 0xFF, 0xFF, 0xFF, 0xFF, 0xFF, 0xFF, 0xFF, 0xFF,
    0xFF, 0xFF, 0xFF, 0xFF, 0xFF, 0xFF, 0xFF, 0xFF, 0xFF, 0xFF, 0xFF, 0xFF,
    0xFF, 0xFF, 0xFF, 0xFF, 0xFF, 0xFF, 0xFF, 0xFF, 0xFF, 0xFF, 0xFF, 0xFF,
    0xFF, 0xFF, 0xFF, 0xFF, 0xFF, 0xFF, 0xFF, 0xFF, 0xFF, 0xFF, 0xFF, 0xFF,
    0xFF, 0xFF, 0xFF, 0xFF, 0xFF, 0xFF, 0xFF, 0xFF, 0xFF, 0xFF, 0xFF, 0xFF,
    0xFF, 0xFF, 0xFF, 0xFF, 0xFF, 0xFF, 0xFF, 0xFF, 0xFF, 0xFF, 0xFF, 0xFF,
    0xFF, 0xFF, 0xFF, 0xFF, 0xFF, 0xFF, 0xFF, 0xFF, 0xFF, 0xFF, 0xFF, 0xFF,
    0xFF, 0xFF, 0xFF, 0xFF, 0xFF, 0xFF, 0xFF, 0xFF, 0xFF, 0xFF, 0xFF, 0xFF,
    0xFF, 0xFF, 0xFF, 0xFF, 0xFF, 0xFF, 0xFF, 0xFF, 0xFF, 0xFF, 0xFF, 0xFF,
    0xFF, 0xFF, 0xFF, 0xFF, 0xFF, 0xFF, 0xFF, 0xFF, 0xFF, 0xFF, 0xFF, 0xFF,
    0xFF, 0xFF, 0xFF, 0xFF, 0xFF, 0xFF, 0xFF, 0xFF, 0xFF, 0xFF, 0xFF, 0xFF,
    0xFF, 0xFF, 0xFF, 0xFF, 0xFF, 0xFF, 0xFF, 0xFF, 0xFF, 0xFF, 0xFF, 0xFF,
    0xFF, 0xFF, 0xFF, 0xFF, 0xFF, 0xFF, 0xFF, 0xFF, 0xFF, 0xFF, 0xFF, 0xFF,
    0xFF, 0xFF, 0xFF, 0xFF, 0xFF, 0xFF, 0xFF, 0xFF, 0xFF, 0xFF, 0xFF, 0xFF,
    0xFF, 0xFF, 0xFF, 0xFF, 0xFF, 0xFF, 0xFF, 0xFF, 0xFF, 0xFF, 0xFF, 0xFF,
    0xFF, 0xFF, 0xFF, 0xFF, 0xFF, 0xFF, 0xFF, 0xFF, 0xFF, 0xFF, 0xFF, 0xFF,
    0xFF, 0xFF, 0xFF, 0xFF, 0xFF, 0xFF, 0xFF, 0xFF, 0xFF, 0xFF, 0xFF, 0xFF,
    0xFF, 0xFF, 0xFF, 0xFF, 0xFF, 0xFF, 0xFF, 0xFF, 0xFF, 0xFF, 0xFF, 0xFF,
    0xFF, 0xFF, 0xFF, 0xFF, 0xFF, 0xFF, 0xFF, 0xFF, 0xFF, 0xFF, 0xFF, 0xFF,
    0xFF, 0xFF, 0xFF, 0xFF, 0xFF, 0xFF, 0xFF, 0xFF, 0xFF, 0xFF, 0xFF, 0xFF,
    0xFF, 0xFF, 0xFF, 0xFF, 0xFF, 0xFF, 0xFF, 0xFF, 0xFF, 0xFF, 0xFF, 0xFF,
    0xFF, 0xFF, 0xFF, 0xFF, 0xFF, 0xFF, 0xFF, 0xFF, 0xFF, 0xFF, 0xFF, 0xFF,
    0xFF, 0xFF, 0xFF, 0x60, 0x40, 0xBF, 0xA2, 0xFF, 0xA4, 0x5E, 0x88, 0xE8,
    0xC8, 0xBD, 0x3C, 0xA0, 0x30, 0x14, 0xD1, 0x05, 0xF0, 0xF5, 0xE8, 0xBD,
    0x3B, 0xA0, 0x10, 0xFA, 0xB1, 0x05, 0xC9, 0x2E, 0xD0, 0xE6, 0xC8, 0xCA,
    0xB0, 0xE7, 0x85, 0x53, 0xBD, 0x3D, 0xA0, 0x85, 0x52, 0x84, 0x03, 0xA2,
    0x00, 0x86, 0x04, 0x20, 0x39, 0xA0, 0xA2, 0x00, 0x86, 0x04, 0x4C, 0x58,
    0xC5, 0x6C, 0x52, 0x00, 0x53, 0x48, 0x4F, 0x56, 0x45, 0xAB, 0xC0, 0x43,
    0x41, 0x52, 0x52, 0x59, 0xA9, 0xA4, 0x41, 0x54, 0x48, 0x49, 0x54, 0xAB,
    0xED, 0x53, 0x45, 0x54, 0xA8, 0x76, 0x55, 0x4E, 0x53, 0x45, 0x54, 0xA9,
    0x7F, 0x41, 0x53, 0x53, 0x49, 0x47, 0x4E, 0xA5, 0xB5, 0x54, 0x55, 0x52,
    0x4E, 0xA9, 0xE1, 0x50, 0x4F, 0x53, 0xAE, 0xE0, 0x49, 0x4D, 0x41, 0x47,
    0x45, 0xA9, 0xD4, 0x4A, 0x4F, 0x59, 0x53, 0x54, 0x4B, 0xA6, 0x89, 0x41,
    0x54, 0x4B, 0x45, 0x59, 0xAC, 0x41, 0x44, 0x45, 0x41, 0x53, 0x53, 0xA5,
    0xE1, 0x48, 0x4C, 0x49, 0x4E, 0x45, 0xAD, 0x7E, 0x56, 0x4C, 0x49, 0x4E,
    0x45, 0xAD, 0x71, 0x42, 0x4F, 0x52, 0x44, 0x45, 0x52, 0xA2, 0x69, 0x43,
    0x49, 0x52, 0x43, 0x4C, 0x45, 0xAA, 0xAC, 0x43, 0x55, 0x42, 0x45, 0xA3,
    0x2B, 0x53, 0x43, 0x52, 0x4F, 0x4C, 0x4C, 0xA1, 0x39, 0x4B, 0x49, 0x4C,
    0x4C, 0xAB, 0xB4, 0x50, 0x49, 0x58, 0x45, 0x4C, 0xA3, 0x83, 0x57, 0x49,
    0x4E, 0x44, 0x4F, 0x57, 0xA6, 0x30, 0x46, 0x49, 0x4C, 0x4C, 0xA2, 0x1A,
    0x49, 0x4E, 0x56, 0xAD, 0x18, 0x42, 0x4C, 0x4F, 0x43, 0x4B, 0xAE, 0x7E,
    0x57, 0x4F, 0x46, 0x46, 0xAE, 0x65, 0x4D, 0x4F, 0x44, 0x45, 0xAE, 0x54,
    0x50, 0x41, 0x49, 0x4E, 0x54, 0xA3, 0xAC, 0x50, 0x41, 0x55, 0x53, 0x45,
    0xAD, 0x50, 0x43, 0x52, 0x45, 0x41, 0x54, 0x45, 0xA4, 0xDC, 0x44, 0x45,
    0x46, 0xAA, 0x4A, 0x42, 0x41, 0x53, 0x45, 0xA6, 0x6A, 0x49, 0x4E, 0x4B,
    0xAC, 0xE5, 0x50, 0x41, 0x50, 0x45, 0x52, 0xAC, 0xF7, 0x53, 0x4F, 0x55,
    0x4E, 0x44, 0xAE, 0xFF, 0x41, 0x54, 0x54, 0x52, 0x47, 0xA6, 0xE4, 0x49,
    0x4E, 0x54, 0xA7, 0x25, 0x43, 0x4C, 0x53, 0xA2, 0x15, 0x47, 0x41, 0x47,
    0x53, 0xAF, 0xEF, 0xC5, 0x46, 0x86, 0x71, 0x86, 0x73, 0xA9, 0x80, 0x85,
    0x72, 0x20, 0x4A, 0xA2, 0xB9, 0x33, 0xAF, 0x85, 0x78, 0xE6, 0x78, 0x85,
    0x7C, 0xC6, 0x7C, 0xB9, 0x43, 0xAF, 0xAA, 0xB9, 0x23, 0xAF, 0x85, 0x75,
    0x20, 0x91, 0xF2, 0xC9, 0x52, 0xF0, 0x28, 0xC9, 0x55, 0xF0, 0x44, 0xC9,
    0x44, 0xF0, 0x75, 0xC9, 0x4C, 0xD0, 0x4A, 0xA0, 0x01, 0xB1, 0x71, 0x88,
    0x91, 0x71, 0xC8, 0xC8, 0xC4, 0x78, 0xD0, 0xF5, 0x18, 0x98, 0x65, 0x71,
    0x85, 0x71, 0x90, 0xEB, 0xE6, 0x72, 0xE4, 0x72, 0xD0, 0xE5, 0x60, 0xA4,
    0x7C, 0xB1, 0x71, 0xC8, 0x91, 0x71, 0x88, 0x88, 0xD0, 0xF7, 0xB1, 0x71,
    0xC8, 0x91, 0x71, 0x18, 0xA5, 0x78, 0x65, 0x71, 0x85, 0x71, 0x90, 0xE7,
    0xE6, 0x72, 0xE4, 0x72, 0xD0, 0xE1, 0x60, 0xA9, 0x00, 0x38, 0x65, 0x75,
    0x85, 0x73, 0xA9, 0x80, 0x69, 0x00, 0x85, 0x74, 0xA0, 0x00, 0xB1, 0x73,
    0x91, 0x71, 0xC4, 0x75, 0xF0, 0x03, 0xC8, 0xD0, 0xF5, 0xA5, 0x71, 0x38,
    0x65, 0x75, 0x85, 0x71, 0x90, 0x02, 0xE6, 0x72, 0xA5, 0x73, 0x38, 0x65,
    0x75, 0x85, 0x73, 0x90, 0x02, 0xE6, 0x74, 0xE4, 0x74, 0xD0, 0xD9, 0x60,
    0xCA, 0x86, 0x72, 0x86, 0x74, 0xA5, 0x71, 0x18, 0xE5, 0x75, 0x85, 0x71,
    0x18, 0xE5, 0x75, 0x85, 0x73, 0xD0, 0x02, 0xC6, 0x74, 0xA4, 0x75, 0xB1,
    0x73, 0x91, 0x71, 0x88, 0xD0, 0xF9, 0xA5, 0x71, 0x18, 0xE5, 0x75, 0x85,
    0x71, 0xB0, 0x02, 0xC6, 0x72, 0xA5, 0x73, 0x18, 0xE5, 0x75, 0x85, 0x73,
    0xA5, 0x74, 0xE9, 0x00, 0x85, 0x74, 0x30, 0xDD, 0x60, 0xA9, 0x0C, 0x4C,
    0xF4, 0xFF, 0x20, 0xD3, 0xAF, 0xA5, 0x16, 0x85, 0x53, 0xA5, 0x25, 0x85,
    0x54, 0xA5, 0x17, 0x85, 0x55, 0xA5, 0x26, 0x85, 0x56, 0xA5, 0x18, 0x85,
    0x57, 0xA5, 0x55, 0x38, 0xE5, 0x53, 0xA5, 0x56, 0xE5, 0x54, 0x90, 0x01,
    0xA0, 0x00, 0xA5, 0x57, 0x91, 0x53, 0xA2, 0x53, 0x20, 0x08, 0xFA, 0xD0,
    0xF5, 0x60, 0xAD, 0x00, 0xB0, 0x0A, 0x2A, 0x2A, 0x2A, 0x29, 0x07, 0xA8,
    0x60, 0xB9, 0x23, 0xAF, 0x85, 0x56, 0xB9, 0x2B, 0xAF, 0x85, 0x57, 0x60,
    0xA5, 0x16, 0x85, 0x54, 0xA5, 0x17, 0x85, 0x55, 0x60, 0x20, 0xD9, 0xAF,
    0x20, 0x60, 0xA2, 0x20, 0x4A, 0xA2, 0x20, 0x55, 0xA2, 0x20, 0x54, 0xAF,
    0x85, 0x71, 0xA9, 0x02, 0x85, 0x5E, 0xA5, 0x56, 0x38, 0xE5, 0x54, 0x85,
    0x58, 0xA5, 0x57, 0x38, 0xE5, 0x55, 0x85, 0x73, 0xA5, 0x54, 0x85, 0x5A,
    0xA5, 0x55, 0x85, 0x5C, 0x20, 0xD8, 0xA2, 0xA5, 0x5A, 0xC5, 0x58, 0xF0,
    0x08, 0xA2, 0x00, 0x20, 0x71, 0xF6, 0x4C, 0x94, 0xA2, 0xA5, 0x5C, 0xC5,
    0x73, 0xF0, 0x0B, 0xA2, 0x02, 0x20, 0x71, 0xF6, 0x20, 0xD8, 0xA2, 0x4C,
    0xA5, 0xA2, 0xA5, 0x5A, 0xC5, 0x54, 0xF0, 0x0B, 0xA2, 0x00, 0x20, 0x68,
    0xF6, 0x20, 0xD8, 0xA2, 0x4C, 0xB6, 0xA2, 0xA5, 0x5C, 0xC5, 0x55, 0xF0,
    0x0B, 0xA2, 0x02, 0x20, 0x68, 0xF6, 0x20, 0xD8, 0xA2, 0x4C, 0xC7, 0xA2,
    0xA5, 0x71, 0xF0, 0x0F, 0xC9, 0x05, 0xF0, 0x40, 0xC9, 0x01, 0xD0, 0x0F,
    0x20, 0x21, 0xA3, 0xA5, 0x59, 0xD0, 0x03, 0x4C, 0x78, 0xF6, 0xA9, 0x05,
    0x85, 0x71, 0x60, 0xC9, 0x02, 0xD0, 0x0C, 0x20, 0x21, 0xA3, 0xA5, 0x59,
    0xF0, 0x22, 0xA9, 0x00, 0x85, 0x71, 0x60, 0xC9, 0x03, 0xD0, 0x0A, 0x20,
    0x21, 0xA3, 0xA5, 0x59, 0xF0, 0xDD, 0xC6, 0x71, 0x60, 0xC9, 0x04, 0xD0,
    0x0B, 0x20, 0x21, 0xA3, 0xA5, 0x59, 0xF0, 0x04, 0xA9, 0x01, 0x85, 0x71,
    0x60, 0xA5, 0x5E, 0x48, 0x20, 0x6C, 0xA3, 0x68, 0x85, 0x5E, 0x60, 0x20,
    0xC1, 0xAF, 0xA5, 0x16, 0x29, 0x03, 0x85, 0x5E, 0xA5, 0x17, 0x85, 0x71,
    0xA2, 0x04, 0xB5, 0x17, 0x95, 0x53, 0xCA, 0xD0, 0xF9, 0xA5, 0x54, 0x85,
    0x5A, 0x18, 0x65, 0x56, 0x85, 0x58, 0xA5, 0x27, 0x85, 0x5B, 0xA5, 0x55,
    0x85, 0x5C, 0x18, 0x65, 0x57, 0x85, 0x73, 0xA5, 0x28, 0x85, 0x5D, 0x4C,
    0x94, 0xA2, 0x20, 0xD9, 0xAF, 0x20, 0x54, 0xAF, 0xA5, 0x16, 0x85, 0x5A,
    0xA5, 0x17, 0x85, 0x5C, 0xA2, 0x02, 0x86, 0x5E, 0x20, 0x78, 0xF6, 0x20,
    0x78, 0xF6, 0xAA, 0xA5, 0x5A, 0x29, 0x07, 0xA8, 0x8A, 0x39, 0xC9, 0xF7,
    0x85, 0x59, 0x60, 0x20, 0x5E, 0xA3, 0x20, 0x83, 0xAF, 0xAA, 0xA5, 0x59,
    0xA0, 0x00, 0x4C, 0x90, 0xAF, 0xFF, 0xFF, 0xFF, 0xFF, 0xFF, 0xFF, 0xFF,
    0xFF, 0x00, 0x00, 0x00, 0x00, 0xA5, 0x16, 0x29, 0x1F, 0x0A, 0x0A, 0x0A,
    0x85, 0x76, 0xAD, 0x3D, 0x02, 0x85, 0x77, 0x60, 0x20, 0xD9, 0xAF, 0xA5,
    0x16, 0x85, 0x7D, 0xA5, 0x17, 0x85, 0x7E, 0x88, 0xC8, 0xB1, 0x05, 0xC9,
    0x20, 0xF0, 0xF9, 0xC9, 0x3B, 0xF0, 0x04, 0xC9, 0x0D, 0xD0, 0x0A, 0xA9,
    0x91, 0x85, 0x76, 0xA9, 0xA3, 0x85, 0x77, 0xD0, 0x06, 0x20, 0xE5, 0xAF,
    0x20, 0x9D, 0xA3, 0xA5, 0x7D, 0x85, 0x71, 0xA5, 0x7E, 0xC9, 0xC0, 0xB0,
    0xA1, 0xA9, 0xBF, 0x38, 0xE5, 0x7E, 0x85, 0x70, 0x85, 0x72, 0x20, 0x92,
    0xA4, 0xD0, 0x7E, 0x20, 0x21, 0xA4, 0x20, 0x10, 0xA4, 0xA5, 0x7D, 0x85,
    0x71, 0xA5, 0x70, 0x85, 0x72, 0xE6, 0x72, 0xA5, 0x72, 0xC9, 0xC0, 0xF0,
    0x68, 0x20, 0x92, 0xA4, 0xD0, 0x63, 0x20, 0x21, 0xA4, 0x4C, 0xFD, 0xA3,
    0xA5, 0x72, 0xF0, 0x59, 0xC6, 0x72, 0x20, 0x92, 0xA4, 0xD0, 0x52, 0x20,
    0x21, 0xA4, 0x4C, 0x10, 0xA4, 0xA5, 0x71, 0x85, 0x73, 0xA5, 0x72, 0x85,
    0x74, 0x29, 0x07, 0xF0, 0x05, 0x0A, 0x0A, 0x0A, 0x0A, 0x0A, 0x85, 0x79,
    0xA5, 0x74, 0x4A, 0x4A, 0x4A, 0x09, 0x80, 0x85, 0x7A, 0x20, 0x6E, 0xA4,
    0xF0, 0x03, 0x20, 0xAF, 0xA4, 0xA5, 0x73, 0xF0, 0x09, 0xC6, 0x73, 0x20,
    0xA3, 0xA4, 0xF0, 0xF5, 0xE6, 0x73, 0xA5, 0x73, 0x85, 0x75, 0xA5, 0x71,
    0x85, 0x73, 0xE6, 0x73, 0xF0, 0x05, 0x20, 0xA3, 0xA4, 0xF0, 0xF7, 0xC6,
    0x73, 0xA5, 0x73, 0x18, 0x65, 0x75, 0x6A, 0x85, 0x71, 0x60, 0xA5, 0x73,
    0x29, 0x07, 0xAA, 0xA5, 0x74, 0x29, 0x07, 0xA8, 0xB1, 0x76, 0x3D, 0xC9,
    0xF7, 0x60, 0xA5, 0x73, 0x29, 0xF8, 0x85, 0x78, 0x4A, 0x4A, 0x4A, 0xA8,
    0xA5, 0x73, 0x38, 0xE5, 0x78, 0xAA, 0xBD, 0xC9, 0xF7, 0x60, 0x20, 0x54,
    0xAF, 0xA5, 0x71, 0x85, 0x5A, 0xA9, 0xBF, 0x38, 0xE5, 0x72, 0x85, 0x5C,
    0x4C, 0x6C, 0xA3, 0x20, 0x7E, 0xA4, 0x31, 0x79, 0xD0, 0x0E, 0x20, 0x6E,
    0xA4, 0xF0, 0x09, 0x20, 0x7E, 0xA4, 0x51, 0x79, 0x91, 0x79, 0xA9, 0x00,
    0x60, 0xA9, 0x20, 0x18, 0x65, 0x5F, 0x85, 0x5F, 0xD0, 0x0C, 0xE6, 0x60,
    0xA5, 0x60, 0x38, 0xED, 0x3D, 0x02, 0xC9, 0x08, 0xF0, 0x01, 0x18, 0x60,
    0xA0, 0x00, 0xAD, 0x3D, 0x02, 0x85, 0x60, 0xE6, 0x60, 0x84, 0x5F, 0x60,
    0x86, 0x59, 0x20, 0xA5, 0xA5, 0x90, 0x2D, 0xC9, 0x50, 0xF0, 0x0E, 0xC9,
    0x48, 0xF0, 0x25, 0xC9, 0x56, 0xD0, 0xE2, 0xA9, 0x01, 0x85, 0x59, 0xD0,
    0x1B, 0x20, 0x95, 0xA5, 0x90, 0xD7, 0x20, 0x9D, 0xA3, 0xA0, 0xFF, 0xC8,
    0x84, 0x72, 0x20, 0xE5, 0xAF, 0xA4, 0x72, 0xA5, 0x16, 0x91, 0x76, 0xC0,
    0x07, 0xD0, 0xF0, 0x60, 0x20, 0x57, 0xA5, 0x20, 0x45, 0xA5, 0x20, 0x80,
    0xA5, 0xA0, 0x0F, 0xA5, 0x59, 0x91, 0x5F, 0xC8, 0x84, 0x70, 0x20, 0xE5,
    0xAF, 0xA5, 0x16, 0xA4, 0x70, 0x91, 0x5F, 0xC0, 0x1F, 0xD0, 0xF0, 0x20,
    0xA5, 0xA5, 0xB0, 0x01, 0x60, 0xC9, 0x41, 0xD0, 0x1F, 0x20, 0x95, 0xA5,
    0x90, 0x1A, 0xA5, 0x16, 0xA0, 0x0C, 0x91, 0x5F, 0x60, 0x20, 0xD0, 0xA4,
    0xB1, 0x5F, 0xF0, 0x06, 0x20, 0xB9, 0xA4, 0x90, 0xF7, 0x00, 0xA9, 0x08,
    0x91, 0x5F, 0x60, 0xA2, 0x00, 0xA4, 0x03, 0x88, 0xC8, 0xB1, 0x05, 0xC9,
    0x20, 0xF0, 0xF9, 0xC9, 0x2C, 0xF0, 0x0C, 0xC9, 0x3B, 0xF0, 0x08, 0x95,
    0x71, 0xE8, 0xE0, 0x09, 0xD0, 0xEA, 0x00, 0xC8, 0x84, 0x03, 0xA9, 0x20,
    0x95, 0x71, 0xE8, 0xE0, 0x09, 0xD0, 0xF9, 0x60, 0xA0, 0x0F, 0xB9, 0x8D,
    0xA3, 0x91, 0x5F, 0x88, 0xD0, 0xF8, 0xC8, 0xB9, 0x70, 0x00, 0x91, 0x5F,
    0xC0, 0x09, 0xD0, 0xF6, 0x60, 0xB1, 0x05, 0xC9, 0x3A, 0xD0, 0x08, 0xC8,
    0x84, 0x03, 0x20, 0xE5, 0xAF, 0x38, 0x60, 0x18, 0x60, 0xA4, 0x03, 0xB1,
    0x05, 0xC9, 0x2F, 0xD0, 0xF6, 0xC8, 0xB1, 0x05, 0x38, 0xC8, 0x84, 0x03,
    0x60, 0x20, 0x57, 0xA5, 0x20, 0xE5, 0xAF, 0x20, 0xC3, 0xA5, 0xA5, 0x16,
    0x91, 0x5F, 0x60, 0x20, 0xD0, 0xA4, 0xB1, 0x5F, 0xD0, 0x08, 0xA0, 0x00,
    0x20, 0xB9, 0xA4, 0x90, 0xF5, 0x00, 0xC8, 0xB9, 0x70, 0x00, 0xD1, 0x5F,
    0xD0, 0xF0, 0xC0, 0x08, 0xD0, 0xF4, 0xA0, 0x0C, 0x60, 0x20, 0x5B, 0xAF,
    0xA9, 0x00, 0xF0, 0xD8, 0xA5, 0x5B, 0x05, 0x5D, 0xD0, 0x41, 0xAD, 0x30,
    0x02, 0xC5, 0x5A, 0xB0, 0x3A, 0x6D, 0x32, 0x02, 0xC5, 0x5A, 0x90, 0x33,
    0xAD, 0x31, 0x02, 0xC5, 0x5C, 0xB0, 0x2C, 0x6D, 0x33, 0x02, 0xC5, 0x5C,
    0x90, 0x25, 0x6C, 0x34, 0x02, 0xA5, 0x5B, 0x05, 0x5D, 0xD0, 0x1C, 0xAD,
    0x30, 0x02, 0xC5, 0x5A, 0xB0, 0xF0, 0x6D, 0x32, 0x02, 0xC5, 0x5A, 0x90,
    0xE9, 0xAD, 0x31, 0x02, 0xC5, 0x5C, 0xB0, 0xE2, 0x6D, 0x33, 0x02, 0xC5,
    0x5C, 0x90, 0xDB, 0x60, 0x20, 0xC7, 0xAF, 0xAD, 0x36, 0x02, 0xC9, 0x2C,
    0xF0, 0x0C, 0xAD, 0xFE, 0x03, 0x8D, 0x34, 0x02, 0xAD, 0xFF, 0x03, 0x8D,
    0x35, 0x02, 0xA2, 0x04, 0xB5, 0x16, 0x9D, 0x2F, 0x02, 0xCA, 0xD0, 0xF8,
    0xA9, 0x2C, 0x8D, 0x36, 0x02, 0xA5, 0x16, 0xF0, 0x06, 0xA0, 0xE8, 0xA9,
    0xA5, 0xD0, 0x04, 0xA0, 0x0D, 0xA9, 0xA6, 0x8D, 0xFF, 0x03, 0x8C, 0xFE,
    0x03, 0x60, 0x20, 0xDF, 0xAF, 0xA5, 0x16, 0x8D, 0x3D, 0x02, 0x85, 0x54,
    0xE6, 0x54, 0x18, 0x69, 0x08, 0x85, 0x56, 0xA0, 0x00, 0x84, 0x53, 0x84,
    0x55, 0x84, 0x57, 0x8C, 0x37, 0x02, 0x4C, 0x3E, 0xA2, 0xAD, 0x01, 0xB0,
    0x29, 0x01, 0x49, 0x01, 0x85, 0x57, 0x18, 0x6D, 0x01, 0xB0, 0x6A, 0x85,
    0x7F, 0x20, 0x83, 0xAF, 0xE6, 0x03, 0xAA, 0xA5, 0x7F, 0x20, 0xBE, 0xA6,
    0x2A, 0x2A, 0x85, 0x7F, 0x20, 0x83, 0xAF, 0xE6, 0x03, 0xAA, 0xA5, 0x7F,
    0x20, 0xBE, 0xA6, 0x20, 0x83, 0xAF, 0xAA, 0xA0, 0x00, 0xA5, 0x57, 0x4C,
    0x90, 0xAF, 0x6A, 0x85, 0x7F, 0xB0, 0x03, 0x20, 0xB5, 0xAF, 0xA5, 0x7F,
    0x6A, 0x6A, 0x85, 0x7F, 0xB0, 0x03, 0x20, 0xA6, 0xAF, 0xA5, 0x7F, 0x60,
    0xA5, 0x05, 0x18, 0x65, 0x03, 0x9D, 0x28, 0x02, 0xA5, 0x06, 0x69, 0x00,
    0x9D, 0x29, 0x02, 0x60, 0x78, 0xA2, 0x06, 0xA0, 0x40, 0x20, 0xD4, 0xA6,
    0x98, 0x0D, 0x37, 0x02, 0x8D, 0x37, 0x02, 0xA4, 0x03, 0x58, 0x4C, 0x75,
    0xC5, 0x78, 0x20, 0xD9, 0xAF, 0xA5, 0x16, 0xC9, 0x03, 0xB0, 0x04, 0x0A,
    0x0A, 0xAA, 0xA9, 0x00, 0x9D, 0x1C, 0x02, 0x9D, 0x1D, 0x02, 0xA5, 0x17,
    0x9D, 0x1E, 0x02, 0xA5, 0x26, 0x9D, 0x1F, 0x02, 0x8A, 0x4A, 0xAA, 0x18,
    0xA5, 0x16, 0xD0, 0x01, 0x38, 0x2A, 0xA8, 0xD0, 0xC4, 0x20, 0x95, 0xA5,
    0x90, 0xCF, 0xA5, 0x16, 0xF0, 0x39, 0xAD, 0x04, 0x02, 0x8D, 0x38, 0x02,
    0xAD, 0x05, 0x02, 0x8D, 0x39, 0x02, 0xA9, 0xA7, 0x8D, 0x05, 0x02, 0xA9,
    0x7B, 0x8D, 0x04, 0x02, 0xA9, 0x20, 0x8D, 0x04, 0xB8, 0xA9, 0x4E, 0x8D,
    0x05, 0xB8, 0xA9, 0x37, 0x8D, 0x0E, 0xB8, 0xA9, 0xC0, 0x8D, 0x0E, 0xB8,
    0xA9, 0x40, 0x8D, 0x0B, 0xB8, 0xA9, 0x80, 0x0D, 0x37, 0x02, 0x8D, 0x37,
    0x02, 0x58, 0x60, 0x8D, 0x37, 0x02, 0xA9, 0x40, 0x8D, 0x0E, 0xB8, 0x8D,
    0x0D, 0xB8, 0xA9, 0x47, 0x2D, 0x37, 0x02, 0x8D, 0x37, 0x02, 0x60, 0xAD,
    0x00, 0xB0, 0x29, 0xF0, 0x8D, 0x00, 0xB0, 0xA5, 0x06, 0xC9, 0x01, 0xD0,
    0x06, 0x20, 0x72, 0xA7, 0x68, 0x58, 0x40, 0xAD, 0x0D, 0xB8, 0x30, 0x03,
    0x6C, 0x38, 0x02, 0xAD, 0x37, 0x02, 0x10, 0xED, 0x8E, 0xF1, 0x03, 0x8C,
    0xF0, 0x03, 0xAD, 0x37, 0x02, 0x29, 0x38, 0xF0, 0x34, 0x4A, 0x4A, 0x4A,
    0x4A, 0x0A, 0x8D, 0xF2, 0x03, 0xBA, 0xBD, 0x04, 0x01, 0xC9, 0xC4, 0xD0,
    0x18, 0xBD, 0x03, 0x01, 0xC9, 0xE4, 0x90, 0x11, 0x20, 0x6A, 0xA7, 0xAE,
    0xF2, 0x03, 0xBD, 0x28, 0x02, 0x85, 0x05, 0xBD, 0x29, 0x02, 0x4C, 0xE2,
    0xC9, 0xA9, 0x40, 0x8D, 0x04, 0xB8, 0xA9, 0x00, 0x8D, 0x05, 0xB8, 0xF0,
    0x36, 0xA9, 0x40, 0x2C, 0x37, 0x02, 0xF0, 0x11, 0xAD, 0x01, 0xB0, 0x29,
    0x01, 0xF0, 0x06, 0x20, 0x71, 0xFE, 0x98, 0xD0, 0x04, 0xA9, 0x06, 0xD0,
    0x47, 0xA9, 0x01, 0xA2, 0x00, 0x48, 0x2C, 0x37, 0x02, 0xD0, 0x1C, 0x68,
    0x0A, 0xE8, 0xE8, 0xE8, 0xE8, 0xE0, 0x0C, 0xD0, 0xF0, 0xA9, 0x20, 0x8D,
    0x04, 0xB8, 0xA9, 0x4E, 0x8D, 0x05, 0xB8, 0xAE, 0xF1, 0x03, 0xAC, 0xF0,
    0x03, 0x68, 0x40, 0xFE, 0x1C, 0x02, 0xD0, 0x03, 0xFE, 0x1D, 0x02, 0xBD,
    0x1C, 0x02, 0xDD, 0x1E, 0x02, 0xD0, 0xD4, 0xBD, 0x1D, 0x02, 0xDD, 0x1F,
    0x02, 0xD0, 0xCC, 0xA9, 0x00, 0x9D, 0x1C, 0x02, 0x9D, 0x1D, 0x02, 0x68,
    0x0A, 0x0A, 0x0A, 0x0D, 0x37, 0x02, 0x8D, 0x37, 0x02, 0xD0, 0x8A, 0xB1,
    0x05, 0xC9, 0x3A, 0xD0, 0x08, 0xE6, 0x03, 0x20, 0x57, 0xA5, 0x4C, 0xC3,
    0xA5, 0x20, 0xE5, 0xAF, 0x20, 0xD0, 0xA4, 0xA0, 0x0C, 0xB1, 0x5F, 0xC5,
    0x16, 0xF0, 0x06, 0x20, 0xB9, 0xA4, 0x90, 0xF5, 0x00, 0x60, 0xA0, 0x0A,
    0xA5, 0x16, 0x91, 0x5F, 0xC8, 0xA5, 0x17, 0x91, 0x5F, 0x60, 0x20, 0x47,
    0xA8, 0xA2, 0x00, 0x86, 0x04, 0x20, 0xD9, 0xAF, 0x20, 0x6A, 0xA8, 0xA0,
    0x0D, 0xA9, 0x01, 0x91, 0x5F, 0x20, 0x4A, 0xA2, 0xB9, 0x33, 0xAF, 0x85,
    0x54, 0xB9, 0x43, 0xAF, 0x85, 0x76, 0xB9, 0x2B, 0xAF, 0x85, 0x7E, 0xB9,
    0x3B, 0xAF, 0x85, 0x7D, 0x84, 0x7C, 0xA0, 0x0F, 0xB1, 0x5F, 0x85, 0x7F,
    0xF0, 0x07, 0x38, 0xA5, 0x17, 0xE9, 0x08, 0x85, 0x17, 0xA5, 0x60, 0x85,
    0x75, 0xA5, 0x5F, 0x18, 0x69, 0x10, 0x85, 0x74, 0x20, 0xDB, 0xA8, 0xA5,
    0x74, 0x18, 0x69, 0x08, 0x85, 0x74, 0xA5, 0x7F, 0xF0, 0x0A, 0xA5, 0x17,
    0x18, 0x69, 0x08, 0x85, 0x17, 0x4C, 0xDB, 0xA8, 0xA5, 0x16, 0x18, 0x69,
    0x08, 0x85, 0x16, 0xA2, 0x00, 0xA9, 0x07, 0x85, 0x55, 0xA5, 0x7E, 0x38,
    0xE5, 0x17, 0x90, 0x2E, 0xA2, 0x00, 0x86, 0x53, 0xA6, 0x7D, 0x0A, 0x26,
    0x53, 0xCA, 0xD0, 0xFA, 0xA2, 0x00, 0x85, 0x52, 0xA5, 0x53, 0x09, 0x80,
    0x85, 0x53, 0xA4, 0x7C, 0x46, 0x56, 0x98, 0x4A, 0xA5, 0x16, 0x08, 0x48,
    0x90, 0x01, 0x4A, 0x4A, 0x4A, 0xC5, 0x54, 0x90, 0x14, 0xF0, 0x12, 0x68,
    0x28, 0x60, 0xC9, 0xF9, 0x90, 0xFB, 0x18, 0x65, 0x55, 0x85, 0x55, 0xA9,
    0x00, 0x85, 0x52, 0xF0, 0xD5, 0x66, 0x57, 0x05, 0x52, 0x85, 0x52, 0x68,
    0x28, 0xB0, 0x01, 0x0A, 0x29, 0x07, 0x85, 0x58, 0xA4, 0x55, 0xB1, 0x74,
    0xA0, 0x00, 0x84, 0x59, 0xA6, 0x58, 0xCA, 0x30, 0x05, 0x4A, 0x66, 0x59,
    0x90, 0xF8, 0x24, 0x56, 0x30, 0x09, 0x51, 0x52, 0x91, 0x52, 0x24, 0x57,
    0x30, 0x07, 0xC8, 0xA5, 0x59, 0x51, 0x52, 0x91, 0x52, 0xC6, 0x55, 0x30,
    0xB8, 0x38, 0xA5, 0x52, 0x65, 0x54, 0x85, 0x52, 0x90, 0xCE, 0xE6, 0x53,
    0xA5, 0x53, 0xC5, 0x76, 0x90, 0xC6, 0x60, 0xB1, 0x05, 0xC9, 0x3A, 0xF0,
    0x06, 0x20, 0xE5, 0xAF, 0x4C, 0x58, 0xA8, 0xC8, 0x4C, 0x5B, 0xAF, 0x20,
    0x6F, 0xA9, 0xC8, 0x18, 0xB1, 0x5F, 0xF0, 0x1B, 0xA9, 0x00, 0x91, 0x5F,
    0x88, 0x88, 0xB1, 0x5F, 0x85, 0x17, 0xA9, 0xFF, 0x91, 0x5F, 0x88, 0xB1,
    0x5F, 0x85, 0x16, 0xA9, 0xFF, 0x91, 0x5F, 0x20, 0x89, 0xA8, 0x38, 0x60,
    0x20, 0xAD, 0xA9, 0x20, 0x6A, 0xA8, 0x4C, 0x89, 0xA8, 0x20, 0x47, 0xA8,
    0xC8, 0xB1, 0x5F, 0xD0, 0x07, 0xA2, 0x00, 0x86, 0x04, 0x4C, 0xD9, 0xAF,
    0x88, 0x88, 0xB1, 0x5F, 0x85, 0x17, 0x88, 0xB1, 0x5F, 0x85, 0x16, 0x20,
    0x89, 0xA8, 0xA2, 0x00, 0x86, 0x04, 0x20, 0xD9, 0xAF, 0xA0, 0x0A, 0x60,
    0x20, 0x47, 0xA8, 0xA2, 0x00, 0x86, 0x04, 0x20, 0xD9, 0xAF, 0x4C, 0x89,
    0xA8, 0x20, 0x7F, 0xA9, 0x08, 0xA0, 0x0F, 0xB1, 0x5F, 0xD0, 0x46, 0xA0,
    0x1F, 0xA5, 0x5F, 0x18, 0x69, 0x08, 0x85, 0x73, 0xA5, 0x60, 0x85, 0x74,
    0xA2, 0x08, 0xB1, 0x5F, 0x85, 0x70, 0x26, 0x70, 0x6A, 0xCA, 0xD0, 0xFA,
    0x91, 0x5F, 0x88, 0xC0, 0x0F, 0xD0, 0xED, 0xC8, 0xB1, 0x5F, 0x48, 0xB1,
    0x73, 0x91, 0x5F, 0x68, 0x91, 0x73, 0xC8, 0xC0, 0x18, 0xD0, 0xF1, 0xA5,
    0x16, 0x38, 0xE9, 0x08, 0x85, 0x16, 0x28, 0x90, 0x67, 0xA9, 0x80, 0xA0,
    0x0D, 0x91, 0x5F, 0xA0, 0x0A, 0x4C, 0xA7, 0xA9, 0x60, 0xC8, 0xC0, 0x20,
    0xF0, 0xEC, 0xA2, 0x08, 0xB1, 0x5F, 0x85, 0x70, 0x06, 0x70, 0x66, 0x71,
    0xCA, 0xD0, 0xF9, 0xA5, 0x71, 0x91, 0x5F, 0x4C, 0x31, 0xAA, 0xB1, 0x05,
    0xC9, 0x3A, 0xF0, 0x3D, 0x20, 0x57, 0xA5, 0x20, 0x45, 0xA5, 0xA9, 0x01,
    0x91, 0x5F, 0x85, 0x54, 0x20, 0x80, 0xA5, 0xA5, 0x5F, 0x29, 0xF0, 0x18,
    0x69, 0x10, 0x85, 0x5F, 0xA0, 0x08, 0x20, 0x6F, 0xAA, 0xA0, 0x10, 0x98,
    0x48, 0x20, 0x91, 0xF2, 0xA2, 0x08, 0xB1, 0x05, 0x18, 0xC9, 0x31, 0x26,
    0x70, 0xC8, 0xCA, 0xD0, 0xF5, 0x84, 0x03, 0x68, 0x38, 0xE5, 0x54, 0xA8,
    0xA5, 0x70, 0x91, 0x5F, 0x60, 0xC8, 0x84, 0x03, 0x20, 0xD0, 0xA4, 0xB1,
    0x5F, 0xF0, 0x0F, 0xC9, 0x08, 0xF0, 0x0B, 0xB1, 0x5F, 0x18, 0x69, 0x01,
    0x91, 0x5F, 0x85, 0x54, 0xD0, 0xB9, 0x20, 0xB9, 0xA4, 0x90, 0xE8, 0x00,
    0x86, 0x7E, 0x86, 0x70, 0x86, 0x71, 0x20, 0xCD, 0xAF, 0xA5, 0x19, 0x05,
    0x28, 0xF0, 0xD1, 0xA5, 0x16, 0x85, 0x5E, 0xA5, 0x19, 0x85, 0x72, 0x0A,
    0x85, 0x74, 0xA5, 0x28, 0x85, 0x73, 0x2A, 0x85, 0x75, 0xA9, 0x03, 0x38,
    0xE5, 0x74, 0x85, 0x74, 0xA9, 0x00, 0xE5, 0x75, 0x85, 0x75, 0xA2, 0x70,
    0x20, 0x64, 0xAB, 0xA2, 0x72, 0x20, 0x72, 0xAB, 0xA2, 0x70, 0x20, 0x99,
    0xAB, 0xA2, 0x72, 0x20, 0x64, 0xAB, 0xA2, 0x70, 0x20, 0x72, 0xAB, 0xA2,
    0x72, 0x20, 0x99, 0xAB, 0xA5, 0x7E, 0xD0, 0x51, 0xA5, 0x75, 0x10, 0x20,
    0xA5, 0x70, 0x0A, 0x85, 0x76, 0xA5, 0x71, 0x2A, 0x85, 0x77, 0x06, 0x76,
    0x26, 0x77, 0x18, 0xA9, 0x06, 0x65, 0x76, 0x65, 0x74, 0x85, 0x74, 0xA5,
    0x75, 0x65, 0x77, 0x85, 0x75, 0x4C, 0x4D, 0xAB, 0xA5, 0x70, 0x38, 0xE5,
    0x72, 0x85, 0x76, 0xA5, 0x71, 0xE5, 0x73, 0x85, 0x77, 0x06, 0x76, 0x26,
    0x77, 0x06, 0x76, 0x26, 0x77, 0x18, 0xA5, 0x76, 0x69, 0x0A, 0x65, 0x74,
    0x85, 0x74, 0xA5, 0x77, 0x65, 0x75, 0x85, 0x75, 0xA2, 0x18, 0x20, 0x68,
    0xF6, 0x86, 0x7E, 0xD0, 0x8D, 0xA9, 0x00, 0x85, 0x7E, 0xA2, 0x16, 0x20,
    0x71, 0xF6, 0x38, 0xA5, 0x72, 0xE5, 0x70, 0xA5, 0x73, 0xE5, 0x71, 0x90,
    0x10, 0x4C, 0xDA, 0xAA, 0xA5, 0x17, 0x18, 0x75, 0x00, 0x85, 0x5A, 0xA5,
    0x26, 0x75, 0x01, 0x85, 0x5B, 0x60, 0xA5, 0x18, 0x75, 0x00, 0x85, 0x5C,
    0x85, 0x76, 0xA5, 0x27, 0x75, 0x01, 0x85, 0x5D, 0x85, 0x77, 0x86, 0x7F,
    0x20, 0x78, 0xF6, 0xA6, 0x7F, 0xA5, 0x18, 0x38, 0xF5, 0x00, 0x85, 0x5C,
    0xA5, 0x27, 0xF5, 0x01, 0x85, 0x5D, 0x4C, 0x78, 0xF6, 0xA5, 0x17, 0x38,
    0xF5, 0x00, 0x85, 0x5A, 0xA5, 0x26, 0xF5, 0x01, 0x85, 0x5B, 0x20, 0x78,
    0xF6, 0xA5, 0x76, 0x85, 0x5C, 0xA5, 0x77, 0x85, 0x5D, 0x4C, 0x78, 0xF6,
    0x20, 0x6F, 0xA9, 0x98, 0x29, 0xF0, 0xA8, 0xA9, 0x00, 0x91, 0x5F, 0x60,
    0x20, 0xAD, 0xA9, 0xB1, 0x5F, 0x18, 0x65, 0x16, 0x91, 0x5F, 0x85, 0x16,
    0xC8, 0xB1, 0x5F, 0x18, 0x65, 0x17, 0x91, 0x5F, 0x85, 0x17, 0x4C, 0x89,
    0xA8, 0x10, 0x08, 0x10, 0x88, 0xB1, 0x5F, 0x95, 0x7D, 0x88, 0xB1, 0x5F,
    0x95, 0x7C, 0xA0, 0x0F, 0xB1, 0x5F, 0x95, 0x78, 0x60, 0x20, 0x47, 0xA8,
    0xA2, 0x00, 0x20, 0xDC, 0xAB, 0xA5, 0x78, 0x85, 0x7B, 0xA4, 0x03, 0x20,
    0x6F, 0xA9, 0xA2, 0x02, 0x20, 0xDC, 0xAB, 0xA5, 0x7B, 0x85, 0x79, 0xA2,
    0x00, 0x20, 0x16, 0xAC, 0xB0, 0x3C, 0xA2, 0x01, 0x20, 0x16, 0xAC, 0xB0,
    0x35, 0x60, 0xB5, 0x7E, 0xD5, 0x7C, 0x90, 0x1A, 0xF5, 0x7C, 0xA8, 0xB5,
    0x79, 0x48, 0x8A, 0xD0, 0x07, 0x68, 0xAA, 0xBD, 0xD9, 0xAB, 0xD0, 0x05,
    0x68, 0xAA, 0xBD, 0xDA, 0xAB, 0x85, 0x70, 0xC4, 0x70, 0x60, 0x38, 0xB5,
    0x7C, 0xF5, 0x7E, 0xA8, 0xB5, 0x7A, 0x4C, 0x21, 0xAC, 0x86, 0x74, 0x20,
    0x71, 0xFE, 0xC0, 0xFF, 0xD0, 0x05, 0xA4, 0x03, 0x4C, 0x75, 0xC5, 0x98,
    0x18, 0x69, 0x20, 0x85, 0x73, 0xC9, 0x30, 0x90, 0xF1, 0xC9, 0x5B, 0xB0,
    0xED, 0x20, 0x91, 0xF2, 0xC9, 0x28, 0xD0, 0x3C, 0xC8, 0xB1, 0x05, 0xC9,
    0x2C, 0xF0, 0xF9, 0xC9, 0x29, 0xF0, 0xDB, 0xE6, 0x74, 0xC5, 0x73, 0xF0,
    0x08, 0xA9, 0x5C, 0xC5, 0x74, 0xF0, 0x25, 0xD0, 0xE7, 0xC8, 0xB1, 0x05,
    0xC0, 0x60, 0xF0, 0x1C, 0xC9, 0x29, 0xD0, 0xF5, 0xC8, 0xB1, 0x05, 0xC9,
    0x28, 0xD0, 0x11, 0xC8, 0xC6, 0x74, 0xF0, 0x09, 0xB1, 0x05, 0xC8, 0xC9,
    0x2C, 0xD0, 0xF9, 0xF0, 0xF3, 0x84, 0x03, 0xA2, 0x00, 0x86, 0x04, 0x68,
    0x68, 0x20, 0x1F, 0xCC, 0x4C, 0x0B, 0xCC, 0xA5, 0x5C, 0x8D, 0x3B, 0x02,
    0x18, 0x65, 0x5C, 0x8D, 0x3A, 0x02, 0x85, 0x5C, 0xAD, 0x3C, 0x02, 0x29,
    0x03, 0xAA, 0xBD, 0x4E, 0xDF, 0x8D, 0xFD, 0x03, 0x20, 0xA0, 0xDF, 0xAD,
    0x3A, 0x02, 0x09, 0x01, 0x85, 0x5C, 0xAD, 0x3C, 0x02, 0x29, 0x0C, 0x4A,
    0x4A, 0xAA, 0xBD, 0x4E, 0xDF, 0x8D, 0xFD, 0x03, 0x20, 0xA0, 0xDF, 0xAD,
    0x3B, 0x02, 0x85, 0x5C, 0x60, 0xA0, 0xAB, 0xA9, 0xAC, 0x20, 0x63, 0xA6,
    0x20, 0xDF, 0xAF, 0xA5, 0x16, 0x29, 0x0F, 0x8D, 0x3C, 0x02, 0x60, 0xA9,
    0xD0, 0x8D, 0x00, 0xB0, 0x20, 0xDF, 0xAF, 0x86, 0x53, 0x86, 0x55, 0xA9,
    0x80, 0x85, 0x54, 0xA5, 0x16, 0x29, 0x03, 0xA8, 0xB9, 0x4E, 0xDF, 0x85,
    0x57, 0xA9, 0x98, 0x85, 0x56, 0x4C, 0x3C, 0xA2, 0x20, 0x4A, 0xA2, 0xF0,
    0x1B, 0xB9, 0x43, 0xAF, 0x85, 0x55, 0xC6, 0x55, 0xA0, 0x00, 0x84, 0x54,
    0xB1, 0x54, 0x49, 0xFF, 0x91, 0x54, 0xC8, 0xD0, 0xF7, 0xC6, 0x55, 0xA5,
    0x55, 0x30, 0xF1, 0x60, 0x98, 0x84, 0x54, 0xA9, 0x81, 0x85, 0x55, 0xB1,
    0x54, 0x18, 0x69, 0x80, 0x91, 0x54, 0xC8, 0xD0, 0xF6, 0xC6, 0x55, 0xA5,
    0x55, 0x30, 0xF0, 0x60, 0x20, 0xDF, 0xAF, 0xA5, 0x16, 0xF0, 0x09, 0xA2,
    0x01, 0x20, 0x83, 0xFB, 0xC6, 0x16, 0xD0, 0xF3, 0x20, 0x04, 0xC5, 0xA5,
    0x25, 0xF0, 0x09, 0xA2, 0xFF, 0x20, 0x83, 0xFB, 0xC6, 0x25, 0xD0, 0xF0,
    0x60, 0x20, 0xF4, 0xAD, 0xA0, 0x8B, 0xA9, 0xAD, 0x20, 0x63, 0xA6, 0x4C,
    0x70, 0xF5, 0x20, 0xF4, 0xAD, 0xA0, 0x8F, 0xA9, 0xAD, 0x20, 0x63, 0xA6,
    0x4C, 0x70, 0xF5, 0xA2, 0x02, 0xD0, 0x02, 0xA2, 0x00, 0xB5, 0x5A, 0xC5,
    0x7B, 0xD0, 0x41, 0xB5, 0x5B, 0xC5, 0x7C, 0xD0, 0x3B, 0x20, 0x83, 0xAF,
    0xAA, 0xA4, 0x5B, 0xA5, 0x5A, 0x20, 0x90, 0xAF, 0xE6, 0x03, 0x20, 0x83,
    0xAF, 0xAA, 0xA5, 0x5C, 0xA4, 0x5D, 0x20, 0x90, 0xAF, 0xA0, 0x02, 0xA9,
    0x03, 0x85, 0x71, 0xA9, 0xFD, 0x85, 0x70, 0xB9, 0x7D, 0x00, 0x91, 0x70,
    0x88, 0xD0, 0xF8, 0xA9, 0xC0, 0x85, 0x70, 0xA0, 0x04, 0xB9, 0x59, 0x00,
    0x91, 0x70, 0x88, 0xD0, 0xF8, 0x68, 0x68, 0x60, 0xA5, 0x7D, 0xF0, 0x15,
    0xA5, 0x5E, 0x48, 0x86, 0x74, 0x84, 0x75, 0x20, 0x3A, 0xAE, 0xA6, 0x74,
    0xA4, 0x75, 0x68, 0x85, 0x5E, 0xA5, 0x70, 0xD0, 0xAC, 0x6C, 0x7E, 0x00,
    0x20, 0xBB, 0xAF, 0xA5, 0x16, 0xAA, 0xBD, 0x51, 0xAE, 0x85, 0x16, 0xA5,
    0x17, 0x8D, 0xC1, 0x03, 0xA5, 0x26, 0x8D, 0xC2, 0x03, 0xA5, 0x18, 0x8D,
    0xC3, 0x03, 0xA5, 0x27, 0x8D, 0xC4, 0x03, 0xAD, 0xFE, 0x03, 0x85, 0x7E,
    0xAD, 0xFF, 0x03, 0x85, 0x7F, 0xA5, 0x19, 0x85, 0x5A, 0xA5, 0x28, 0x85,
    0x5B, 0xA5, 0x1A, 0x85, 0x5C, 0xA5, 0x29, 0x85, 0x5D, 0xA5, 0x1C, 0x85,
    0x7D, 0xA5, 0x1B, 0x85, 0x7B, 0xA5, 0x2A, 0x85, 0x7C, 0x60, 0xA9, 0x02,
    0x85, 0x5E, 0x20, 0xF1, 0xAD, 0x20, 0xF1, 0xAD, 0xAA, 0xA5, 0x5A, 0x29,
    0x07, 0xA8, 0x8A, 0x39, 0xC9, 0xF7, 0x85, 0x70, 0x60, 0x07, 0x05, 0x06,
    0x20, 0xDF, 0xAF, 0xA5, 0x16, 0xC9, 0x09, 0xB0, 0x10, 0xA8, 0xB9, 0x4B,
    0xAF, 0x8D, 0x00, 0xB0, 0x60, 0xAD, 0x36, 0x02, 0xC9, 0x2C, 0xD0, 0x11,
    0xA9, 0x00, 0x8D, 0x36, 0x02, 0xAD, 0x34, 0x02, 0x8D, 0xFE, 0x03, 0xAD,
    0x35, 0x02, 0x8D, 0xFF, 0x03, 0x60, 0x86, 0x54, 0x86, 0x55, 0x86, 0x56,
    0x86, 0x57, 0x20, 0xC7, 0xAF, 0xA5, 0x17, 0x85, 0x5A, 0xA5, 0x26, 0x85,
    0x5B, 0xA5, 0x18, 0x85, 0x5C, 0xA5, 0x27, 0x85, 0x5D, 0xA5, 0x16, 0x85,
    0x5E, 0x20, 0x78, 0xF6, 0xA2, 0x02, 0x20, 0x71, 0xF6, 0xE6, 0x56, 0xD0,
    0x02, 0xE6, 0x57, 0xA5, 0x56, 0xC5, 0x1A, 0xD0, 0xE8, 0xA5, 0x57, 0xC5,
    0x29, 0xD0, 0xE2, 0xA9, 0x00, 0x85, 0x56, 0x85, 0x57, 0xE6, 0x54, 0xD0,
    0x02, 0xE6, 0x55, 0xA5, 0x54, 0xC5, 0x19, 0xD0, 0x07, 0xA5, 0x55, 0xC5,
    0x28, 0xD0, 0x01, 0x60, 0xA5, 0x18, 0x85, 0x5C, 0xA5, 0x27, 0x85, 0x5D,
    0xA2, 0x00, 0x20, 0x71, 0xF6, 0x4C, 0x99, 0xAE, 0x20, 0x47, 0xA8, 0x20,
    0x83, 0xAF, 0xAA, 0xA0, 0x0A, 0xB1, 0x5F, 0xA0, 0x00, 0x20, 0x90, 0xAF,
    0xE6, 0x03, 0x20, 0x83, 0xAF, 0xAA, 0xA0, 0x0B, 0xB1, 0x5F, 0xA0, 0x00,
    0x4C, 0x90, 0xAF, 0x20, 0xD9, 0xAF, 0xA5, 0x16, 0xA8, 0xAA, 0xCA, 0x8A,
    0xD0, 0xFB, 0xAD, 0x02, 0xB0, 0x49, 0x04, 0x8D, 0x02, 0xB0, 0xC6, 0x17,
    0xF0, 0x03, 0x98, 0xD0, 0xEC, 0xA5, 0x26, 0xF0, 0x05, 0xC6, 0x26, 0x98,
    0xD0, 0xE3, 0x60, 0x3F, 0x7F, 0x7F, 0x7F, 0x7F, 0x7F, 0x7F, 0xFF, 0x3F,
    0x3F, 0x3F, 0x5F, 0x5F, 0xBF, 0xBF, 0xBF, 0x0F, 0x0F, 0x1F, 0x0F, 0x1F,
    0x0F, 0x1F, 0x1F, 0x04, 0x04, 0x05, 0x04, 0x05, 0x04, 0x05, 0x05, 0x84,
    0x84, 0x88, 0x86, 0x8C, 0x8C, 0x98, 0x98, 0x00, 0x10, 0x30, 0x50, 0x70,
    0x90, 0xB0, 0xD0, 0xF0, 0xA9, 0x00, 0x85, 0x5B, 0x85, 0x5D, 0x60, 0xA2,
    0x00, 0x88, 0xC8, 0xB1, 0x05, 0xC9, 0x20, 0xF0, 0xF9, 0xC9, 0x0D, 0xF0,
    0x0C, 0xC9, 0x3B, 0xF0, 0x08, 0x95, 0x71, 0xE8, 0xE0, 0x09, 0xD0, 0xEA,
    0x00, 0xA9, 0x20, 0x95, 0x71, 0xE8, 0xE0, 0x09, 0xD0, 0xF9, 0x84, 0x03,
    0x4C, 0xC3, 0xA5, 0x20, 0x91, 0xF2, 0xC9, 0x40, 0x90, 0xEA, 0xC9, 0x5B,
    0xB0, 0xE6, 0x18, 0x60, 0x9D, 0xE1, 0x02, 0x98, 0x9D, 0xFC, 0x02, 0x10,
    0x04, 0xA9, 0xFF, 0xD0, 0x02, 0xA9, 0x00, 0x9D, 0x17, 0x03, 0x9D, 0x32,
    0x03, 0x60, 0xFE, 0xE1, 0x02, 0xA9, 0x00, 0x9D, 0xFC, 0x02, 0x9D, 0x17,
    0x03, 0x9D, 0x32, 0x03, 0x60, 0xDE, 0xE1, 0x02, 0x4C, 0xA9, 0xAF, 0x20,
    0xBC, 0xC8, 0x20, 0x31, 0xC2, 0x20, 0xBC, 0xC8, 0x20, 0x31, 0xC2, 0x20,
    0xBC, 0xC8, 0x20, 0x31, 0xC2, 0x20, 0xBC, 0xC8, 0x20, 0x31, 0xC2, 0x20,
    0xBC, 0xC8, 0x20, 0x31, 0xC2, 0x20, 0xBC, 0xC8, 0x20, 0x31, 0xC2, 0x20,
    0xBC, 0xC8, 0x4C, 0x31, 0xC2, 0xA2, 0x00, 0x86, 0x04, 0x20, 0xBC, 0xC8,
    0x4C, 0x31, 0xC2, 0x20, 0xD1, 0xF7, 0x47, 0x41, 0x47, 0x53, 0x20, 0x56,
    0x32, 0x2E, 0x33, 0x0D, 0x0A, 0xEA, 0x60, 0x0A, 0x40, 0xBF, 0x20, 0x0F,
    0xA6, 0xF0, 0x3A, 0xAD, 0xFC, 0x03, 0x85, 0x97, 0xA2, 0x01, 0xE4, 0x06,
    0xF0, 0x34, 0x20, 0x2B, 0xA5, 0xB0, 0x2D, 0x20, 0x0F, 0xA6, 0xC9, 0x3D,
    0xF0, 0x03, 0x4C, 0x82, 0xA6, 0x8A, 0x48, 0x20, 0xDE, 0xC4, 0x68, 0xC6,
    0x24, 0xA0, 0xF9, 0xD1, 0x23, 0xD0, 0x23, 0xC8, 0x84, 0x96, 0x20, 0x6E,
    0xA6, 0xE6, 0x24, 0x4C, 0x5B, 0xC5, 0xA9, 0x2B, 0x20, 0xE8, 0xA5, 0x50,
    0x3E, 0x4C, 0x58, 0xC5, 0xA2, 0x1C, 0x86, 0x93, 0xA2, 0xA3, 0x86, 0x94,
    0x20, 0xEA, 0xA8, 0xA5, 0x97, 0xA0, 0x00, 0x84, 0x96, 0x85, 0x94, 0xB1,
    0x96, 0x85, 0x97, 0xC8, 0x84, 0x93, 0x88, 0xB1, 0x93, 0xC9, 0xE3, 0xD0,
    0x06, 0x0A, 0xC8, 0xD1, 0x93, 0xF0, 0xE1, 0xE8, 0x86, 0x7F, 0xA9, 0x0F,
    0x85, 0x7E, 0xE6, 0x7E, 0xA5, 0x7E, 0xC9, 0xA0, 0xF0, 0xC7, 0x85, 0x92,
    0xA0, 0x03, 0xA9, 0x00, 0x85, 0x91, 0xC8, 0xB1, 0x91, 0xD9, 0xAD, 0xA3,
    0xF0, 0xF8, 0xC0, 0x0B, 0xD0, 0xE4, 0x20, 0x7E, 0xA5, 0xA6, 0x7F, 0xD0,
    0x11, 0xA5, 0x7E, 0x20, 0xFA, 0xF7, 0xB1, 0x91, 0x20, 0xE9, 0xFF, 0xC8,
    0xC9, 0x0D, 0xD0, 0xF6, 0xF0, 0xCC, 0x98, 0xA4, 0x92, 0xAA, 0x86, 0x93,
    0xE8, 0x20, 0x44, 0xA5, 0xB0, 0xC0, 0xA4, 0x7E, 0x4C, 0xAD, 0xAF, 0xA2,
    0x05, 0xAD, 0x21, 0x03, 0x48, 0x8E, 0x21, 0x03, 0xA2, 0x00, 0x20, 0x89,
    0xC5, 0x68, 0x8D, 0x21, 0x03, 0x60, 0xA2, 0x7F, 0xA4, 0x03, 0xB1, 0x05,
    0xE6, 0x03, 0xC9, 0x0D, 0xF0, 0x0E, 0xE8, 0x9D, 0x00, 0x01, 0xC9, 0x2F,
    0xD0, 0xEE, 0x8A, 0x29, 0x3F, 0x85, 0x97, 0x60, 0x4C, 0xC6, 0xC8, 0x20,
    0xCC, 0xA0, 0x20, 0xD6, 0xA4, 0xB0, 0x13, 0x20, 0xD9, 0xC4, 0x20, 0x31,
    0xC2, 0xB0, 0x05, 0x20, 0xD6, 0xA4, 0xB0, 0x13, 0xA9, 0xFF, 0xA0, 0x7F,
    0xD0, 0x09, 0x20, 0x31, 0xC2, 0x90, 0xF0, 0xA5, 0x16, 0xA4, 0x25, 0x85,
    0x17, 0x84, 0x26, 0xA2, 0x01, 0x86, 0x04, 0x20, 0x91, 0xF2, 0xC9, 0x56,
    0xF0, 0x05, 0xC9, 0x4C, 0xF0, 0x01, 0x88, 0x85, 0x60, 0x20, 0xE7, 0xC4,
    0x20, 0x2E, 0xC6, 0xB0, 0x07, 0x20, 0xEC, 0xAF, 0x24, 0x20, 0xA1, 0xCE,
    0x20, 0xDC, 0xA4, 0x18, 0xA5, 0x16, 0xE5, 0x17, 0xA5, 0x25, 0xE5, 0x26,
    0xB0, 0x1C, 0x84, 0x96, 0xE6, 0x96, 0xA4, 0x96, 0xA2, 0x00, 0xE4, 0x95,
    0xF0, 0x0F, 0xB1, 0x58, 0xC9, 0x0D, 0xF0, 0xDD, 0xDD, 0x80, 0x01, 0xD0,
    0xEB, 0xC8, 0xE8, 0xD0, 0xED, 0x18, 0x60, 0x20, 0xCA, 0xA0, 0x85, 0x95,
    0xF0, 0x82, 0xC8, 0xB1, 0x05, 0xC9, 0x2F, 0xF0, 0x14, 0xC9, 0x0D, 0xD0,
    0xF5, 0x20, 0xEA, 0xA0, 0xB0, 0x08, 0x20, 0xEE, 0xA4, 0x20, 0x2D, 0xA1,
    0x90, 0xF8, 0x4C, 0xCA, 0xC2, 0xA2, 0x3F, 0x20, 0xE7, 0xA0, 0xB0, 0xF6,
    0x20, 0x3D, 0xA2, 0xB0, 0x06, 0x20, 0xC0, 0xAE, 0x20, 0xE8, 0xA4, 0x20,
    0x40, 0xA1, 0x4C, 0x82, 0xA1, 0x20, 0x0F, 0xA6, 0xC9, 0x2F, 0xD0, 0x06,
    0xE6, 0x03, 0x20, 0xCA, 0xA0, 0xAA, 0x86, 0x95, 0x20, 0xEA, 0xA0, 0xB0,
    0xD1, 0x20, 0xE8, 0xA4, 0x20, 0x72, 0xA2, 0x20, 0x3D, 0xA2, 0xB0, 0x05,
    0xA5, 0x58, 0x20, 0xBF, 0xA1, 0x20, 0x2D, 0xA1, 0x4C, 0xA7, 0xA1, 0x85,
    0x52, 0xA5, 0x59, 0x69, 0x00, 0x85, 0x53, 0x98, 0x65, 0x58, 0x85, 0x56,
    0xA9, 0x00, 0x85, 0x61, 0x65, 0x59, 0x85, 0x57, 0xA5, 0x0D, 0x85, 0x54,
    0xA5, 0x0E, 0x85, 0x55, 0xA2, 0x54, 0xA0, 0x00, 0x38, 0xA5, 0x52, 0xE5,
    0x56, 0x48, 0xA5, 0x53, 0xE5, 0x57, 0xB0, 0x25, 0x68, 0x90, 0x0C, 0xE6,
    0x56, 0xD0, 0x02, 0xE6, 0x57, 0xE6, 0x52, 0xD0, 0x02, 0xE6, 0x53, 0xB1,
    0x56, 0x91, 0x52, 0x20, 0x0E, 0xFA, 0xD0, 0xEB, 0xA5, 0x61, 0xD0, 0x08,
    0xA5, 0x52, 0x85, 0x0D, 0xA5, 0x53, 0x85, 0x0E, 0x60, 0x65, 0x55, 0x85,
    0x53, 0x68, 0x65, 0x54, 0x85, 0x52, 0xB0, 0x02, 0xC6, 0x53, 0x20, 0x04,
    0xA2, 0xB1, 0x54, 0x91, 0x52, 0x20, 0x0E, 0xFA, 0xF0, 0xE6, 0xA5, 0x54,
    0xD0, 0x02, 0xC6, 0x55, 0xC6, 0x54, 0xA5, 0x52, 0xD0, 0x02, 0xC6, 0x53,
    0xC6, 0x52, 0x4C, 0x21, 0xA2, 0xA5, 0x60, 0xC9, 0x56, 0xD0, 0x3D, 0x84,
    0x61, 0x20, 0xEE, 0xA4, 0x20, 0xD1, 0xF7, 0x59, 0x2F, 0x4E, 0x20, 0x3F,
    0xA4, 0x61, 0x20, 0xE6, 0xFF, 0x48, 0x20, 0xED, 0xFF, 0x68, 0xC9, 0x59,
    0xF0, 0x22, 0xC9, 0x4E, 0xF0, 0x1F, 0xC9, 0x1B, 0xF0, 0x3E, 0xC9, 0x43,
    0xF0, 0x14, 0xC9, 0x4C, 0xF0, 0x10, 0xC9, 0x53, 0xD0, 0xD6, 0xA4, 0x96,
    0x84, 0x96, 0xC8, 0xB1, 0x58, 0xC9, 0x0D, 0xD0, 0xF7, 0x60, 0x85, 0x60,
    0x18, 0x60, 0x20, 0x6D, 0xAE, 0xA0, 0xFE, 0x84, 0xD1, 0x20, 0x98, 0xAE,
    0x20, 0xA7, 0xA2, 0xA5, 0xD1, 0x30, 0x05, 0x20, 0x48, 0xA2, 0xB0, 0x0C,
    0xA0, 0x00, 0x84, 0xD1, 0x20, 0xA7, 0xA2, 0xA0, 0xFF, 0x20, 0x98, 0xAE,
    0x4C, 0xCA, 0xC2, 0xA5, 0x12, 0x85, 0x06, 0xA0, 0x00, 0x84, 0x05, 0xB1,
    0x05, 0xC9, 0x0D, 0xD0, 0x08, 0x20, 0xF6, 0xC4, 0xB1, 0x05, 0x30, 0xC5,
    0xC8, 0xC8, 0x84, 0x03, 0xA9, 0xE0, 0x20, 0xEE, 0xA8, 0xA4, 0x03, 0x50,
    0xE6, 0x20, 0x2B, 0xAF, 0x20, 0x0F, 0xA6, 0xF0, 0xE0, 0xE9, 0x61, 0xC9,
    0x1A, 0x90, 0x12, 0x84, 0x98, 0xA2, 0x00, 0x86, 0x04, 0x20, 0xD6, 0xA4,
    0xA5, 0xD1, 0x90, 0x13, 0xD0, 0x03, 0x20, 0x9D, 0xAE, 0x20, 0x0F, 0xA6,
    0xF0, 0xC3, 0xE6, 0x03, 0xC9, 0x2C, 0xD0, 0xF5, 0xF0, 0xD3, 0x18, 0xF0,
    0xF0, 0x20, 0xDC, 0xA4, 0x84, 0xD1, 0x20, 0xEE, 0xA4, 0xF0, 0xAC, 0x2F,
    0xA1, 0x5B, 0x52, 0x45, 0x4E, 0x55, 0x4D, 0xA2, 0x82, 0x41, 0x55, 0x54,
    0x4F, 0xAF, 0x34, 0x43, 0x4F, 0x4E, 0x54, 0xA8, 0x91, 0x44, 0x45, 0x4C,
    0xA1, 0x95, 0x52, 0x45, 0x41, 0x44, 0xA9, 0x86, 0x50, 0x45, 0x4E, 0x44,
    0xA7, 0x25, 0x3C, 0xA0, 0x3A, 0x43, 0x45, 0x4E, 0x44, 0xAA, 0x8C, 0x57,
    0x48, 0x49, 0x4C, 0x45, 0xA4, 0x39, 0x57, 0x45, 0x4E, 0x44, 0xA8, 0x57,
    0x58, 0x49, 0x46, 0xA4, 0x52, 0x45, 0x4C, 0x53, 0x45, 0xA9, 0x83, 0x46,
    0x45, 0x4E, 0x44, 0xAB, 0x3A, 0x42, 0x45, 0x45, 0x50, 0xA7, 0xE7, 0x4F,
    0x4E, 0x20, 0x45, 0x52, 0x52, 0x4F, 0x52, 0xA9, 0x5E, 0x4F, 0x4E, 0xAA,
    0x4A, 0x43, 0x41, 0x53, 0x45, 0xAA, 0x8F, 0x43, 0x4F, 0x50, 0x59, 0xA4,
    0xAE, 0x49, 0x43, 0x4F, 0x50, 0x59, 0xA4, 0xA5, 0x50, 0x4F, 0x50, 0xA8,
    0x25, 0x4B, 0x45, 0x59, 0xA4, 0x7F, 0x49, 0x4E, 0x4B, 0x45, 0x59, 0xA4,
    0x7C, 0x5A, 0x45, 0x52, 0x4F, 0xA8, 0x86, 0x56, 0x54, 0x41, 0x42, 0xA7,
    0xD0, 0x48, 0x54, 0x41, 0x42, 0xA7, 0xCD, 0x44, 0x41, 0x54, 0x41, 0xA9,
    0x83, 0x46, 0x55, 0x4E, 0x43, 0x54, 0x49, 0x4F, 0x4E, 0xA5, 0xC2, 0x50,
    0x52, 0x4F, 0x43, 0xA5, 0xC5, 0x50, 0x52, 0x4F, 0x47, 0x52, 0x41, 0x4D,
    0xA9, 0x6B, 0x50, 0x41, 0x55, 0x53, 0x45, 0xA7, 0xBE, 0x42, 0x53, 0x41,
    0x56, 0x45, 0xAF, 0xD6, 0x56, 0x41, 0x52, 0xA8, 0x2E, 0x48, 0x45, 0x58,
    0xAA, 0xC2, 0x43, 0x41, 0x54, 0xA0, 0x6C, 0x43, 0x4F, 0x53, 0xA7, 0xA9,
    0x53, 0x54, 0x4F, 0x50, 0xA8, 0xB5, 0x52, 0x45, 0x53, 0x54, 0x4F, 0x52,
    0x45, 0xA4, 0xFF, 0x47, 0x4F, 0x54, 0x4F, 0x81, 0x00, 0x47, 0x4F, 0x53,
    0x55, 0x42, 0xFF, 0x00, 0x80, 0x3E, 0xAF, 0x4F, 0x46, 0xFC, 0xAE, 0x7C,
    0x0E, 0xFB, 0xAD, 0xEE, 0xE0, 0x54, 0x52, 0x55, 0x45, 0xAD, 0xB9, 0x46,
    0x41, 0x4C, 0x53, 0x45, 0xAD, 0xB6, 0x49, 0x4E, 0x53, 0x54, 0x52, 0xAD,
    0x5A, 0x4E, 0x4F, 0x54, 0xAD, 0xB0, 0x45, 0x56, 0x45, 0x4E, 0xAD, 0xA9,
    0x4F, 0x44, 0x44, 0xAD, 0xA4, 0x80, 0x2C, 0xAC, 0x91, 0x80, 0xA9, 0xD5,
    0x8D, 0x02, 0x02, 0xA9, 0xAB, 0x8D, 0x03, 0x02, 0x60, 0xAD, 0xD9, 0x03,
    0xC9, 0x0A, 0xB0, 0xB0, 0x88, 0x0A, 0x69, 0x4D, 0x20, 0x38, 0xC5, 0x20,
    0x4B, 0xA9, 0xF0, 0x11, 0xEE, 0xD9, 0x03, 0x4C, 0x1B, 0xC3, 0x20, 0x4B,
    0xA9, 0xF0, 0x03, 0x4C, 0x70, 0xC5, 0xA2, 0x3E, 0x2C, 0xA2, 0x31, 0x85,
    0x97, 0x86, 0x52, 0xA5, 0x52, 0x20, 0xE8, 0xA5, 0x50, 0x8D, 0xA5, 0x93,
    0xE5, 0x52, 0xC9, 0x08, 0xB0, 0x04, 0xE6, 0x97, 0xD0, 0xED, 0xC6, 0x97,
    0x10, 0xE9, 0x30, 0xD3, 0x20, 0x94, 0xFE, 0x20, 0x71, 0xFE, 0xA9, 0x00,
    0xB0, 0x0B, 0xC0, 0x0D, 0xB0, 0x04, 0xC0, 0x05, 0xB0, 0x03, 0x20, 0xA1,
    0xA4, 0x48, 0x20, 0x34, 0xC4, 0x90, 0xEC, 0x20, 0xE8, 0xC4, 0x68, 0x20,
    0x7C, 0xC9, 0x4C, 0xE8, 0xC3, 0x08, 0x4C, 0xB1, 0xFE, 0x20, 0xC9, 0xA4,
    0x20, 0xDC, 0xA1, 0x4C, 0x5B, 0xC5, 0x20, 0xC9, 0xA4, 0xA2, 0x54, 0xA0,
    0x00, 0x20, 0xFB, 0xA1, 0xD0, 0xF1, 0x20, 0x8B, 0xC7, 0x20, 0x31, 0xC2,
    0x20, 0x8B, 0xC7, 0x20, 0x31, 0xC2, 0x4C, 0xE1, 0xC4, 0x20, 0xBA, 0xA4,
    0x20, 0xCB, 0xC3, 0xA0, 0x54, 0x84, 0x61, 0x4C, 0x8B, 0xAE, 0x20, 0x0F,
    0xA6, 0x4C, 0x6A, 0xC4, 0xA0, 0x01, 0xB1, 0x58, 0x85, 0x25, 0xC8, 0xB1,
    0x58, 0x85, 0x16, 0x60, 0xA5, 0x60, 0xC9, 0x4C, 0xD0, 0x10, 0x20, 0xB7,
    0xA0, 0x20, 0xDC, 0xA4, 0xC8, 0xB1, 0x58, 0x20, 0xE9, 0xFF, 0xC9, 0x0D,
    0xD0, 0xF6, 0x60, 0x20, 0x0F, 0xA6, 0xF0, 0x1E, 0x20, 0x25, 0xCC, 0x20,
    0xE4, 0xC4, 0x38, 0x20, 0xED, 0xAF, 0xA5, 0x57, 0xD0, 0x05, 0x20, 0x2E,
    0xC6, 0xB0, 0x9D, 0x20, 0xEC, 0xAF, 0xA4, 0x59, 0x85, 0x98, 0x84, 0x99,
    0xD0, 0x89, 0x20, 0xF6, 0xC4, 0x20, 0x23, 0xAF, 0xF0, 0xF0, 0x97, 0x38,
    0xB1, 0x05, 0xE9, 0x41, 0xC9, 0x1A, 0xB0, 0x35, 0x85, 0x93, 0x4A, 0x4A,
    0x18, 0x65, 0x93, 0xAA, 0x85, 0x93, 0xBD, 0xDE, 0x28, 0xBC, 0xBD, 0x28,
    0x38, 0xE5, 0x03, 0x85, 0x91, 0x98, 0xB0, 0x01, 0x88, 0x84, 0x92, 0xA4,
    0x03, 0x0A, 0xF0, 0x16, 0x88, 0xC8, 0xB1, 0x91, 0xC9, 0x41, 0x90, 0x10,
    0xD1, 0x05, 0xF0, 0xF5, 0xCA, 0x10, 0x02, 0xA2, 0x21, 0xE4, 0x93, 0xD0,
    0xD5, 0xC8, 0x38, 0x60, 0xC9, 0x2D, 0xF0, 0xEC, 0xB1, 0x05, 0xC9, 0x41,
    0xB0, 0xEA, 0xC4, 0x03, 0xF0, 0xE6, 0x84, 0x03, 0x88, 0xC8, 0xB1, 0x91,
    0xC9, 0x20, 0xF0, 0xF9, 0x18, 0x84, 0x94, 0x60, 0x0A, 0x08, 0x4A, 0x29,
    0x1F, 0x28, 0x10, 0x1F, 0x48, 0x20, 0x72, 0xD8, 0xE8, 0x68, 0x95, 0x15,
    0x20, 0x4B, 0xD4, 0xA0, 0x6F, 0x20, 0xCD, 0xC3, 0xA0, 0x00, 0xB9, 0x52,
    0x00, 0x91, 0x6F, 0xC8, 0xC0, 0x05, 0xD0, 0xF6, 0xA6, 0x04, 0x60, 0xCA,
    0xCA, 0xA8, 0x20, 0x37, 0xCA, 0xE8, 0x86, 0x04, 0x60, 0xBD, 0x7F, 0x01,
    0x20, 0x88, 0xA5, 0xD0, 0xF8, 0x60, 0xA9, 0x49, 0x2C, 0xA9, 0x22, 0x85,
    0x96, 0x20, 0x0F, 0xA6, 0x20, 0x2B, 0xA5, 0xD0, 0xD0, 0xA4, 0x03, 0x20,
    0xF6, 0xC4, 0xA5, 0x05, 0x9D, 0xDE, 0x28, 0xA5, 0x06, 0x9D, 0xBD, 0x28,
    0x20, 0xEA, 0xA5, 0x50, 0xBF, 0x4C, 0x58, 0xC5, 0x85, 0x96, 0xA6, 0x06,
    0xCA, 0xF0, 0x29, 0xA5, 0x96, 0x85, 0x93, 0x88, 0xA9, 0x0D, 0xC8, 0xD1,
    0x05, 0xD0, 0xFB, 0xC8, 0xB1, 0x05, 0x30, 0x18, 0xC8, 0x20, 0x28, 0xC5,
    0x20, 0x0F, 0xA6, 0xA9, 0xC0, 0x20, 0xF5, 0xA8, 0x50, 0xE1, 0x60, 0x20,
    0x91, 0xF2, 0xC9, 0x3B, 0xF0, 0x03, 0xC9, 0x0D, 0xB8, 0x84, 0x03, 0x60,
    0xA2, 0x00, 0xB1, 0x91, 0xC9, 0x25, 0xD0, 0x05, 0xA2, 0x40, 0xC8, 0xB1,
    0x91, 0x86, 0x90, 0x38, 0xE9, 0x40, 0xC9, 0x1B, 0xB0, 0x55, 0xC8, 0x84,
    0x94, 0x48, 0xA4, 0x96, 0xA6, 0x97, 0x05, 0x93, 0x05, 0x90, 0x91, 0x23,
    0x48, 0x98, 0x9D, 0x80, 0x01, 0x68, 0x10, 0x01, 0xC8, 0xC8, 0x84, 0x96,
    0xA6, 0x04, 0xE8, 0x0A, 0x10, 0x08, 0x68, 0x95, 0x15, 0x20, 0x1F, 0xAB,
    0xB0, 0x05, 0x68, 0xA8, 0x20, 0xE3, 0xC8, 0x20, 0x6E, 0xA6, 0xE6, 0x97,
    0xA4, 0x94, 0xB1, 0x91, 0xC8, 0xC9, 0x2C, 0xF0, 0xAF, 0x60, 0x20, 0x72,
    0xD8, 0xA4, 0x96, 0xA2, 0x04, 0xB5, 0x52, 0x91, 0x23, 0xC8, 0xCA, 0x10,
    0xF8, 0x84, 0x96, 0x60, 0xA6, 0x95, 0x8A, 0x48, 0xA4, 0x94, 0xA9, 0x00,
    0x85, 0x93, 0x85, 0x97, 0x85, 0x95, 0xA9, 0x03, 0x85, 0x96, 0xB1, 0x91,
    0xC9, 0x28, 0xD0, 0x52, 0xC8, 0xB1, 0x91, 0xC9, 0x3A, 0xD0, 0x07, 0xC8,
    0x66, 0x93, 0xA6, 0x96, 0x86, 0x95, 0x20, 0x1C, 0xA6, 0x24, 0x93, 0x30,
    0x04, 0xC9, 0x3A, 0xF0, 0xEF, 0xC9, 0x29, 0xD0, 0xD2, 0x84, 0x94, 0x20,
    0x91, 0xF2, 0xC9, 0x28, 0xD0, 0xC9, 0xA6, 0x04, 0xA5, 0x23, 0x48, 0xBC,
    0x80, 0x01, 0xB1, 0x23, 0x48, 0xE6, 0x24, 0x20, 0xFC, 0xAA, 0xC6, 0x24,
    0x68, 0x9D, 0x7F, 0x01, 0x20, 0x31, 0xC2, 0x68, 0xC5, 0x23, 0xD0, 0xAB,
    0xE0, 0x0B, 0xB0, 0xA7, 0xE4, 0x97, 0xD0, 0xDC, 0x20, 0x47, 0xC9, 0x20,
    0xB9, 0xA5, 0xA4, 0x03, 0x88, 0x20, 0xF6, 0xC4, 0x88, 0x84, 0x93, 0xA5,
    0x95, 0x91, 0x23, 0xC8, 0xA5, 0x05, 0x91, 0x23, 0xC8, 0xA5, 0x06, 0x91,
    0x23, 0x20, 0x64, 0xA6, 0x88, 0x84, 0x03, 0xA4, 0x96, 0xA9, 0x3F, 0x91,
    0x23, 0xC8, 0x68, 0x91, 0x23, 0x98, 0x18, 0x69, 0x06, 0xA8, 0x20, 0x78,
    0xAC, 0xA5, 0x91, 0x85, 0x05, 0xA5, 0x92, 0x85, 0x06, 0x4C, 0x58, 0xC5,
    0x00, 0x20, 0x2A, 0xA7, 0xF0, 0xF7, 0x20, 0xE4, 0xC4, 0xA9, 0x3F, 0xC6,
    0x24, 0xA0, 0xF8, 0xD1, 0x23, 0xD0, 0xED, 0xA0, 0xFF, 0x18, 0xA5, 0x23,
    0xF1, 0x23, 0x85, 0x23, 0x90, 0x02, 0xE6, 0x24, 0xC8, 0xB1, 0x23, 0xA8,
    0xB1, 0x23, 0x10, 0x27, 0xC8, 0x84, 0x93, 0xE8, 0x0A, 0x10, 0x0C, 0x4A,
    0x29, 0x1F, 0x95, 0x15, 0x20, 0x1F, 0xAB, 0xA9, 0x40, 0xB0, 0x07, 0x4A,
    0xA8, 0x20, 0xE3, 0xC8, 0xA9, 0x00, 0xA4, 0x93, 0x11, 0x23, 0x9D, 0x7F,
    0x01, 0x98, 0x18, 0x69, 0x06, 0xD0, 0xD4, 0x86, 0x04, 0xA0, 0x01, 0xB1,
    0x23, 0x85, 0x05, 0xC8, 0xB1, 0x23, 0x85, 0x06, 0x84, 0x93, 0xC8, 0xB1,
    0x23, 0xC9, 0x3F, 0xF0, 0x1C, 0x48, 0x0A, 0x90, 0x01, 0xC8, 0xA2, 0x04,
    0xC8, 0xB1, 0x23, 0x95, 0x52, 0xCA, 0x10, 0xF8, 0x84, 0x93, 0x20, 0x68,
    0xD8, 0x68, 0x20, 0x88, 0xA5, 0xA4, 0x93, 0xD0, 0xDD, 0x8A, 0x4C, 0xBF,
    0xA5, 0x20, 0xF8, 0xAF, 0x29, 0x01, 0xAA, 0xA0, 0x03, 0xBD, 0xFD, 0xA3,
    0x99, 0x14, 0x02, 0xE8, 0xE8, 0x88, 0x10, 0xF5, 0x30, 0x6D, 0x20, 0xF8,
    0xAF, 0xB4, 0x24, 0xC8, 0xAA, 0x20, 0x87, 0xFB, 0x88, 0xD0, 0xFA, 0xF0,
    0x5E, 0xA9, 0x0D, 0x2C, 0xA9, 0x1E, 0x48, 0x20, 0xE1, 0xC4, 0x68, 0x20,
    0xF4, 0xFF, 0x29, 0x0B, 0x20, 0x41, 0xCF, 0x88, 0x30, 0x49, 0x20, 0xF4,
    0xFF, 0x10, 0xF8, 0x20, 0xC0, 0xA4, 0xA9, 0x05, 0xB4, 0x14, 0xD0, 0x02,
    0x98, 0x88, 0x84, 0x92, 0x94, 0x14, 0x85, 0x93, 0xA0, 0x58, 0x20, 0x7B,
    0xC6, 0x84, 0x57, 0xA0, 0x53, 0x20, 0xCD, 0xC3, 0x20, 0x8C, 0xC6, 0xA5,
    0x57, 0x0A, 0x26, 0x58, 0xA8, 0xAD, 0x02, 0xB0, 0xC8, 0xA6, 0x92, 0xCA,
    0x8D, 0x02, 0xB0, 0xEA, 0xD0, 0xF9, 0x45, 0x93, 0x88, 0xD0, 0xF2, 0xC6,
    0x58, 0x10, 0xEE, 0x30, 0x06, 0xA4, 0x14, 0xF0, 0x02, 0xC6, 0x14, 0x4C,
    0x5B, 0xC5, 0x98, 0x48, 0x09, 0x40, 0x20, 0x4C, 0xCA, 0xA9, 0x3D, 0x20,
    0x4C, 0xCA, 0xA2, 0x01, 0x20, 0xE3, 0xC8, 0x20, 0xB9, 0xA0, 0xA4, 0x07,
    0x20, 0x9D, 0xF9, 0x84, 0x07, 0xF0, 0x03, 0x20, 0x54, 0xCD, 0x68, 0xA8,
    0xC8, 0xC0, 0x1B, 0xD0, 0xD9, 0xF0, 0xD4, 0xA5, 0x06, 0x48, 0xA5, 0x05,
    0x48, 0xAD, 0xD9, 0x03, 0xF0, 0x20, 0x0A, 0xAA, 0xBD, 0xD8, 0x03, 0x85,
    0x05, 0xBD, 0xD9, 0x03, 0x85, 0x06, 0x20, 0x4B, 0xA9, 0xF0, 0x05, 0x68,
    0x68, 0x4C, 0x1B, 0xC3, 0xCE, 0xD9, 0x03, 0x68, 0x85, 0x05, 0x68, 0x85,
    0x06, 0x20, 0x00, 0xC5, 0xD0, 0xA5, 0x8A, 0xA2, 0x6B, 0x9D, 0x22, 0x03,
    0xCA, 0x10, 0xFA, 0x30, 0x9A, 0xAD, 0xF9, 0x03, 0xC5, 0x0D, 0xD0, 0x53,
    0xEE, 0xF0, 0x03, 0xD0, 0x4E, 0xA2, 0x06, 0xBD, 0xF0, 0x03, 0x95, 0x0F,
    0xCA, 0xD0, 0xF8, 0x20, 0x2E, 0xA4, 0xE8, 0xBD, 0xF7, 0x03, 0x95, 0x05,
    0xCA, 0x10, 0xF8, 0x30, 0xDA, 0xC4, 0x06, 0xF0, 0x32, 0x20, 0xD1, 0xF7,
    0x06, 0x0A, 0x0D, 0x07, 0x53, 0x54, 0x4F, 0x50, 0x20, 0x41, 0x54, 0xA2,
    0x06, 0xB5, 0x0F, 0x9D, 0xF0, 0x03, 0xCA, 0xD0, 0xF8, 0xE8, 0xB5, 0x05,
    0x9D, 0xF7, 0x03, 0xCA, 0x10, 0xF8, 0xA5, 0x0D, 0x8D, 0xF9, 0x03, 0xBA,
    0x8E, 0xF0, 0x03, 0x84, 0x05, 0xA9, 0xCA, 0x4C, 0xE2, 0xC9, 0xA9, 0x00,
    0xF0, 0x07, 0x85, 0x93, 0x20, 0x0F, 0xA6, 0xA9, 0x40, 0x85, 0x95, 0xA2,
    0x00, 0xE6, 0x93, 0xA4, 0x03, 0x88, 0xC8, 0xE6, 0x93, 0xA1, 0x93, 0x30,
    0x1B, 0xD1, 0x05, 0xF0, 0xF5, 0xE6, 0x93, 0xA1, 0x93, 0x10, 0xFA, 0x24,
    0x95, 0x30, 0x2E, 0xC4, 0x03, 0xF0, 0x2A, 0xB1, 0x05, 0xC9, 0x2E, 0xD0,
    0x24, 0xC8, 0xA1, 0x93, 0xC9, 0x80, 0xF0, 0x26, 0x84, 0x03, 0x24, 0x95,
    0x70, 0x20, 0x68, 0x68, 0xA5, 0x94, 0x09, 0x7F, 0x21, 0x93, 0x48, 0xC9,
    0xA8, 0xD0, 0x03, 0x20, 0xE4, 0xC4, 0xE6, 0x93, 0xA1, 0x93, 0x48, 0x08,
    0x40, 0x50, 0xB6, 0xA1, 0x93, 0xC9, 0xA6, 0x90, 0xB0, 0xB8, 0x60, 0x20,
    0x0F, 0xA6, 0xC9, 0x25, 0xD0, 0x06, 0x20, 0xEB, 0xD9, 0x4C, 0xFB, 0xAF,
    0x20, 0x0C, 0xC7, 0x4C, 0xFB, 0xAF, 0x20, 0xF6, 0xC4, 0xA5, 0x05, 0x85,
    0x10, 0xA5, 0x06, 0x85, 0x11, 0xD0, 0x18, 0x8A, 0xA2, 0xBD, 0x8E, 0xF0,
    0x03, 0x8D, 0xD9, 0x03, 0x9D, 0x00, 0x28, 0xE8, 0xD0, 0xFA, 0x20, 0x2E,
    0xA4, 0xA5, 0x12, 0x85, 0x99, 0x86, 0x98, 0x4C, 0x75, 0xC5, 0x20, 0x91,
    0xF2, 0xC9, 0x25, 0xF0, 0x3B, 0xC9, 0x24, 0xF0, 0x48, 0xC8, 0xD1, 0x05,
    0xF0, 0x15, 0xC6, 0x03, 0x20, 0x34, 0xC4, 0x90, 0x62, 0x20, 0x02, 0xAA,
    0x20, 0x2F, 0xCA, 0x20, 0x31, 0xC2, 0x90, 0xDE, 0x4C, 0x58, 0xC5, 0x20,
    0x8B, 0xF0, 0x20, 0x02, 0xAA, 0xA6, 0x04, 0x20, 0x96, 0xCE, 0xC8, 0xB5,
    0x26, 0x91, 0x52, 0xC8, 0xB5, 0x35, 0x91, 0x52, 0xC8, 0xB5, 0x44, 0x91,
    0x52, 0x4C, 0xA3, 0xA9, 0x20, 0x44, 0xD4, 0x90, 0x32, 0xA2, 0xD0, 0xA0,
    0xFC, 0x20, 0x06, 0xAA, 0x20, 0x36, 0xD8, 0xF0, 0xCA, 0x20, 0x8B, 0xC7,
    0xA2, 0xCE, 0xA0, 0xB1, 0x20, 0x06, 0xAA, 0xA0, 0x54, 0x20, 0xCD, 0xC3,
    0xA0, 0xFF, 0xC8, 0xB1, 0x52, 0x91, 0x54, 0xC9, 0x0D, 0xD0, 0xF7, 0xF0,
    0xAE, 0x20, 0x8B, 0xC7, 0xA9, 0xF9, 0x20, 0xEE, 0xA8, 0x70, 0x4A, 0x4C,
    0xAC, 0xC2, 0xA2, 0xC7, 0xA0, 0x8B, 0x86, 0xE9, 0x84, 0xE8, 0xA5, 0x05,
    0x48, 0xA5, 0x06, 0x48, 0xA5, 0x03, 0x48, 0xA9, 0x00, 0x85, 0x03, 0xA5,
    0x99, 0x85, 0x06, 0xA5, 0x98, 0x85, 0x05, 0x20, 0x31, 0xC2, 0x90, 0x08,
    0xA9, 0x99, 0x20, 0xE8, 0xA5, 0x38, 0x50, 0x12, 0x20, 0xE9, 0xF7, 0x20,
    0x0F, 0xA6, 0x20, 0xF6, 0xC4, 0xA5, 0x05, 0x85, 0x98, 0xA5, 0x06, 0x85,
    0x99, 0x18, 0x68, 0x85, 0x03, 0x68, 0x85, 0x06, 0x68, 0x85, 0x05, 0xB0,
    0xCB, 0x60, 0x20, 0xB6, 0xCE, 0xB5, 0x16, 0x85, 0x96, 0xA9, 0xE9, 0x20,
    0xFA, 0xA9, 0x20, 0x1F, 0xCC, 0xC6, 0x96, 0xF0, 0x0D, 0x20, 0x31, 0xC2,
    0xA5, 0x57, 0xD0, 0x02, 0xC6, 0x04, 0xB0, 0x24, 0x90, 0xEC, 0xA5, 0x93,
    0xC9, 0xEF, 0xD0, 0x05, 0x4C, 0x0B, 0xCC, 0xE6, 0x03, 0x20, 0x0F, 0xA6,
    0xD0, 0xF9, 0x4C, 0xD5, 0xCB, 0xA9, 0x28, 0x20, 0xE8, 0xA5, 0x50, 0x4C,
    0xC9, 0xA0, 0xF0, 0xC1, 0x68, 0x68, 0xC6, 0x04, 0x4C, 0x58, 0xC5, 0x20,
    0x91, 0xF2, 0xC9, 0x24, 0xF0, 0x17, 0xC6, 0x03, 0x20, 0xF5, 0xA9, 0x20,
    0x7D, 0xAA, 0x20, 0xDA, 0xC6, 0xD0, 0xF8, 0xA9, 0xF7, 0x20, 0xFA, 0xA9,
    0xC6, 0x04, 0x4C, 0x1B, 0xC3, 0x20, 0xF5, 0xA9, 0x20, 0x7D, 0xAA, 0x20,
    0xB1, 0xCE, 0x20, 0x37, 0xC7, 0xD0, 0xE8, 0xA5, 0x54, 0x95, 0x15, 0x4C,
    0xB0, 0xAA, 0x20, 0xE1, 0xC4, 0xA0, 0x58, 0x20, 0xCD, 0xC3, 0xA2, 0x58,
    0x20, 0xF1, 0xF7, 0xA0, 0x00, 0xB1, 0x58, 0x20, 0xFA, 0xF7, 0xC8, 0xC0,
    0x04, 0xD0, 0xF6, 0xA0, 0x00, 0x20, 0xFD, 0xF7, 0xB1, 0x58, 0xC9, 0x7F,
    0xB0, 0x04, 0xC9, 0x20, 0xB0, 0x02, 0xA9, 0x2E, 0x20, 0xF4, 0xFF, 0xC8,
    0xC0, 0x04, 0xD0, 0xE9, 0x20, 0xED, 0xFF, 0x20, 0xA1, 0xCE, 0xD0, 0xCE,
    0x0A, 0xB0, 0x0B, 0x30, 0x03, 0x4C, 0x8B, 0xC7, 0x20, 0xFC, 0xD0, 0x4C,
    0x5D, 0xD8, 0x30, 0x06, 0x20, 0x28, 0xAB, 0x4C, 0xE1, 0xC8, 0x20, 0x91,
    0xF2, 0xC9, 0x25, 0xF0, 0x03, 0x4C, 0x5D, 0xD1, 0x20, 0x28, 0xAB, 0x20,
    0x4B, 0xD4, 0x20, 0xE0, 0xD1, 0x4C, 0x5D, 0xD8, 0x20, 0x34, 0xC4, 0x90,
    0xAF, 0xBC, 0x7F, 0x01, 0xC8, 0xB5, 0x15, 0xC6, 0x24, 0x91, 0x23, 0xE6,
    0x24, 0x60, 0x20, 0x2A, 0xA7, 0xC6, 0x24, 0xA0, 0xFF, 0xB1, 0x23, 0x88,
    0xAA, 0xB1, 0x23, 0x48, 0x88, 0xE8, 0xD0, 0xF9, 0xB1, 0x23, 0x85, 0x94,
    0xF0, 0x09, 0x20, 0x8B, 0xAB, 0xA4, 0x95, 0xE4, 0x94, 0xD0, 0xF7, 0xA2,
    0x00, 0x88, 0xB1, 0x23, 0x9D, 0x80, 0x01, 0xE8, 0xE0, 0x0B, 0xD0, 0xF5,
    0xE6, 0x24, 0x84, 0x94, 0xA5, 0x93, 0x69, 0x07, 0xA8, 0x20, 0x8B, 0xAB,
    0x18, 0xA5, 0x23, 0x65, 0x94, 0x85, 0x23, 0xB0, 0x02, 0xC6, 0x24, 0x68,
    0x85, 0x0F, 0x20, 0xC6, 0xAD, 0xE8, 0xE8, 0x9A, 0xA6, 0x04, 0x60, 0xA2,
    0x00, 0x88, 0xB1, 0x23, 0x95, 0x52, 0xE8, 0xE0, 0x05, 0xD0, 0xF6, 0x84,
    0x95, 0x4C, 0xD9, 0xC4, 0x86, 0x95, 0xA6, 0x04, 0x86, 0x97, 0xA0, 0x00,
    0xA2, 0x0A, 0xBD, 0x80, 0x01, 0x91, 0x23, 0xC8, 0xCA, 0x10, 0xF7, 0x84,
    0x96, 0xA6, 0x04, 0xF0, 0x05, 0x20, 0x6E, 0xA6, 0xD0, 0xF7, 0xA5, 0x97,
    0x20, 0x78, 0xAC, 0xA5, 0x0F, 0x48, 0xBA, 0xE8, 0x86, 0x97, 0x68, 0x91,
    0x23, 0xC8, 0xE8, 0xD0, 0xF9, 0xA5, 0x97, 0x20, 0x78, 0xAC, 0x4C, 0x80,
    0xA6, 0xAD, 0xFB, 0x03, 0xC9, 0xB3, 0xD0, 0x6F, 0xAD, 0xEE, 0x03, 0xD0,
    0x6A, 0x6C, 0xEE, 0x03, 0xA2, 0x00, 0xB5, 0x91, 0x48, 0xE8, 0xE0, 0x07,
    0xD0, 0xF8, 0x84, 0x93, 0xA9, 0xA4, 0x85, 0x94, 0x20, 0xEA, 0xA8, 0x20,
    0x2B, 0xA5, 0x90, 0xA0, 0xB0, 0x62, 0xA4, 0x03, 0xB1, 0x05, 0x30, 0x62,
    0x20, 0xF6, 0xC4, 0xC4, 0x06, 0xF0, 0x5B, 0x20, 0xD1, 0xF7, 0x06, 0x07,
    0x0A, 0x0D, 0x45, 0x52, 0x52, 0x4F, 0x52, 0x20, 0xA2, 0x00, 0xA5, 0x00,
    0x20, 0x7C, 0xC9, 0x20, 0xB9, 0xA0, 0x20, 0xED, 0xFF, 0x20, 0x2B, 0xAF,
    0xA0, 0x00, 0x18, 0x20, 0xED, 0xAF, 0x20, 0xFD, 0xF7, 0xB1, 0x58, 0xC9,
    0x0D, 0x38, 0xD0, 0xF3, 0x20, 0xDC, 0xA4, 0x20, 0xD1, 0xF7, 0x20, 0x20,
    0x20, 0x2A, 0x0A, 0x0D, 0xEA, 0x20, 0xEE, 0xA4, 0x4C, 0x9B, 0xCD, 0x68,
    0x68, 0x85, 0x00, 0x68, 0x85, 0x90, 0xA5, 0x00, 0xA0, 0x03, 0xC9, 0x1D,
    0xF0, 0x8A, 0xA0, 0x28, 0xC9, 0xAE, 0xF0, 0x84, 0xA5, 0x11, 0xC9, 0xC9,
    0xF0, 0x98, 0x4C, 0xDC, 0xC9, 0xA0, 0x00, 0xF6, 0x15, 0xD0, 0x02, 0xF6,
    0x24, 0xB5, 0x15, 0x91, 0x23, 0xB5, 0x24, 0xC8, 0x91, 0x23, 0x98, 0x38,
    0x65, 0x23, 0x85, 0x23, 0x90, 0x02, 0xE6, 0x24, 0xA0, 0x00, 0xB1, 0x23,
    0x49, 0xFF, 0x91, 0x23, 0xD1, 0x23, 0xD0, 0xF5, 0x60, 0xBA, 0xBD, 0x0D,
    0x01, 0xC9, 0xD3, 0xF0, 0x1C, 0xBC, 0x0A, 0x01, 0xBD, 0x08, 0x01, 0x48,
    0xBD, 0x09, 0x01, 0xAA, 0x68, 0xC9, 0x93, 0xF0, 0x4B, 0xC9, 0x7B, 0xF0,
    0x38, 0xC9, 0xF0, 0xD0, 0xAF, 0xE0, 0xF0, 0xD0, 0xAB, 0x20, 0xC6, 0xAD,
    0x9A, 0xA5, 0x23, 0x48, 0xA6, 0x04, 0x20, 0x69, 0xAC, 0x20, 0x8B, 0xC7,
    0x20, 0x69, 0xAC, 0x20, 0x64, 0xC6, 0x20, 0x16, 0xC8, 0x20, 0x31, 0xC2,
    0x90, 0xEF, 0x20, 0x47, 0xC9, 0xB5, 0x15, 0xD0, 0x02, 0xD6, 0x24, 0xD6,
    0x15, 0x18, 0x68, 0xE5, 0x23, 0xA0, 0x00, 0xF0, 0x93, 0xE0, 0xD4, 0xD0,
    0xC6, 0xB9, 0x87, 0x28, 0xBE, 0xA2, 0x28, 0xD0, 0x0D, 0x4C, 0x84, 0xF0,
    0xE0, 0xF0, 0xD0, 0xB7, 0xB9, 0xEB, 0x02, 0xBE, 0x06, 0x03, 0x85, 0x93,
    0xCA, 0x86, 0x94, 0xA6, 0x04, 0x20, 0xCB, 0xC3, 0xE8, 0x20, 0xA1, 0xC9,
    0xCA, 0x86, 0x04, 0xA0, 0xFF, 0xB1, 0x93, 0xC9, 0xEC, 0x90, 0xDA, 0xA8,
    0xB5, 0x16, 0xD1, 0x93, 0xC8, 0xB5, 0x25, 0xF1, 0x93, 0xC8, 0xB0, 0xCD,
    0xB5, 0x34, 0x15, 0x42, 0xD0, 0xC7, 0x98, 0xC8, 0x10, 0x23, 0x88, 0x48,
    0xB1, 0x93, 0xC8, 0x85, 0x53, 0xB1, 0x93, 0x85, 0x54, 0x20, 0x72, 0xC6,
    0x84, 0x52, 0x84, 0x55, 0x84, 0x56, 0x20, 0x16, 0xC8, 0x20, 0x31, 0xC2,
    0x20, 0x8B, 0xC7, 0x20, 0x87, 0xCD, 0x68, 0xD0, 0xC6, 0x20, 0x47, 0xC9,
    0x20, 0xC6, 0xAD, 0x4C, 0x87, 0xAB, 0x20, 0x91, 0xF2, 0xC9, 0x28, 0xD0,
    0x15, 0xA2, 0x27, 0x20, 0x33, 0xC2, 0xE6, 0x04, 0x20, 0x31, 0xC2, 0x20,
    0xB1, 0xCE, 0xA0, 0x58, 0x20, 0xCD, 0xC3, 0xA0, 0x00, 0xA9, 0x00, 0x85,
    0x54, 0x38, 0xB1, 0x58, 0xE9, 0x0D, 0xF0, 0x1D, 0xC8, 0x84, 0x56, 0x88,
    0x88, 0xC8, 0x20, 0x7B, 0xD6, 0xC9, 0x0D, 0xF0, 0x0A, 0xD1, 0x58, 0xF0,
    0xF4, 0xA4, 0x56, 0xD0, 0xE0, 0xF0, 0x04, 0xA5, 0x55, 0xF0, 0x02, 0xA5,
    0x56, 0x48, 0x20, 0x47, 0xC9, 0x68, 0xB0, 0x1A, 0x20, 0x3E, 0xCF, 0x10,
    0x12, 0x20, 0x3E, 0xCF, 0xC8, 0x4C, 0xBB, 0xAD, 0x20, 0x3E, 0xCF, 0x98,
    0xF0, 0x03, 0xA0, 0x00, 0x2C, 0xA0, 0x01, 0x98, 0x29, 0x01, 0xA6, 0x04,
    0x20, 0x7C, 0xC9, 0x4C, 0x82, 0xAB, 0xBA, 0xA0, 0x07, 0xBD, 0x03, 0x01,
    0xE8, 0x99, 0x90, 0x00, 0x88, 0xD0, 0xF6, 0xE8, 0xE8, 0x60, 0xA2, 0x04,
    0x8E, 0x02, 0xB0, 0x68, 0x28, 0x68, 0x68, 0x60, 0x08, 0xA5, 0xD9, 0x20,
    0x61, 0xAE, 0xA9, 0x7E, 0x85, 0xC0, 0x20, 0xBD, 0xFC, 0x90, 0xF7, 0xE6,
    0xC0, 0x10, 0xF7, 0xA2, 0x14, 0x86, 0xC4, 0xAC, 0x02, 0xB0, 0x20, 0xCD,
    0xFC, 0xF0, 0x01, 0xE8, 0xCE, 0xC4, 0x00, 0xD0, 0xF5, 0xE0, 0x17, 0x66,
    0xC0, 0x90, 0xE8, 0x4C, 0x1C, 0xFC, 0x08, 0x48, 0x20, 0x23, 0xFC, 0x85,
    0xC0, 0xA5, 0xD0, 0x20, 0x61, 0xAE, 0x20, 0xD8, 0xFC, 0xA0, 0x0A, 0x18,
    0x90, 0x09, 0xA2, 0x07, 0x8E, 0x02, 0xB0, 0xA2, 0x01, 0xD0, 0x0B, 0xA9,
    0x04, 0x8D, 0x02, 0xB0, 0x20, 0xD8, 0xFC, 0xEE, 0x02, 0xB0, 0x20, 0xDA,
    0xFC, 0x38, 0x66, 0xC0, 0x88, 0xD0, 0xE1, 0xBA, 0xBD, 0x03, 0x01, 0x29,
    0x0F, 0x5D, 0x04, 0x01, 0xC9, 0xFC, 0xF0, 0x8A, 0x4C, 0xB6, 0xFC, 0xA5,
    0x7E, 0x18, 0x65, 0x7A, 0x85, 0x7E, 0xA5, 0x7F, 0x65, 0x7B, 0x85, 0x7F,
    0x10, 0x0E, 0x4C, 0x6B, 0xC4, 0x78, 0x86, 0xEC, 0x84, 0xC3, 0xEE, 0x1F,
    0x80, 0x8D, 0x1E, 0x80, 0x60, 0xA9, 0x0A, 0x85, 0x16, 0x86, 0x25, 0x85,
    0x17, 0x86, 0x26, 0x20, 0xD6, 0xA4, 0xB0, 0x02, 0xE6, 0x04, 0x20, 0x31,
    0xC2, 0x20, 0xD6, 0xA4, 0x20, 0xE4, 0xC4, 0xA2, 0x02, 0xA0, 0x7A, 0x20,
    0xCD, 0xC3, 0xC8, 0xC8, 0x4C, 0xCD, 0xC3, 0xA4, 0x99, 0x84, 0x03, 0x60,
    0x84, 0x53, 0xC8, 0x84, 0x70, 0x84, 0x99, 0x20, 0x1B, 0xAF, 0xA0, 0x01,
    0xB1, 0x58, 0x30, 0xEB, 0xC8, 0xC5, 0x53, 0xD0, 0x33, 0xB1, 0x58, 0xC5,
    0x52, 0xD0, 0x2D, 0x20, 0xF9, 0xAE, 0x20, 0x2B, 0xAF, 0xA4, 0x98, 0x84,
    0x96, 0xA4, 0x99, 0x18, 0xA5, 0x96, 0x65, 0x97, 0x65, 0x58, 0x20, 0xBF,
    0xA1, 0xA4, 0x96, 0xA2, 0x00, 0xF0, 0x07, 0xBD, 0x40, 0x01, 0x91, 0x58,
    0xC8, 0xE8, 0xE4, 0x97, 0xD0, 0xF5, 0x88, 0x84, 0x96, 0x84, 0x03, 0x60,
    0xA5, 0x70, 0xD0, 0x0A, 0x88, 0xA5, 0x7F, 0x91, 0x58, 0xC8, 0xA5, 0x7E,
    0x91, 0x58, 0x20, 0x4F, 0xAE, 0x20, 0x74, 0xA2, 0x20, 0xA1, 0xCE, 0xD0,
    0xAB, 0xA9, 0x40, 0x85, 0x52, 0xA2, 0x00, 0xA0, 0x7E, 0x20, 0xA1, 0xC9,
    0x20, 0x81, 0xC9, 0x86, 0x53, 0x20, 0x9D, 0xD2, 0xA9, 0xF8, 0x85, 0x70,
    0x20, 0xD0, 0xD4, 0x38, 0xA9, 0x08, 0x65, 0x70, 0x85, 0x97, 0x60, 0xA5,
    0x7C, 0x85, 0x7E, 0xA5, 0x7D, 0x85, 0x7F, 0xA5, 0x12, 0x85, 0x59, 0xA9,
    0x00, 0xF0, 0x06, 0xA5, 0x06, 0x85, 0x59, 0xA5, 0x05, 0x85, 0x58, 0x60,
    0x20, 0x6D, 0xAE, 0x20, 0x1B, 0xAF, 0x85, 0xD2, 0xF0, 0x1C, 0x85, 0xD1,
    0xA5, 0x98, 0x8D, 0x08, 0x02, 0xA5, 0x99, 0x8D, 0x09, 0x02, 0x68, 0xC9,
    0x13, 0xD0, 0x58, 0xA5, 0x25, 0x85, 0x7F, 0xA5, 0x16, 0x20, 0x51, 0xAE,
    0xA9, 0x00, 0x20, 0xFB, 0xAE, 0x20, 0xB7, 0xA0, 0xA4, 0x97, 0xA6, 0xD2,
    0xF0, 0x0A, 0x20, 0x79, 0xF3, 0x99, 0x00, 0x01, 0xC8, 0xCA, 0xD0, 0xF6,
    0x86, 0x52, 0x20, 0x18, 0xCD, 0xA8, 0x20, 0x76, 0xF8, 0x84, 0xD2, 0xB9,
    0x00, 0x01, 0xC8, 0x38, 0xE9, 0x30, 0xC9, 0x0A, 0x90, 0xF5, 0x88, 0xC4,
    0xD2, 0xF0, 0x19, 0x84, 0xD2, 0x20, 0x76, 0xF8, 0x98, 0x38, 0xE5, 0xD2,
    0x85, 0xD2, 0xE8, 0xBD, 0x07, 0x02, 0x95, 0x97, 0xBD, 0xF8, 0xA3, 0x9D,
    0x07, 0x02, 0x10, 0xF2, 0x4C, 0xD5, 0xC2, 0x48, 0xA5, 0xD1, 0x6C, 0x08,
    0x02, 0x84, 0x12, 0x20, 0x23, 0xAF, 0xA8, 0x20, 0x77, 0xA2, 0xC8, 0xB1,
    0x58, 0x08, 0xC8, 0x20, 0xA1, 0xCE, 0x28, 0x10, 0xF2, 0xA5, 0x58, 0x85,
    0x0D, 0x85, 0x23, 0xA5, 0x59, 0x85, 0x0E, 0x85, 0x24, 0xA6, 0x12, 0x86,
    0x06, 0xA2, 0x00, 0x4C, 0xDA, 0xC2, 0x20, 0xFA, 0xCE, 0x84, 0x58, 0x85,
    0x59, 0xA5, 0x0D, 0x85, 0x5A, 0xA5, 0x0E, 0x85, 0x5B, 0xA9, 0xAF, 0x85,
    0x56, 0x4C, 0x1F, 0xCF, 0x18, 0xA5, 0x58, 0xE9, 0x01, 0x85, 0x58, 0xB0,
    0x02, 0xC6, 0x59, 0x60, 0x20, 0xE1, 0xC4, 0xC6, 0x04, 0xB5, 0x15, 0x60,
    0x40, 0xBF, 0xA2, 0xFF, 0xA4, 0x5E, 0x88, 0xE8, 0xC8, 0xBD, 0x32, 0xA0,
    0x30, 0x16, 0xD1, 0x05, 0xF0, 0xF5, 0xCA, 0xE8, 0xBD, 0x32, 0xA0, 0x10,
    0xFA, 0xE8, 0xB1, 0x05, 0xC9, 0x2E, 0xD0, 0xE4, 0xC8, 0xCA, 0xB0, 0xE5,
    0x85, 0x53, 0xBD, 0x33, 0xA0, 0x85, 0x52, 0x84, 0x03, 0xA6, 0x04, 0x6C,
    0x52, 0x00, 0x44, 0x41, 0x54, 0x41, 0xA1, 0x15, 0x52, 0x45, 0x53, 0x54,
    0x4F, 0x52, 0x45, 0xA1, 0x24, 0x52, 0x45, 0x41, 0x44, 0xA1, 0x97, 0x46,
    0x49, 0x4E, 0x44, 0xA2, 0x42, 0x52, 0x45, 0x4E, 0x55, 0x4D, 0xA3, 0xEF,
    0x46, 0x43, 0x4F, 0x53, 0xA4, 0xFE, 0x53, 0x43, 0x4F, 0x53, 0xA5, 0x02,
    0x58, 0x44, 0x55, 0x4D, 0x50, 0xA6, 0xBE, 0x48, 0x44, 0x55, 0x4D, 0x50,
    0xA6, 0xC4, 0x44, 0x49, 0x53, 0x41, 0x53, 0xA8, 0x8A, 0x43, 0x4F, 0x50,
    0x59, 0xA8, 0xB7, 0x52, 0x45, 0x4C, 0x4F, 0x43, 0xA8, 0xBD, 0x53, 0x54,
    0x45, 0x50, 0xA9, 0x57, 0x50, 0x4C, 0x41, 0x59, 0xAB, 0x03, 0x4B, 0x45,
    0x59, 0xAA, 0x7A, 0x4F, 0x4E, 0x20, 0x45, 0x52, 0x52, 0xAB, 0xEE, 0x53,
    0x48, 0x41, 0x50, 0x45, 0xAA, 0x9E, 0x47, 0x52, 0x4D, 0x4F, 0x44, 0xAE,
    0x06, 0x54, 0x58, 0x4D, 0x4F, 0x44, 0xAE, 0x02, 0xC5, 0x58, 0xA4, 0x57,
    0xE8, 0xBD, 0xDA, 0xA0, 0x30, 0x16, 0xC8, 0xD1, 0x58, 0xF0, 0xF5, 0xCA,
    0xE8, 0xBD, 0xDA, 0xA0, 0x10, 0xFA, 0xE8, 0xB1, 0x58, 0xC9, 0x2E, 0xD0,
    0xE5, 0xCA, 0xB0, 0xE5, 0x85, 0x53, 0xBD, 0xDB, 0xA0, 0x85, 0x52, 0x6C,
    0x52, 0x00, 0x54, 0x41, 0xA1, 0x88, 0xA1, 0x4F, 0x4F, 0x54, 0x4F, 0xA4,
    0x6A, 0x4F, 0x53, 0x55, 0x42, 0xA4, 0x6A, 0xA4, 0x0E, 0x54, 0x4F, 0x52,
    0x45, 0xA4, 0x60, 0xA4, 0x0E, 0xA5, 0x06, 0xC9, 0x01, 0xD0, 0x01, 0xA2,
    0x00, 0x86, 0x04, 0x60, 0xC8, 0xB1, 0x05, 0xC9, 0x20, 0xF0, 0xF9, 0x84,
    0x03, 0x60, 0xC9, 0x2C, 0xF0, 0x06, 0xC9, 0x3B, 0xF0, 0x02, 0xC9, 0x0D,
    0x60, 0x88, 0xC8, 0xB1, 0x05, 0x20, 0x0E, 0xA1, 0xD0, 0xF8, 0x20, 0xF6,
    0xC4, 0x4C, 0x5B, 0xC5, 0x20, 0x01, 0xA1, 0x20, 0x0E, 0xA1, 0xF0, 0x12,
    0x20, 0x25, 0xCC, 0x20, 0xE4, 0xC4, 0xA5, 0x57, 0xD0, 0x13, 0x20, 0x2E,
    0xC6, 0x90, 0x0E, 0x4C, 0x7D, 0xCC, 0xA9, 0x02, 0x85, 0x58, 0xA5, 0x12,
    0x85, 0x59, 0x20, 0xF6, 0xC4, 0x20, 0x66, 0xA1, 0x4C, 0x5B, 0xC5, 0xC8,
    0xB1, 0x58, 0xC9, 0x3B, 0xF0, 0x0F, 0xC9, 0x0D, 0xD0, 0xF5, 0xC8, 0xB1,
    0x58, 0x10, 0x01, 0x00, 0xC8, 0x20, 0xA1, 0xCE, 0x88, 0xC8, 0xB1, 0x58,
    0xC9, 0x20, 0xF0, 0xF9, 0xC9, 0x44, 0xF0, 0x0A, 0xC9, 0x61, 0x90, 0xDB,
    0xC9, 0x7B, 0xB0, 0xD7, 0x90, 0xEB, 0xC8, 0xB1, 0x58, 0xC9, 0x41, 0xD0,
    0xCE, 0x84, 0x57, 0xA2, 0xFF, 0x4C, 0xB4, 0xA0, 0x20, 0xA1, 0xCE, 0x88,
    0x84, 0x97, 0xA5, 0x58, 0x85, 0x98, 0xA5, 0x59, 0x85, 0x99, 0x60, 0xA5,
    0x06, 0xC9, 0x01, 0xF0, 0x25, 0xA5, 0x99, 0xC5, 0x12, 0x90, 0x1F, 0xC5,
    0x0E, 0x90, 0x08, 0xD0, 0x19, 0xA5, 0x98, 0xC5, 0x0D, 0xB0, 0x13, 0x84,
    0x94, 0xA4, 0x97, 0xB1, 0x98, 0x20, 0x0E, 0xA1, 0xD0, 0x11, 0x18, 0x88,
    0x98, 0x65, 0x98, 0x85, 0x58, 0xA9, 0x00, 0xA8, 0x65, 0x99, 0x85, 0x59,
    0x20, 0x4F, 0xA1, 0xE6, 0x97, 0xA4, 0x94, 0xA2, 0xFF, 0xE8, 0xB1, 0x05,
    0x20, 0x0A, 0xA1, 0xF0, 0x06, 0x9D, 0x00, 0x01, 0xC8, 0xD0, 0xF2, 0xA9,
    0x3D, 0x9D, 0x00, 0x01, 0xA5, 0x05, 0x85, 0x95, 0xA5, 0x06, 0x85, 0x96,
    0x84, 0x94, 0xA4, 0x97, 0xE8, 0xB1, 0x98, 0x20, 0x0A, 0xA1, 0xF0, 0x06,
    0x9D, 0x00, 0x01, 0xC8, 0xD0, 0xF2, 0x84, 0x97, 0xA0, 0xFF, 0xCA, 0xC8,
    0xE8, 0xB9, 0x36, 0xA2, 0x9D, 0x00, 0x01, 0x10, 0xF6, 0xA2, 0x01, 0x86,
    0x06, 0xCA, 0x86, 0x05, 0x86, 0x03, 0x4C, 0x1B, 0xC3, 0x68, 0x68, 0xA4,
    0x94, 0xA5, 0x95, 0x85, 0x05, 0xA5, 0x96, 0x85, 0x06, 0xB1, 0x05, 0xC9,
    0x2C, 0xF0, 0x06, 0x20, 0xF6, 0xC4, 0x4C, 0x5B, 0xC5, 0xE6, 0x94, 0x4C,
    0xB1, 0xA1, 0x3B, 0x4C, 0x49, 0x4E, 0x4B, 0x23, 0x41, 0x32, 0x31, 0x39,
    0x0D, 0xEA, 0x20, 0xF5, 0xA0, 0x20, 0xFA, 0xCE, 0x84, 0x34, 0x84, 0x43,
    0x84, 0x58, 0x85, 0x59, 0xA5, 0x53, 0xC9, 0x01, 0xD0, 0x06, 0xA5, 0x52,
    0xC9, 0x40, 0xF0, 0x0B, 0x88, 0xC8, 0xB1, 0x52, 0x99, 0x40, 0x01, 0xC9,
    0x0D, 0xD0, 0xF6, 0xA0, 0xFF, 0xA2, 0x00, 0xC8, 0xB1, 0x58, 0xDD, 0x40,
    0x01, 0xF0, 0x15, 0xC9, 0x0D, 0xD0, 0xF4, 0xC8, 0xB1, 0x58, 0x30, 0x24,
    0x85, 0x25, 0xC8, 0xB1, 0x58, 0x85, 0x16, 0x20, 0xA1, 0xCE, 0xD0, 0xE4,
    0x84, 0x57, 0xE8, 0xC8, 0xBD, 0x40, 0x01, 0xC9, 0x0D, 0xD0, 0x05, 0x20,
    0xA3, 0xA2, 0xD0, 0xD1, 0xD1, 0x58, 0xF0, 0xEE, 0xA4, 0x57, 0xD0, 0xC9,
    0x4C, 0x5B, 0xC5, 0xAD, 0x21, 0x03, 0x48, 0xA9, 0x05, 0x8D, 0x21, 0x03,
    0x20, 0x93, 0xC5, 0x68, 0x8D, 0x21, 0x03, 0xA0, 0x01, 0xB1, 0x58, 0xC9,
    0x0D, 0xF0, 0x06, 0x20, 0x4C, 0xCA, 0xC8, 0xD0, 0xF4, 0x20, 0x54, 0xCD,
    0x88, 0x60, 0xA2, 0x01, 0xA9, 0x0A, 0x20, 0x7C, 0xC9, 0xA9, 0x0A, 0x20,
    0x7C, 0xC9, 0xA9, 0x01, 0x85, 0x04, 0x20, 0x65, 0xC4, 0x90, 0x13, 0xA5,
    0x44, 0x05, 0x35, 0xF0, 0x03, 0x4C, 0x6B, 0xC4, 0xA5, 0x26, 0x30, 0xF9,
    0x20, 0x31, 0xC2, 0x4C, 0x65, 0xC4, 0x20, 0x31, 0xC2, 0xE6, 0x04, 0x4C,
    0x65, 0xC4, 0xA5, 0x0D, 0x85, 0x54, 0xA5, 0x0E, 0x85, 0x55, 0x20, 0xBD,
    0xCD, 0x85, 0x52, 0xA5, 0x0E, 0x85, 0x53, 0x88, 0xA9, 0x55, 0x91, 0x0D,
    0xD1, 0x0D, 0xF0, 0x03, 0x4C, 0xF6, 0xCD, 0x0A, 0x91, 0x0D, 0xD1, 0x0D,
    0xD0, 0xF6, 0xB1, 0x54, 0x91, 0x52, 0x98, 0xD0, 0x04, 0xC6, 0x55, 0xC6,
    0x53, 0x88, 0x98, 0x65, 0x54, 0xA6, 0x55, 0x90, 0x01, 0xE8, 0xC5, 0x58,
    0x8A, 0xE5, 0x59, 0xB0, 0xE5, 0x60, 0xA0, 0x00, 0xB1, 0x52, 0x91, 0x0D,
    0xC9, 0x0D, 0xF0, 0x09, 0xC8, 0xD0, 0xF5, 0xE6, 0x53, 0xE6, 0x0E, 0xD0,
    0xEF, 0xC8, 0xD0, 0x04, 0xE6, 0x53, 0xE6, 0x0E, 0xB1, 0x52, 0x91, 0x0D,
    0x10, 0xEA, 0x4C, 0xBD, 0xCD, 0xA2, 0x04, 0xA9, 0x00, 0x95, 0x45, 0x38,
    0xA5, 0x16, 0xFD, 0x08, 0xC6, 0xA8, 0xA5, 0x25, 0xFD, 0x10, 0xC6, 0x90,
    0x08, 0x85, 0x25, 0x84, 0x16, 0xF6, 0x45, 0xD0, 0xEA, 0xCA, 0x10, 0xE3,
    0xA2, 0x05, 0xCA, 0xF0, 0x04, 0xB5, 0x45, 0xF0, 0xF9, 0x60, 0xC8, 0xB1,
    0x58, 0xC9, 0x20, 0xF0, 0xF9, 0x60, 0xA5, 0x17, 0x85, 0x16, 0xA5, 0x26,
    0x85, 0x25, 0xA0, 0x00, 0x84, 0x52, 0xA5, 0x12, 0x85, 0x53, 0xC8, 0xB1,
    0x52, 0x10, 0x20, 0x60, 0xC8, 0xB1, 0x52, 0xC9, 0x0D, 0xD0, 0xF9, 0xC8,
    0xB1, 0x52, 0x10, 0x01, 0x60, 0x18, 0xA5, 0x16, 0x65, 0x18, 0x85, 0x16,
    0xA5, 0x25, 0x65, 0x27, 0x10, 0x03, 0x4C, 0x6B, 0xC4, 0x85, 0x25, 0xA5,
    0x5A, 0xF0, 0x1D, 0x4A, 0xD0, 0x10, 0xB1, 0x52, 0xC5, 0x28, 0x30, 0x14,
    0xD0, 0x07, 0xC8, 0xB1, 0x52, 0xC5, 0x19, 0xD0, 0x0C, 0x60, 0xA5, 0x25,
    0x91, 0x52, 0xC8, 0xA5, 0x16, 0x91, 0x52, 0x88, 0xC8, 0x18, 0x98, 0x65,
    0x52, 0x85, 0x52, 0x90, 0x02, 0xE6, 0x53, 0xA0, 0x00, 0xF0, 0xB1, 0x20,
    0xF5, 0xA0, 0x20, 0xC6, 0xA2, 0x20, 0x01, 0xA1, 0xC9, 0x0D, 0xD0, 0x01,
    0xA9, 0x00, 0x85, 0x5A, 0x20, 0x8A, 0xA3, 0xE6, 0x5A, 0xA0, 0x00, 0x84,
    0x58, 0xA5, 0x12, 0x85, 0x59, 0x88, 0xC8, 0xB1, 0x58, 0xC9, 0x0D, 0xF0,
    0x29, 0xC9, 0x47, 0xF0, 0x1E, 0xC9, 0x52, 0xD0, 0xF1, 0xC8, 0xB1, 0x58,
    0xC9, 0x0D, 0xF0, 0x1A, 0xC9, 0x45, 0xD0, 0xE6, 0xC8, 0xB1, 0x58, 0xC9,
    0x0D, 0xF0, 0x0F, 0xC9, 0x53, 0xD0, 0xDB, 0xA2, 0x12, 0xD0, 0x02, 0xA2,
    0x05, 0x84, 0x57, 0x4C, 0xB4, 0xA0, 0xC8, 0xB1, 0x58, 0x30, 0x15, 0x85,
    0x28, 0xC8, 0xB1, 0x58, 0x85, 0x19, 0x18, 0x98, 0x65, 0x58, 0x85, 0x58,
    0x90, 0x02, 0xE6, 0x59, 0xA0, 0x01, 0xD0, 0xB7, 0xE6, 0x5A, 0x20, 0x8A,
    0xA3, 0x4C, 0xCF, 0xC2, 0x20, 0x82, 0xA3, 0x20, 0x0A, 0xA1, 0xF0, 0xA6,
    0xD0, 0x03, 0x20, 0x82, 0xA3, 0xC9, 0x7B, 0xB0, 0x08, 0xC9, 0x61, 0xB0,
    0x99, 0xC9, 0x3A, 0x90, 0x0C, 0x84, 0x57, 0x20, 0x8A, 0xA3, 0x20, 0xA3,
    0xA2, 0xA4, 0x57, 0xD0, 0x8A, 0xC9, 0x30, 0x90, 0xF0, 0xA5, 0x58, 0x48,
    0xA5, 0x59, 0x48, 0x98, 0x48, 0x18, 0x65, 0x58, 0x85, 0x58, 0x85, 0x05,
    0xA9, 0x00, 0xAA, 0xA8, 0x65, 0x59, 0x85, 0x59, 0x85, 0x06, 0xA9, 0x03,
    0x85, 0x04, 0x20, 0x6E, 0xC4, 0x90, 0xCE, 0x85, 0x56, 0x84, 0x57, 0x20,
    0x8A, 0xA3, 0xD0, 0x3D, 0x20, 0x59, 0xA3, 0x86, 0x56, 0xA5, 0x57, 0xE5,
    0x56, 0xF0, 0x25, 0x10, 0x09, 0x49, 0xFF, 0xA8, 0xC8, 0x20, 0xF6, 0xA2,
    0x90, 0x18, 0x48, 0xA5, 0x58, 0x85, 0x0D, 0xA5, 0x59, 0x85, 0x0E, 0x18,
    0x68, 0x65, 0x58, 0x85, 0x52, 0xA9, 0x00, 0x65, 0x59, 0x85, 0x53, 0x20,
    0x36, 0xA3, 0xA6, 0x56, 0xA0, 0x00, 0x18, 0xB5, 0x45, 0x69, 0x30, 0x91,
    0x58, 0xC8, 0xCA, 0x10, 0xF6, 0x68, 0x65, 0x56, 0xA8, 0x68, 0x85, 0x59,
    0x68, 0x85, 0x58, 0x4C, 0x0E, 0xA4, 0xA2, 0x0B, 0xD0, 0x02, 0xA2, 0x05,
    0xA0, 0x09, 0xBD, 0x1B, 0xA5, 0x99, 0x0E, 0x02, 0xCA, 0x88, 0x30, 0x08,
    0xC0, 0x05, 0xD0, 0xF2, 0xA0, 0x01, 0xD0, 0xEE, 0x4C, 0x58, 0xC5, 0xE5,
    0xFA, 0x6A, 0xA5, 0xD6, 0xA5, 0xE7, 0xA5, 0x27, 0xA5, 0x92, 0xA5, 0x86,
    0xEC, 0x84, 0xC3, 0x08, 0x78, 0x20, 0x70, 0xA5, 0xA9, 0x7E, 0x85, 0xC0,
    0x20, 0xBD, 0xFC, 0x90, 0xF7, 0xE6, 0xC0, 0x10, 0xF7, 0xA9, 0x14, 0x85,
    0xC4, 0xA2, 0x00, 0xAC, 0x02, 0xB0, 0x20, 0xCD, 0xFC, 0xF0, 0x00, 0xF0,
    0x01, 0xE8, 0xC6, 0xC4, 0xD0, 0xF4, 0xE0, 0x03, 0x66, 0xC0, 0x90, 0xE5,
    0xA5, 0xC0, 0x28, 0xA4, 0xC3, 0xA6, 0xEC, 0x48, 0x18, 0x65, 0xDC, 0x85,
    0xDC, 0x20, 0x70, 0xA5, 0x68, 0x60, 0x20, 0x70, 0xA5, 0x20, 0xEE, 0xFB,
    0x08, 0x48, 0x98, 0x48, 0xAD, 0x09, 0x02, 0xC9, 0xFE, 0xD0, 0x0E, 0xA5,
    0xEA, 0xD0, 0x0A, 0xA4, 0xE0, 0x30, 0x06, 0xB1, 0xDE, 0x49, 0x5F, 0x91,
    0xDE, 0x68, 0xA8, 0x68, 0x28, 0x60, 0x48, 0x4C, 0x48, 0xFD, 0x86, 0xEC,
    0x84, 0xC3, 0x08, 0x78, 0x48, 0x20, 0x70, 0xA5, 0x20, 0x23, 0xFC, 0x85,
    0xC0, 0x20, 0xD8, 0xFC, 0xA9, 0x0A, 0x85, 0xC1, 0x18, 0x90, 0x0C, 0xA2,
    0x07, 0x8E, 0x02, 0xB0, 0xA2, 0x01, 0x20, 0xDA, 0xFC, 0x30, 0x0E, 0xA9,
    0x04, 0x8D, 0x02, 0xB0, 0x20, 0xD8, 0xFC, 0xEE, 0x02, 0xB0, 0x20, 0xD8,
    0xFC, 0x38, 0x66, 0xC0, 0xC6, 0xC1, 0xD0, 0xDD, 0x20, 0x70, 0xA5, 0xA4,
    0xC3, 0xA6, 0xEC, 0x68, 0x28, 0x60, 0x20, 0x70, 0xA5, 0x20, 0x7C, 0xFC,
    0x4C, 0x70, 0xA5, 0x8E, 0x02, 0xB0, 0xA2, 0x3C, 0x4C, 0x83, 0xFB, 0x08,
    0x78, 0x20, 0x4F, 0xF8, 0x08, 0xA9, 0x06, 0x20, 0x40, 0xFC, 0xA2, 0x07,
    0x20, 0xDF, 0xA5, 0x28, 0xD0, 0x03, 0x4C, 0x86, 0xFA, 0xA2, 0x04, 0xB5,
    0xCE, 0x95, 0xD2, 0xCA, 0xD0, 0xF9, 0x86, 0xD0, 0x86, 0xD1, 0xA5, 0xD5,
    0xD0, 0x02, 0xC6, 0xD6, 0xC6, 0xD5, 0x18, 0x66, 0xD2, 0x38, 0xA2, 0xFF,
    0xA5, 0xD5, 0xE5, 0xD3, 0x85, 0xCF, 0xA5, 0xD6, 0xE5, 0xD4, 0x08, 0x66,
    0xD2, 0x28, 0x90, 0x06, 0x18, 0xF0, 0x03, 0x86, 0xCF, 0x38, 0x66, 0xD2,
    0xE8, 0x20, 0x40, 0xA6, 0xE6, 0xD0, 0xE6, 0xD4, 0xE6, 0xCC, 0x26, 0xD2,
    0xB0, 0xD5, 0x28, 0x60, 0xA2, 0x07, 0x20, 0xDF, 0xA5, 0x86, 0xDC, 0xA0,
    0x04, 0xA9, 0x2A, 0x20, 0xD1, 0xFF, 0x88, 0xD0, 0xF8, 0xB1, 0xC9, 0x20,
    0xD1, 0xFF, 0xC8, 0xC9, 0x0D, 0xD0, 0xF6, 0xA0, 0x08, 0xB9, 0xCA, 0x00,
    0x20, 0xD1, 0xFF, 0x88, 0xD0, 0xF7, 0xA2, 0x10, 0x20, 0x83, 0xFB, 0x24,
    0xD2, 0x50, 0x0B, 0x88, 0xC8, 0xB1, 0xD3, 0x20, 0xD1, 0xFF, 0xC4, 0xCF,
    0xD0, 0xF6, 0xA5, 0xDC, 0x20, 0xD1, 0xFF, 0xA2, 0x04, 0x8E, 0x02, 0xB0,
    0x60, 0x20, 0xF5, 0xA0, 0x20, 0x8B, 0xC7, 0xA5, 0x34, 0x05, 0x43, 0xD0,
    0x2E, 0xA5, 0x16, 0x85, 0x92, 0xA5, 0x25, 0x85, 0x93, 0x60, 0x20, 0x85,
    0xA6, 0xA9, 0xFF, 0x85, 0x17, 0x85, 0x26, 0x20, 0x31, 0xC2, 0xB0, 0x0B,
    0x20, 0x01, 0xA1, 0x20, 0x0E, 0xA1, 0xF0, 0x0B, 0x4C, 0xE1, 0xC4, 0xA5,
    0x16, 0x85, 0x17, 0xA5, 0x25, 0x85, 0x26, 0x4C, 0xE4, 0xC4, 0xA9, 0x00,
    0x85, 0x90, 0xF0, 0x02, 0x84, 0x90, 0x20, 0x9A, 0xA6, 0xA0, 0x00, 0xA5,
    0x90, 0xD0, 0x36, 0x20, 0x28, 0xA7, 0xA2, 0x02, 0x20, 0x2A, 0xA7, 0xB1,
    0x92, 0x30, 0x04, 0xC9, 0x20, 0xB0, 0x02, 0xA9, 0x20, 0x20, 0xF4, 0xFF,
    0x20, 0x0E, 0xA7, 0x90, 0x02, 0xD0, 0xE7, 0x20, 0xED, 0xFF, 0x84, 0x91,
    0x20, 0x40, 0xA7, 0x20, 0xED, 0xFF, 0x20, 0x04, 0xC5, 0xA5, 0x34, 0xF0,
    0x03, 0x4C, 0x19, 0xA9, 0x20, 0x91, 0xA6, 0xB0, 0xC4, 0x20, 0x0E, 0xA7,
    0x90, 0xE4, 0xD0, 0xF9, 0xF0, 0xE0, 0xE6, 0x16, 0xD0, 0x02, 0xE6, 0x25,
    0xC8, 0x38, 0xA5, 0x17, 0xE5, 0x16, 0xA5, 0x26, 0xE5, 0x25, 0xB0, 0x03,
    0xE6, 0x34, 0x60, 0xA5, 0x16, 0x29, 0x07, 0x60, 0xA2, 0x05, 0x20, 0xFD,
    0xF7, 0xCA, 0xD0, 0xFA, 0x60, 0xA5, 0x93, 0x20, 0x02, 0xF8, 0xA5, 0x92,
    0x20, 0x02, 0xF8, 0xA9, 0x3A, 0x4C, 0xF4, 0xFF, 0x20, 0x31, 0xA7, 0xA0,
    0x00, 0x20, 0xFD, 0xF7, 0xB1, 0x92, 0x20, 0x02, 0xF8, 0xC8, 0xC4, 0x91,
    0xD0, 0xF3, 0x60, 0x04, 0x20, 0x54, 0x30, 0x0D, 0x80, 0x04, 0x90, 0x03,
    0x22, 0x54, 0x33, 0x0D, 0x80, 0x04, 0x90, 0x04, 0x20, 0x54, 0x33, 0x0D,
    0x80, 0x04, 0x90, 0x04, 0x20, 0x54, 0x3B, 0x0D, 0x80, 0x04, 0x90, 0x00,
    0x22, 0x44, 0x33, 0x0D, 0xC8, 0x44, 0x00, 0x11, 0x22, 0x44, 0x33, 0x0D,
    0xC8, 0x44, 0xA9, 0x01, 0x22, 0x44, 0x33, 0x0D, 0x80, 0x04, 0x90, 0x01,
    0x22, 0x44, 0x33, 0x0D, 0x80, 0x04, 0x90, 0x26, 0x31, 0x87, 0x9A, 0x01,
    0x22, 0x82, 0x83, 0x01, 0x01, 0x5A, 0x4E, 0x92, 0x93, 0x87, 0x4B, 0x86,
    0x9E, 0x2C, 0x29, 0x2C, 0x40, 0x28, 0x23, 0x59, 0x00, 0x58, 0x23, 0x23,
    0x00, 0x20, 0x31, 0xA7, 0x4C, 0x1C, 0xA8, 0xA2, 0x00, 0xA1, 0x92, 0xA8,
    0x4A, 0x90, 0x09, 0x6A, 0xB0, 0x15, 0xC9, 0xA2, 0xF0, 0x11, 0x29, 0x87,
    0x4A, 0xAA, 0xBD, 0x53, 0xA7, 0x90, 0x04, 0x4A, 0x4A, 0x4A, 0x4A, 0x29,
    0x0F, 0xD0, 0x04, 0xA0, 0x80, 0xA9, 0x00, 0xAA, 0xBD, 0x97, 0xA7, 0x85,
    0x0F, 0x29, 0x03, 0x85, 0x91, 0x60, 0x20, 0xB7, 0xA7, 0x98, 0x29, 0x8F,
    0xAA, 0x98, 0xA0, 0x03, 0xE0, 0x8A, 0xF0, 0x0B, 0x4A, 0x90, 0x08, 0x4A,
    0x4A, 0x09, 0x20, 0x88, 0xD0, 0xFA, 0xC8, 0x88, 0xD0, 0xF2, 0x48, 0xA5,
    0x90, 0xD0, 0xAA, 0x20, 0x40, 0xA7, 0xC0, 0x03, 0xF0, 0x08, 0xA2, 0x03,
    0x20, 0x2A, 0xA7, 0xC8, 0xD0, 0xF4, 0x20, 0x28, 0xA7, 0x20, 0xFD, 0xF7,
    0x68, 0xA8, 0xB9, 0x55, 0xF1, 0x85, 0x69, 0xB9, 0x95, 0xF1, 0x85, 0x6A,
    0xA2, 0x03, 0xA9, 0x00, 0xA0, 0x05, 0x06, 0x6A, 0x26, 0x69, 0x2A, 0x88,
    0xD0, 0xF8, 0x69, 0x3F, 0x20, 0xF4, 0xFF, 0xCA, 0xD0, 0xEC, 0x20, 0xFD,
    0xF7, 0xA2, 0x06, 0xA4, 0x91, 0x88, 0xE0, 0x03, 0xF0, 0x1C, 0x06, 0x0F,
    0x90, 0x0E, 0xBD, 0xA4, 0xA7, 0x20, 0xF4, 0xFF, 0xBD, 0xAA, 0xA7, 0xF0,
    0x03, 0x20, 0xF4, 0xFF, 0xCA, 0xD0, 0xE7, 0x60, 0x88, 0x30, 0xE7, 0x20,
    0x02, 0xF8, 0xA5, 0x0F, 0xC9, 0xE8, 0xB1, 0x92, 0x90, 0xF2, 0x20, 0x7E,
    0xA8, 0xAA, 0xE8, 0xD0, 0x01, 0xC8, 0x98, 0x20, 0x02, 0xF8, 0x8A, 0x20,
    0x02, 0xF8, 0xA4, 0x93, 0xAA, 0x10, 0x01, 0x88, 0x65, 0x92, 0x90, 0x01,
    0xC8, 0x60, 0xA9, 0x00, 0x85, 0x90, 0x20, 0x9A, 0xA6, 0x20, 0xE6, 0xA7,
    0x20, 0xED, 0xFF, 0x20, 0x04, 0xC5, 0x20, 0xA2, 0xA8, 0xB0, 0xF2, 0x4C,
    0x19, 0xA9, 0x18, 0xA5, 0x92, 0x65, 0x91, 0x85, 0x92, 0x90, 0x02, 0xE6,
    0x93, 0x38, 0xA5, 0x17, 0xE5, 0x92, 0xA5, 0x26, 0xE5, 0x93, 0x60, 0xA9,
    0x00, 0x85, 0x90, 0xF0, 0x02, 0x84, 0x90, 0x20, 0xFB, 0xA0, 0x20, 0x88,
    0xA6, 0x20, 0x31, 0xC2, 0x20, 0x8B, 0xC7, 0xA5, 0x35, 0x05, 0x44, 0xD0,
    0xE7, 0x20, 0xAE, 0xA8, 0x90, 0xE2, 0x20, 0x31, 0xC2, 0x20, 0x8B, 0xC7,
    0xA5, 0x36, 0x05, 0x45, 0xD0, 0xD6, 0x20, 0xCB, 0xC3, 0x20, 0xE4, 0xC4,
    0x84, 0x91, 0x88, 0xA5, 0x90, 0xF0, 0x09, 0x20, 0xB7, 0xA7, 0xA8, 0x88,
    0xC9, 0x03, 0xF0, 0x2B, 0xB1, 0x92, 0x91, 0x52, 0xD1, 0x52, 0xF0, 0x03,
    0x4C, 0xF6, 0xCD, 0x88, 0x10, 0xF2, 0x20, 0xA2, 0xA8, 0x90, 0x0E, 0x18,
    0xA5, 0x52, 0x65, 0x91, 0x85, 0x52, 0x90, 0x02, 0xE6, 0x53, 0xC8, 0xF0,
    0xD2, 0x20, 0xFB, 0xA0, 0x4C, 0x5B, 0xC5, 0x00, 0x00, 0x80, 0x0C, 0xA5,
    0x17, 0x88, 0xF1, 0x92, 0xA5, 0x26, 0xC8, 0xF1, 0x92, 0x90, 0xC9, 0x88,
    0xB1, 0x92, 0xE5, 0x16, 0x85, 0x54, 0xC8, 0xB1, 0x92, 0xE5, 0x25, 0x90,
    0xBB, 0x85, 0x55, 0x18, 0xA5, 0x18, 0x65, 0x54, 0x85, 0x56, 0xA5, 0x27,
    0x65, 0x55, 0x91, 0x52, 0xD1, 0x52, 0xD0, 0xB0, 0x88, 0xF0, 0xA5, 0xA5,
    0x56, 0xB0, 0xF3, 0x84, 0x90, 0x20, 0x85, 0xA6, 0x20, 0x31, 0xC2, 0x20,
    0x01, 0xA1, 0xA0, 0x00, 0x84, 0xD4, 0x20, 0x0E, 0xA1, 0xD0, 0x07, 0x66,
    0xD4, 0x20, 0xB3, 0xA6, 0x90, 0x06, 0x20, 0x8B, 0xC7, 0x20, 0xE4, 0xC4,
    0xE6, 0xD4, 0xA5, 0x17, 0x85, 0xD5, 0xA5, 0x26, 0x85, 0xD6, 0xA9, 0xAD,
    0x8D, 0x04, 0x02, 0xA9, 0xA9, 0x8D, 0x05, 0x02, 0xAE, 0x39, 0x03, 0xAC,
    0x3A, 0x03, 0xA9, 0x00, 0x8D, 0x0B, 0xB8, 0xA9, 0xC0, 0x8D, 0x0E, 0xB8,
    0xA9, 0x06, 0x8D, 0x04, 0xB8, 0xA9, 0x00, 0x8D, 0x05, 0xB8, 0xAD, 0x22,
    0x03, 0x58, 0x6C, 0x92, 0x00, 0x78, 0xAD, 0x0D, 0xB8, 0x8D, 0x0D, 0xB8,
    0x0A, 0x10, 0xAC, 0x86, 0xDC, 0x84, 0xDB, 0x68, 0x85, 0xDD, 0x68, 0x85,
    0xDA, 0x68, 0x85, 0xD7, 0x68, 0x85, 0xD8, 0xBA, 0x86, 0xD9, 0x48, 0xA5,
    0xD7, 0x48, 0xA5, 0xDA, 0x48, 0xA5, 0xD4, 0xF0, 0x19, 0x10, 0x06, 0x06,
    0xD4, 0x46, 0xD4, 0x90, 0x0C, 0xA5, 0x92, 0xC5, 0xD5, 0xD0, 0x06, 0xA5,
    0x93, 0xC5, 0xD6, 0xF0, 0x03, 0x4C, 0x59, 0xAA, 0xC6, 0xD4, 0x58, 0x20,
    0xE6, 0xA7, 0xA2, 0x00, 0xA1, 0x92, 0xD0, 0x0D, 0xAD, 0x03, 0x02, 0xC9,
    0xC9, 0xD0, 0x06, 0xA9, 0x40, 0x8D, 0x0E, 0xB8, 0x40, 0xC9, 0x40, 0xD0,
    0x06, 0x20, 0xED, 0xFF, 0x4C, 0x72, 0xAA, 0x20, 0xFD, 0xF7, 0xA4, 0xE0,
    0xC0, 0x11, 0xD0, 0xF7, 0xA2, 0x04, 0xD0, 0x03, 0x20, 0xFD, 0xF7, 0xB5,
    0xD9, 0x20, 0x02, 0xF8, 0xCA, 0x10, 0xF5, 0x20, 0xED, 0xFF, 0xAD, 0x0C,
    0xB8, 0x29, 0x0E, 0xF0, 0x09, 0x20, 0x71, 0xFE, 0xC0, 0x3B, 0xD0, 0x21,
    0xF0, 0x38, 0x2C, 0x02, 0xB0, 0x50, 0x05, 0x20, 0x71, 0xFE, 0x90, 0xF6,
    0x20, 0x8A, 0xFB, 0x20, 0x71, 0xFE, 0xB0, 0xFB, 0x20, 0x71, 0xFE, 0xB0,
    0xF6, 0xC0, 0x3B, 0xF0, 0x1D, 0xC0, 0x00, 0xD0, 0xEE, 0xA6, 0xDC, 0xA4,
    0xDB, 0xA5, 0xD7, 0x85, 0x92, 0xA5, 0xD8, 0x85, 0x93, 0xA9, 0x08, 0x8D,
    0x04, 0xB8, 0xA9, 0x00, 0x8D, 0x05, 0xB8, 0xA5, 0xDD, 0x40, 0xA9, 0x40,
    0x8D, 0x0E, 0xB8, 0x4C, 0xCF, 0xC2, 0x20, 0x34, 0xC4, 0x90, 0x09, 0x20,
    0xE8, 0xC4, 0x20, 0x71, 0xFE, 0x90, 0x04, 0xA9, 0x00, 0xF0, 0x03, 0x20,
    0x99, 0xAA, 0xA6, 0x04, 0x20, 0x7C, 0xC9, 0x20, 0x2F, 0xCA, 0x4C, 0x5B,
    0xC5, 0x08, 0xD8, 0x4C, 0xB1, 0xFE, 0x20, 0xFB, 0xA0, 0x20, 0x88, 0xA6,
    0x20, 0xE4, 0xC4, 0xA2, 0x03, 0xBD, 0xC1, 0x03, 0x95, 0x5A, 0xCA, 0x10,
    0xF8, 0x88, 0xB1, 0x92, 0xF0, 0x23, 0x85, 0xD2, 0xE6, 0x92, 0xD0, 0x02,
    0xE6, 0x93, 0xB1, 0x92, 0x84, 0xD0, 0x48, 0x20, 0xDC, 0xAA, 0x20, 0xF7,
    0xAA, 0x68, 0x29, 0x0F, 0x20, 0xE0, 0xAA, 0x20, 0xF7, 0xAA, 0xA4, 0xD0,
    0xC8, 0xC4, 0xD2, 0xD0, 0xE5, 0x4C, 0x19, 0xA9, 0x4A, 0x4A, 0x4A, 0x4A,
    0x85, 0xD1, 0x29, 0x03, 0x4A, 0xD0, 0x0A, 0xA2, 0x00, 0xB0, 0x03, 0x4C,
    0x68, 0xF6, 0x4C, 0x71, 0xF6, 0xA2, 0x02, 0xB0, 0xF6, 0x90, 0xF7, 0xA5,
    0xD1, 0x4A, 0x4A, 0xD0, 0x01, 0x60, 0x85, 0x5E, 0x4C, 0x78, 0xF6, 0x20,
    0x01, 0xA1, 0xC9, 0x52, 0xD0, 0x05, 0xC8, 0x85, 0x54, 0xD0, 0x3C, 0xC9,
    0x41, 0x90, 0x1A, 0xC9, 0x48, 0xB0, 0x16, 0x85, 0x54, 0xC8, 0xB1, 0x05,
    0xC9, 0x22, 0xD0, 0x04, 0xA9, 0x1C, 0xD0, 0x0B, 0xC9, 0x27, 0xD0, 0x04,
    0xA9, 0x0E, 0xD0, 0x03, 0xA9, 0x00, 0x88, 0xC8, 0x18, 0x65, 0x54, 0x85,
    0x54, 0xB1, 0x05, 0xC9, 0x23, 0xD0, 0x07, 0xA5, 0x54, 0x69, 0x06, 0x85,
    0x54, 0xC8, 0xA6, 0x54, 0xBD, 0x7F, 0xAB, 0x85, 0x54, 0xA9, 0x05, 0x85,
    0x92, 0xA2, 0x03, 0xB1, 0x05, 0x38, 0xE9, 0x30, 0xE8, 0xCA, 0x30, 0xD5,
    0xDD, 0xCD, 0xF7, 0xD0, 0xF8, 0xBD, 0xEA, 0xAB, 0x85, 0x53, 0xC8, 0xB1,
    0x05, 0xC9, 0x2E, 0xD0, 0x08, 0xA5, 0x53, 0x4A, 0x65, 0x53, 0x85, 0x53,
    0xC8, 0x84, 0x03, 0xA0, 0x00, 0x84, 0x52, 0x84, 0x93, 0x38, 0xC8, 0xD0,
    0x02, 0xE6, 0x93, 0xA5, 0x52, 0xE5, 0x54, 0x85, 0x52, 0xA5, 0x53, 0xE9,
    0x00, 0x85, 0x53, 0xB0, 0xED, 0x98, 0xA2, 0x03, 0x0A, 0x26, 0x93, 0xCA,
    0xD0, 0xFA, 0xA8, 0xA9, 0x00, 0xC8, 0xE6, 0x93, 0x45, 0x92, 0x8D, 0x02,
    0xB0, 0xA6, 0x54, 0xCA, 0xEA, 0xEA, 0xEA, 0xD0, 0xFA, 0x88, 0xD0, 0xF0,
    0xC6, 0x93, 0xD0, 0xEC, 0xA4, 0x03, 0x20, 0x01, 0xA1, 0xC9, 0x2C, 0xD0,
    0x04, 0xC8, 0x4C, 0x03, 0xAB, 0x4C, 0x58, 0xC5, 0xF6, 0xD9, 0xCD, 0xB7,
    0xA3, 0x9A, 0x89, 0xE7, 0xCD, 0xC2, 0xAD, 0x9A, 0x91, 0x81, 0x79, 0x6C,
    0x66, 0x5B, 0x51, 0x4C, 0x44, 0x72, 0x66, 0x60, 0x56, 0x4C, 0x48, 0x40,
    0x3C, 0x36, 0x32, 0x2D, 0x27, 0x25, 0x21, 0x39, 0x32, 0x2F, 0x2A, 0x25,
    0x23, 0x1F, 0x04, 0x08, 0x10, 0x20, 0x20, 0xF6, 0xC4, 0xA5, 0x05, 0x85,
    0x10, 0xA5, 0x06, 0x85, 0x11, 0x4C, 0x75, 0xC5, 0x28, 0x43, 0x29, 0x48,
    0x4C, 0x41, 0x4A, 0x48, 0x0D, 0x20, 0x53, 0xAC, 0x4C, 0xE7, 0xAC, 0x20,
    0x6A, 0xAC, 0x4C, 0xE7, 0xAC, 0x20, 0x61, 0xAC, 0x4C, 0xE7, 0xAC, 0xA9,
    0xF0, 0x8D, 0x00, 0xB0, 0xA9, 0x80, 0x85, 0x60, 0x0A, 0x85, 0x5F, 0xA8,
    0xA2, 0x18, 0x91, 0x5F, 0xC8, 0xD0, 0xFB, 0xE6, 0x60, 0xCA, 0xD0, 0xF6,
    0x88, 0x84, 0xE1, 0xA9, 0x00, 0x85, 0xDF, 0x85, 0xE0, 0x4C, 0xE3, 0xAC,
    0x18, 0xA2, 0x10, 0x86, 0xE6, 0xA2, 0x08, 0x20, 0x13, 0xFD, 0x4C, 0xE7,
    0xAC, 0x18, 0x4C, 0x11, 0xFD, 0x20, 0x1A, 0xFD, 0x4C, 0xE7, 0xAC, 0xC6,
    0xE0, 0x10, 0x09, 0xE6, 0xE0, 0x20, 0x61, 0xAC, 0xF0, 0x02, 0x85, 0xE0,
    0x60, 0xA5, 0xDF, 0xF0, 0xFB, 0xC6, 0xDF, 0xA9, 0x1F, 0x60, 0xA5, 0xDF,
    0xE6, 0xDF, 0xC9, 0x0F, 0xD0, 0x38, 0xA4, 0xE6, 0x30, 0x0A, 0x88, 0xD0,
    0x07, 0x20, 0x71, 0xFE, 0xB0, 0xFB, 0xA0, 0x10, 0x84, 0xE6, 0xC6, 0xDF,
    0xA9, 0x80, 0x85, 0x60, 0x85, 0x5F, 0x85, 0xE3, 0xA0, 0x00, 0x84, 0xE2,
    0xA2, 0x17, 0xE6, 0x60, 0xB1, 0x5F, 0x91, 0xE2, 0xC8, 0xD0, 0xF9, 0xE6,
    0xE3, 0xCA, 0xD0, 0xF2, 0x98, 0xC6, 0x60, 0x91, 0xE2, 0x91, 0x5F, 0xC8,
    0xD0, 0xF9, 0x60, 0xC9, 0x07, 0xF0, 0x9E, 0xA2, 0x09, 0x20, 0xC5, 0xFE,
    0xD0, 0x31, 0xBD, 0x01, 0xAF, 0x48, 0xBD, 0x0A, 0xAF, 0x48, 0x60, 0xC9,
    0x06, 0xF0, 0x86, 0xC9, 0x15, 0xF0, 0x83, 0xA4, 0xE0, 0x30, 0xDF, 0x20,
    0xE7, 0xAC, 0xC9, 0x20, 0x90, 0xD9, 0xC9, 0x7F, 0xF0, 0x31, 0x20, 0x11,
    0xAD, 0xA4, 0xE0, 0xC8, 0xC0, 0x20, 0x90, 0x05, 0x20, 0x6A, 0xAC, 0xA0,
    0x00, 0x84, 0xE0, 0x48, 0x20, 0x5B, 0xAD, 0xA2, 0x02, 0x84, 0xDE, 0xB1,
    0x5F, 0x45, 0xE1, 0x91, 0x5F, 0x98, 0x18, 0x69, 0x20, 0xA8, 0xC4, 0xDE,
    0xD0, 0xF1, 0x66, 0xDE, 0xE6, 0x60, 0xCA, 0xD0, 0xEA, 0x68, 0x60, 0x20,
    0x53, 0xAC, 0xA9, 0x20, 0x20, 0x11, 0xAD, 0x30, 0xD6, 0x29, 0x7F, 0xA2,
    0xAE, 0xC9, 0x40, 0x90, 0x01, 0xE8, 0x86, 0xE3, 0xAA, 0x29, 0x1F, 0x85,
    0xE2, 0xA0, 0xFF, 0xE0, 0x60, 0xB0, 0x05, 0xE0, 0x20, 0x90, 0x01, 0xC8,
    0x84, 0xDE, 0x20, 0x5B, 0xAD, 0xA0, 0x40, 0x20, 0x4F, 0xAD, 0xA5, 0x5F,
    0x09, 0x40, 0x85, 0x5F, 0xA0, 0x20, 0xB1, 0xE2, 0x45, 0xDE, 0x91, 0x5F,
    0x98, 0x18, 0x69, 0x20, 0xA8, 0xD0, 0xF3, 0xE6, 0x60, 0xA0, 0x20, 0xA5,
    0xDE, 0x91, 0x5F, 0x98, 0x38, 0xE9, 0x20, 0xA8, 0x10, 0xF5, 0x60, 0xA5,
    0xE0, 0x0A, 0x85, 0x5F, 0xA5, 0xDF, 0x0A, 0x65, 0xDF, 0x38, 0x6A, 0x85,
    0x60, 0x66, 0x5F, 0xA0, 0x00, 0x60, 0x20, 0xFB, 0xFE, 0x08, 0x48, 0xD8,
    0x86, 0xE4, 0x84, 0xE5, 0x20, 0xBF, 0xAC, 0x4C, 0x5F, 0xFE, 0x08, 0xD8,
    0x86, 0xE4, 0x84, 0xE5, 0x2C, 0x02, 0xB0, 0x50, 0x05, 0x20, 0x71, 0xFE,
    0x90, 0xF6, 0x20, 0x8A, 0xFB, 0x20, 0x71, 0xFE, 0xB0, 0xFB, 0x20, 0x71,
    0xFE, 0xB0, 0xF6, 0x98, 0xC9, 0x06, 0xF0, 0x0B, 0xC9, 0x07, 0xF0, 0x07,
    0xC9, 0x0E, 0xF0, 0x0F, 0x4C, 0xB2, 0xFE, 0x29, 0x05, 0x2E, 0x01, 0xB0,
    0x2A, 0x20, 0xBF, 0xAC, 0x4C, 0x84, 0xAD, 0xA9, 0xAE, 0x20, 0xC5, 0xAD,
    0xA9, 0xAF, 0x20, 0xC5, 0xAD, 0x98, 0x4C, 0x60, 0xFE, 0x85, 0xE3, 0xA2,
    0xFF, 0x86, 0xDE, 0x20, 0x5B, 0xAD, 0xA5, 0x5F, 0x09, 0x40, 0x85, 0x5F,
    0x84, 0xE2, 0xA0, 0x20, 0xB1, 0x5F, 0x45, 0xDE, 0x45, 0xE1, 0xD1, 0xE2,
    0xF0, 0x0B, 0xA4, 0xE2, 0xC8, 0xC0, 0x20, 0xD0, 0xEB, 0xE8, 0xF0, 0xDD,
    0x60, 0x98, 0x69, 0x1F, 0xA8, 0xD0, 0xE5, 0x68, 0x68, 0xA5, 0xE2, 0x84,
    0xE2, 0xA4, 0xDE, 0xC8, 0x11, 0xE2, 0xD0, 0xC2, 0x80, 0x20, 0xA0, 0x04,
    0xD0, 0x02, 0xA0, 0x08, 0xA2, 0x03, 0xB9, 0x13, 0xAF, 0x9D, 0x08, 0x02,
    0x88, 0xCA, 0x10, 0xF6, 0xA9, 0x0C, 0x20, 0xF4, 0xFF, 0x4C, 0xAD, 0xF6,
    0x00, 0x00, 0x00, 0x00, 0x00, 0x08, 0x14, 0x14, 0x08, 0x30, 0x10, 0x0C,
    0x04, 0x10, 0x00, 0x00, 0x00, 0x00, 0x00, 0x00, 0x1C, 0x08, 0x1C, 0x1C,
    0x04, 0x3E, 0x0C, 0x3E, 0x1C, 0x1C, 0x00, 0x00, 0x04, 0x00, 0x10, 0x1C,
    0x00, 0x08, 0x14, 0x14, 0x1E, 0x32, 0x28, 0x0C, 0x08, 0x08, 0x08, 0x08,
    0x00, 0x00, 0x00, 0x02, 0x22, 0x18, 0x22, 0x22, 0x0C, 0x20, 0x10, 0x02,
    0x22, 0x22, 0x18, 0x18, 0x08, 0x00, 0x08, 0x22, 0x00, 0x08, 0x14, 0x36,
    0x28, 0x04, 0x28, 0x08, 0x10, 0x04, 0x2A, 0x08, 0x00, 0x00, 0x00, 0x04,
    0x26, 0x08, 0x02, 0x02, 0x14, 0x3C, 0x20, 0x04, 0x22, 0x22, 0x18, 0x18,
    0x10, 0x3E, 0x04, 0x02, 0x00, 0x08, 0x00, 0x00, 0x1C, 0x08, 0x10, 0x10,
    0x10, 0x04, 0x1C, 0x3E, 0x00, 0x3E, 0x00, 0x08, 0x2A, 0x08, 0x1C, 0x0C,
    0x24, 0x02, 0x3C, 0x08, 0x1C, 0x1E, 0x00, 0x00, 0x20, 0x00, 0x02, 0x04,
    0x00, 0x00, 0x00, 0x36, 0x0A, 0x10, 0x2A, 0x00, 0x10, 0x04, 0x1C, 0x08,
    0x18, 0x00, 0x00, 0x10, 0x32, 0x08, 0x20, 0x02, 0x3E, 0x02, 0x22, 0x10,
    0x22, 0x02, 0x18, 0x18, 0x10, 0x3E, 0x04, 0x08, 0x00, 0x00, 0x00, 0x14,
    0x3C, 0x26, 0x24, 0x00, 0x08, 0x08, 0x2A, 0x08, 0x18, 0x00, 0x18, 0x20,
    0x22, 0x08, 0x20, 0x22, 0x04, 0x22, 0x22, 0x20, 0x22, 0x04, 0x18, 0x18,
    0x08, 0x00, 0x08, 0x00, 0x00, 0x08, 0x00, 0x14, 0x08, 0x06, 0x1A, 0x00,
    0x04, 0x10, 0x08, 0x00, 0x10, 0x00, 0x18, 0x00, 0x1C, 0x1C, 0x3E, 0x1C,
    0x04, 0x1C, 0x1C, 0x20, 0x1C, 0x18, 0x00, 0x10, 0x04, 0x00, 0x10, 0x08,
    0x60, 0x40, 0xAC, 0xAC, 0xAC, 0xAC, 0xAC, 0xAC, 0xAC, 0xAC, 0xAC, 0x04,
    0xD8, 0x0A, 0x10, 0x16, 0xE2, 0x3B, 0x40, 0x32, 0x52, 0xFE, 0x94, 0xFE,
    0x6E, 0xAD, 0x7E, 0xAD, 0x53, 0x45, 0x57, 0x0D, 0x1C, 0x08, 0x3C, 0x1C,
    0x3C, 0x3E, 0x3E, 0x1E, 0x22, 0x1C, 0x02, 0x22, 0x20, 0x22, 0x22, 0x1C,
    0x3C, 0x1C, 0x3C, 0x1C, 0x3E, 0x22, 0x22, 0x22, 0x22, 0x22, 0x3E, 0x1C,
    0x00, 0x1C, 0x08, 0x00, 0x22, 0x14, 0x12, 0x22, 0x12, 0x20, 0x20, 0x20,
    0x22, 0x08, 0x02, 0x24, 0x20, 0x36, 0x22, 0x22, 0x22, 0x22, 0x22, 0x22,
    0x08, 0x22, 0x22, 0x22, 0x22, 0x22, 0x02, 0x10, 0x20, 0x04, 0x14, 0x08,
    0x02, 0x22, 0x12, 0x20, 0x12, 0x20, 0x20, 0x20, 0x22, 0x08, 0x02, 0x28,
    0x20, 0x2A, 0x32, 0x22, 0x22, 0x22, 0x22, 0x20, 0x08, 0x22, 0x22, 0x22,
    0x14, 0x14, 0x04, 0x10, 0x10, 0x04, 0x22, 0x10, 0x1A, 0x3E, 0x1C, 0x20,
    0x12, 0x3C, 0x3C, 0x26, 0x3E, 0x08, 0x02, 0x30, 0x20, 0x2A, 0x2A, 0x22,
    0x3C, 0x22, 0x3C, 0x1C, 0x08, 0x22, 0x14, 0x22, 0x08, 0x08, 0x08, 0x10,
    0x08, 0x04, 0x00, 0x3E, 0x2A, 0x22, 0x12, 0x20, 0x12, 0x20, 0x20, 0x22,
    0x22, 0x08, 0x02, 0x28, 0x20, 0x22, 0x26, 0x22, 0x20, 0x2A, 0x28, 0x02,
    0x08, 0x22, 0x14, 0x2A, 0x14, 0x08, 0x10, 0x10, 0x04, 0x04, 0x00, 0x10,
    0x2A, 0x22, 0x12, 0x22, 0x12, 0x20, 0x20, 0x22, 0x22, 0x08, 0x22, 0x24,
    0x20, 0x22, 0x22, 0x22, 0x20, 0x24, 0x24, 0x22, 0x08, 0x22, 0x08, 0x36,
    0x22, 0x08, 0x20, 0x10, 0x02, 0x04, 0x00, 0x08, 0x1C, 0x22, 0x3C, 0x1C,
    0x3C, 0x3E, 0x20, 0x1E, 0x22, 0x1C, 0x1C, 0x22, 0x3E, 0x22, 0x22, 0x1C,
    0x20, 0x1A, 0x22, 0x1C, 0x08, 0x1C, 0x08, 0x22, 0x22, 0x08, 0x3E, 0x1C,
    0x00, 0x1C, 0x00, 0x00, 0x40, 0xBF, 0xA2, 0xFF, 0xA4, 0x5E, 0x88, 0xE8,
    0xC8, 0xBD, 0x3C, 0xA0, 0x30, 0x14, 0xD1, 0x05, 0xF0, 0xF5, 0xE8, 0xBD,
    0x3B, 0xA0, 0x10, 0xFA, 0xB1, 0x05, 0xC9, 0x2E, 0xD0, 0xE6, 0xC8, 0xCA,
    0xB0, 0xE7, 0x84, 0x03, 0x85, 0x53, 0xBD, 0x3D, 0xA0, 0x85, 0x52, 0xA2,
    0x00, 0x86, 0x04, 0x20, 0x39, 0xA0, 0xA2, 0x00, 0x86, 0x04, 0x4C, 0x58,
    0xC5, 0x6C, 0x52, 0x00, 0x46, 0x48, 0x45, 0x4C, 0x50, 0xA6, 0x44, 0x42,
    0x41, 0x55, 0x44, 0xA3, 0xBC, 0x53, 0x49, 0x4E, 0x4F, 0x55, 0x54, 0xA3,
    0x84, 0x53, 0x49, 0x4E, 0xA3, 0x87, 0x53, 0x4F, 0x55, 0x54, 0xA3, 0xA2,
    0x55, 0x50, 0x4C, 0x4F, 0x41, 0x44, 0xA4, 0x0A, 0x44, 0x4E, 0x4C, 0x4F,
    0x41, 0x44, 0xA4, 0x3C, 0x43, 0x52, 0x43, 0xA1, 0x06, 0x52, 0x4C, 0x49,
    0x53, 0x54, 0xA6, 0xBC, 0x46, 0x4C, 0x41, 0x53, 0x48, 0xA5, 0x00, 0x42,
    0x45, 0x45, 0x42, 0xA6, 0x2C, 0x56, 0x47, 0x41, 0x38, 0x30, 0xAA, 0xC9,
    0xC5, 0x58, 0x00, 0x3C, 0x42, 0x41, 0x55, 0x44, 0x20, 0x52, 0x41, 0x54,
    0x45, 0x3E, 0x00, 0x00, 0x00, 0x00, 0x3C, 0x53, 0x54, 0x41, 0x52, 0x54,
    0x3E, 0x2C, 0x3C, 0x45, 0x4E, 0x44, 0x3E, 0x00, 0x3C, 0x53, 0x54, 0x41,
    0x52, 0x54, 0x3E, 0x00, 0x3C, 0x53, 0x54, 0x41, 0x52, 0x54, 0x3E, 0x2C,
    0x3C, 0x45, 0x4E, 0x44, 0x3E, 0x00, 0x00, 0x3C, 0x53, 0x54, 0x41, 0x52,
    0x54, 0x3E, 0x2C, 0x3C, 0x42, 0x41, 0x4E, 0x4B, 0x3E, 0x00, 0x00, 0x00,
    0x20, 0xBC, 0xC8, 0x20, 0x31, 0xC2, 0x20, 0xBC, 0xC8, 0x20, 0x31, 0xC2,
    0xA5, 0x16, 0x85, 0x80, 0xA5, 0x25, 0x85, 0x81, 0xA5, 0x17, 0x85, 0x82,
    0xA5, 0x26, 0x85, 0x83, 0x60, 0x20, 0xD1, 0xF7, 0x46, 0x50, 0x47, 0x41,
    0x20, 0x55, 0x54, 0x49, 0x4C, 0x53, 0x20, 0x56, 0x30, 0x2E, 0x32, 0x31,
    0xEA, 0x60, 0x20, 0xD4, 0xA0, 0xA2, 0x00, 0x20, 0x1B, 0xA1, 0xA5, 0x89,
    0x20, 0x02, 0xF8, 0xA5, 0x88, 0x20, 0x02, 0xF8, 0x4C, 0xED, 0xFF, 0x78,
    0x98, 0x48, 0x8A, 0x48, 0x10, 0x05, 0x29, 0x1F, 0x8D, 0xFF, 0xBF, 0xA5,
    0x80, 0x85, 0x84, 0xA5, 0x81, 0x85, 0x85, 0xA9, 0x00, 0x85, 0x88, 0x85,
    0x89, 0xA0, 0x00, 0xA6, 0x88, 0xA5, 0x89, 0x5D, 0x84, 0xA1, 0x85, 0x88,
    0xB1, 0x84, 0x5D, 0x84, 0xA2, 0x85, 0x89, 0xE6, 0x84, 0xD0, 0x02, 0xE6,
    0x85, 0xA5, 0x84, 0xC5, 0x82, 0xD0, 0xE4, 0xA5, 0x85, 0xC5, 0x83, 0xD0,
    0xDE, 0xA5, 0x88, 0xA2, 0x07, 0x0A, 0x66, 0x8A, 0xCA, 0x10, 0xFA, 0xA5,
    0x8A, 0x48, 0xA5, 0x89, 0xA2, 0x07, 0x0A, 0x66, 0x8A, 0xCA, 0x10, 0xFA,
    0xA5, 0x8A, 0x85, 0x88, 0x68, 0x85, 0x89, 0xA5, 0xFD, 0x29, 0x0F, 0x8D,
    0xFF, 0xBF, 0x58, 0x68, 0xAA, 0x68, 0xA8, 0x60, 0x00, 0x68, 0xD0, 0xB8,
    0xA0, 0xC8, 0x70, 0x18, 0x40, 0x28, 0x90, 0xF8, 0xE0, 0x88, 0x30, 0x58,
    0x80, 0xE8, 0x50, 0x38, 0x20, 0x48, 0xF0, 0x98, 0xC0, 0xA8, 0x10, 0x78,
    0x60, 0x08, 0xB0, 0xD8, 0x00, 0x68, 0xD0, 0xB8, 0xA0, 0xC8, 0x70, 0x18,
    0x40, 0x28, 0x90, 0xF8, 0xE0, 0x88, 0x30, 0x58, 0x80, 0xE8, 0x50, 0x38,
    0x20, 0x48, 0xF0, 0x98, 0xC0, 0xA8, 0x10, 0x78, 0x60, 0x08, 0xB0, 0xD8,
    0x00, 0x68, 0xD0, 0xB8, 0xA0, 0xC8, 0x70, 0x18, 0x40, 0x28, 0x90, 0xF8,
    0xE0, 0x88, 0x30, 0x58, 0x80, 0xE8, 0x50, 0x38, 0x20, 0x48, 0xF0, 0x98,
    0xC0, 0xA8, 0x10, 0x78, 0x60, 0x08, 0xB0, 0xD8, 0x00, 0x68, 0xD0, 0xB8,
    0xA0, 0xC8, 0x70, 0x18, 0x40, 0x28, 0x90, 0xF8, 0xE0, 0x88, 0x30, 0x58,
    0x80, 0xE8, 0x50, 0x38, 0x20, 0x48, 0xF0, 0x98, 0xC0, 0xA8, 0x10, 0x78,
    0x60, 0x08, 0xB0, 0xD8, 0x00, 0x68, 0xD0, 0xB8, 0xA0, 0xC8, 0x70, 0x18,
    0x40, 0x28, 0x90, 0xF8, 0xE0, 0x88, 0x30, 0x58, 0x80, 0xE8, 0x50, 0x38,
    0x20, 0x48, 0xF0, 0x98, 0xC0, 0xA8, 0x10, 0x78, 0x60, 0x08, 0xB0, 0xD8,
    0x00, 0x68, 0xD0, 0xB8, 0xA0, 0xC8, 0x70, 0x18, 0x40, 0x28, 0x90, 0xF8,
    0xE0, 0x88, 0x30, 0x58, 0x80, 0xE8, 0x50, 0x38, 0x20, 0x48, 0xF0, 0x98,
    0xC0, 0xA8, 0x10, 0x78, 0x60, 0x08, 0xB0, 0xD8, 0x00, 0x68, 0xD0, 0xB8,
    0xA0, 0xC8, 0x70, 0x18, 0x40, 0x28, 0x90, 0xF8, 0xE0, 0x88, 0x30, 0x58,
    0x80, 0xE8, 0x50, 0x38, 0x20, 0x48, 0xF0, 0x98, 0xC0, 0xA8, 0x10, 0x78,
    0x60, 0x08, 0xB0, 0xD8, 0x00, 0x68, 0xD0, 0xB8, 0xA0, 0xC8, 0x70, 0x18,
    0x40, 0x28, 0x90, 0xF8, 0xE0, 0x88, 0x30, 0x58, 0x80, 0xE8, 0x50, 0x38,
    0x20, 0x48, 0xF0, 0x98, 0xC0, 0xA8, 0x10, 0x78, 0x60, 0x08, 0xB0, 0xD8,
    0x00, 0x01, 0x02, 0x03, 0x05, 0x04, 0x07, 0x06, 0x0B, 0x0A, 0x09, 0x08,
    0x0E, 0x0F, 0x0C, 0x0D, 0x16, 0x17, 0x14, 0x15, 0x13, 0x12, 0x11, 0x10,
    0x1D, 0x1C, 0x1F, 0x1E, 0x18, 0x19, 0x1A, 0x1B, 0x2D, 0x2C, 0x2F, 0x2E,
    0x28, 0x29, 0x2A, 0x2B, 0x26, 0x27, 0x24, 0x25, 0x23, 0x22, 0x21, 0x20,
    0x3B, 0x3A, 0x39, 0x38, 0x3E, 0x3F, 0x3C, 0x3D, 0x30, 0x31, 0x32, 0x33,
    0x35, 0x34, 0x37, 0x36, 0x5A, 0x5B, 0x58, 0x59, 0x5F, 0x5E, 0x5D, 0x5C,
    0x51, 0x50, 0x53, 0x52, 0x54, 0x55, 0x56, 0x57, 0x4C, 0x4D, 0x4E, 0x4F,
    0x49, 0x48, 0x4B, 0x4A, 0x47, 0x46, 0x45, 0x44, 0x42, 0x43, 0x40, 0x41,
    0x77, 0x76, 0x75, 0x74, 0x72, 0x73, 0x70, 0x71, 0x7C, 0x7D, 0x7E, 0x7F,
    0x79, 0x78, 0x7B, 0x7A, 0x61, 0x60, 0x63, 0x62, 0x64, 0x65, 0x66, 0x67,
    0x6A, 0x6B, 0x68, 0x69, 0x6F, 0x6E, 0x6D, 0x6C, 0xB4, 0xB5, 0xB6, 0xB7,
    0xB1, 0xB0, 0xB3, 0xB2, 0xBF, 0xBE, 0xBD, 0xBC, 0xBA, 0xBB, 0xB8, 0xB9,
    0xA2, 0xA3, 0xA0, 0xA1, 0xA7, 0xA6, 0xA5, 0xA4, 0xA9, 0xA8, 0xAB, 0xAA,
    0xAC, 0xAD, 0xAE, 0xAF, 0x99, 0x98, 0x9B, 0x9A, 0x9C, 0x9D, 0x9E, 0x9F,
    0x92, 0x93, 0x90, 0x91, 0x97, 0x96, 0x95, 0x94, 0x8F, 0x8E, 0x8D, 0x8C,
    0x8A, 0x8B, 0x88, 0x89, 0x84, 0x85, 0x86, 0x87, 0x81, 0x80, 0x83, 0x82,
    0xEE, 0xEF, 0xEC, 0xED, 0xEB, 0xEA, 0xE9, 0xE8, 0xE5, 0xE4, 0xE7, 0xE6,
    0xE0, 0xE1, 0xE2, 0xE3, 0xF8, 0xF9, 0xFA, 0xFB, 0xFD, 0xFC, 0xFF, 0xFE,
    0xF3, 0xF2, 0xF1, 0xF0, 0xF6, 0xF7, 0xF4, 0xF5, 0xC3, 0xC2, 0xC1, 0xC0,
    0xC6, 0xC7, 0xC4, 0xC5, 0xC8, 0xC9, 0xCA, 0xCB, 0xCD, 0xCC, 0xCF, 0xCE,
    0xD5, 0xD4, 0xD7, 0xD6, 0xD0, 0xD1, 0xD2, 0xD3, 0xDE, 0xDF, 0xDC, 0xDD,
    0xDB, 0xDA, 0xD9, 0xD8, 0x20, 0xA2, 0xA3, 0xA9, 0x97, 0x8D, 0x0A, 0x02,
    0xA9, 0xA3, 0x8D, 0x0B, 0x02, 0xA9, 0xC0, 0x8D, 0xB1, 0xBD, 0x60, 0xAD,
    0xB1, 0xBD, 0x29, 0x02, 0xF0, 0xF9, 0xAD, 0xB0, 0xBD, 0x60, 0xA9, 0xAD,
    0x8D, 0x08, 0x02, 0xA9, 0xA3, 0x8D, 0x09, 0x02, 0x60, 0x48, 0xAD, 0xB1,
    0xBD, 0x29, 0x01, 0xF0, 0xF9, 0x68, 0x8D, 0xB0, 0xBD, 0x4C, 0x52, 0xFE,
    0x20, 0xBC, 0xC8, 0x20, 0x31, 0xC2, 0xA5, 0x16, 0x85, 0x53, 0xA5, 0x25,
    0x85, 0x54, 0xA5, 0x34, 0x85, 0x55, 0xA5, 0x43, 0x85, 0x56, 0xA9, 0x00,
    0x85, 0x57, 0xA9, 0x09, 0x85, 0x58, 0xA9, 0x3D, 0x85, 0x59, 0xA9, 0x00,
    0x85, 0x5A, 0xA9, 0x00, 0x85, 0x5B, 0x85, 0x5C, 0x85, 0x5D, 0x85, 0x5E,
    0x20, 0x8C, 0xC6, 0x26, 0x57, 0x26, 0x58, 0x26, 0x59, 0x26, 0x5A, 0xA5,
    0x58, 0x8D, 0xB3, 0xBD, 0x20, 0x02, 0xF8, 0xA5, 0x57, 0x8D, 0xB2, 0xBD,
    0x20, 0x02, 0xF8, 0x4C, 0xED, 0xFF, 0x20, 0xD4, 0xA0, 0x20, 0x1B, 0xA1,
    0x20, 0x0E, 0xA1, 0xA5, 0x80, 0x85, 0x84, 0xA5, 0x81, 0x85, 0x85, 0xA0,
    0x00, 0xAD, 0xB1, 0xBD, 0x29, 0x01, 0xF0, 0xF9, 0xB1, 0x84, 0x8D, 0xB0,
    0xBD, 0xE6, 0x84, 0xD0, 0x02, 0xE6, 0x85, 0xA5, 0x84, 0xC5, 0x82, 0xD0,
    0xE8, 0xA5, 0x85, 0xC5, 0x83, 0xD0, 0xE2, 0x60, 0x20, 0xBC, 0xC8, 0x20,
    0x31, 0xC2, 0xA5, 0x16, 0x85, 0x80, 0xA5, 0x25, 0x85, 0x81, 0x20, 0xD1,
    0xF7, 0x53, 0x45, 0x4E, 0x44, 0x20, 0x44, 0x41, 0x54, 0x41, 0x0A, 0x0D,
    0xEA, 0xA5, 0x80, 0x85, 0x82, 0xA5, 0x81, 0x85, 0x83, 0xA0, 0x00, 0x84,
    0x88, 0x84, 0x89, 0xAD, 0xB1, 0xBD, 0x29, 0x02, 0xF0, 0xF9, 0xD0, 0x11,
    0xA2, 0x00, 0xAD, 0xB1, 0xBD, 0x29, 0x02, 0xD0, 0x08, 0xCA, 0xD0, 0xF6,
    0x88, 0xD0, 0xF3, 0xF0, 0x25, 0xA0, 0x00, 0xAD, 0x02, 0xB0, 0x49, 0x04,
    0x8D, 0x02, 0xB0, 0xA6, 0x88, 0xA5, 0x89, 0x5D, 0x84, 0xA1, 0x85, 0x88,
    0xAD, 0xB0, 0xBD, 0x91, 0x82, 0x5D, 0x84, 0xA2, 0x85, 0x89, 0xE6, 0x82,
    0xD0, 0xCE, 0xE6, 0x83, 0xD0, 0xCA, 0x20, 0xD1, 0xF7, 0x53, 0x54, 0x41,
    0x52, 0x54, 0x3A, 0x20, 0xEA, 0xA5, 0x81, 0x20, 0x02, 0xF8, 0xA5, 0x80,
    0x20, 0x02, 0xF8, 0x20, 0xD1, 0xF7, 0x0A, 0x0D, 0x20, 0x20, 0x45, 0x4E,
    0x44, 0x3A, 0x20, 0xEA, 0xA5, 0x83, 0x20, 0x02, 0xF8, 0xA5, 0x82, 0x20,
    0x02, 0xF8, 0xA5, 0x88, 0xA2, 0x07, 0x0A, 0x66, 0x8A, 0xCA, 0x10, 0xFA,
    0xA5, 0x8A, 0x48, 0xA5, 0x89, 0xA2, 0x07, 0x0A, 0x66, 0x8A, 0xCA, 0x10,
    0xFA, 0xA5, 0x8A, 0x85, 0x88, 0x68, 0x85, 0x89, 0x20, 0xD1, 0xF7, 0x0A,
    0x0D, 0x20, 0x20, 0x43, 0x52, 0x43, 0x3A, 0x20, 0xEA, 0x4C, 0x0E, 0xA1,
    0x20, 0xBC, 0xC8, 0x20, 0x31, 0xC2, 0x20, 0xBC, 0xC8, 0x20, 0x31, 0xC2,
    0x20, 0xD1, 0xF7, 0x50, 0x52, 0x4F, 0x47, 0x52, 0x41, 0x4D, 0x20, 0x42,
    0x41, 0x4E, 0x4B, 0x20, 0xEA, 0xA5, 0x17, 0x85, 0x84, 0x20, 0x02, 0xF8,
    0x20, 0xD1, 0xF7, 0x20, 0x46, 0x52, 0x4F, 0x4D, 0x20, 0xEA, 0xA5, 0x25,
    0x85, 0x81, 0x20, 0x02, 0xF8, 0xA5, 0x16, 0x85, 0x80, 0x20, 0x02, 0xF8,
    0x20, 0xED, 0xFF, 0x20, 0xD1, 0xF7, 0x43, 0x4F, 0x4E, 0x46, 0x49, 0x52,
    0x4D, 0x20, 0x28, 0x59, 0x2F, 0x4E, 0x29, 0x3F, 0x20, 0xEA, 0x20, 0xE3,
    0xFF, 0xC9, 0x59, 0xF0, 0x11, 0x20, 0xD1, 0xF7, 0x4E, 0x0A, 0x0D, 0x41,
    0x42, 0x4F, 0x52, 0x54, 0x45, 0x44, 0x0A, 0x0D, 0xEA, 0x60, 0x20, 0xD1,
    0xF7, 0x59, 0x0A, 0x0D, 0x50, 0x52, 0x4F, 0x47, 0x52, 0x41, 0x4D, 0x4D,
    0x49, 0x4E, 0x47, 0x2E, 0x2E, 0x2E, 0x0A, 0x0D, 0xEA, 0xA0, 0x00, 0xB9,
    0x91, 0xA5, 0x99, 0x00, 0x28, 0xC8, 0xC0, 0x9B, 0xD0, 0xF5, 0x4C, 0x00,
    0x28, 0x78, 0xA9, 0x05, 0x8D, 0xFF, 0xBF, 0xA9, 0xAA, 0x8D, 0x55, 0xA5,
    0xA9, 0x02, 0x8D, 0xFF, 0xBF, 0xA9, 0x55, 0x8D, 0xAA, 0xAA, 0xA9, 0x05,
    0x8D, 0xFF, 0xBF, 0xA9, 0x80, 0x8D, 0x55, 0xA5, 0xA9, 0x05, 0x8D, 0xFF,
    0xBF, 0xA9, 0xAA, 0x8D, 0x55, 0xA5, 0xA9, 0x02, 0x8D, 0xFF, 0xBF, 0xA9,
    0x55, 0x8D, 0xAA, 0xAA, 0xA5, 0x84, 0x8D, 0xFF, 0xBF, 0xA9, 0x30, 0x8D,
    0x00, 0xA0, 0xA0, 0x00, 0xA2, 0x00, 0xCA, 0xD0, 0xFD, 0x88, 0xD0, 0xF8,
    0xA9, 0x00, 0x85, 0x82, 0xA9, 0xA0, 0x85, 0x83, 0xA0, 0x00, 0xA9, 0x05,
    0x8D, 0xFF, 0xBF, 0xA9, 0xAA, 0x8D, 0x55, 0xA5, 0xA9, 0x02, 0x8D, 0xFF,
    0xBF, 0xA9, 0x55, 0x8D, 0xAA, 0xAA, 0xA9, 0x05, 0x8D, 0xFF, 0xBF, 0xA9,
    0xA0, 0x8D, 0x55, 0xA5, 0xA5, 0x84, 0x8D, 0xFF, 0xBF, 0xB1, 0x80, 0x91,
    0x82, 0xA2, 0x08, 0xCA, 0xD0, 0xFD, 0xC8, 0xD0, 0xD1, 0xE6, 0x81, 0xE6,
    0x83, 0xA5, 0x83, 0xC9, 0xB0, 0xD0, 0xC7, 0xA5, 0xFD, 0x29, 0x0F, 0x8D,
    0xFF, 0xBF, 0x58, 0x68, 0x68, 0xA2, 0x00, 0x86, 0x04, 0x4C, 0x58, 0xC5,
    0xA0, 0x00, 0xB9, 0x3C, 0xA6, 0x99, 0x00, 0x28, 0xC8, 0xC0, 0x08, 0xD0,
    0xF5, 0x4C, 0x00, 0x28, 0xA9, 0x08, 0x8D, 0xFE, 0xBF, 0x6C, 0xFC, 0xFF,
    0x20, 0xF1, 0xA0, 0x20, 0xED, 0xFF, 0xA2, 0x00, 0xA0, 0x00, 0xA9, 0x20,
    0x20, 0xF4, 0xFF, 0xBD, 0x3C, 0xA0, 0x30, 0x06, 0x20, 0xF4, 0xFF, 0xE8,
    0xD0, 0xF5, 0xA9, 0x20, 0x20, 0xF4, 0xFF, 0xA5, 0xE0, 0xC9, 0x08, 0xD0,
    0xF5, 0xB9, 0x8E, 0xA0, 0xF0, 0x06, 0x20, 0xF4, 0xFF, 0xC8, 0xD0, 0xF5,
    0x20, 0xED, 0xFF, 0xC8, 0xE8, 0xE8, 0xBD, 0x3C, 0xA0, 0x10, 0xCF, 0x20,
    0xD1, 0xF7, 0x45, 0x58, 0x41, 0x4D, 0x50, 0x4C, 0x45, 0x53, 0x3A, 0x0A,
    0x0D, 0x20, 0x42, 0x41, 0x55, 0x44, 0x20, 0x31, 0x31, 0x35, 0x32, 0x30,
    0x30, 0x0A, 0x0D, 0x20, 0x44, 0x4E, 0x4C, 0x4F, 0x41, 0x44, 0x20, 0x23,
    0x34, 0x30, 0x30, 0x30, 0x0A, 0x0D, 0x20, 0x46, 0x4C, 0x41, 0x53, 0x48,
    0x20, 0x23, 0x34, 0x30, 0x30, 0x30, 0x2C, 0x34, 0x0A, 0x0D, 0xEA, 0x60,
    0xA0, 0x00, 0xB9, 0x84, 0xA1, 0x99, 0x00, 0x3A, 0xB9, 0x84, 0xA2, 0x99,
    0x00, 0x3B, 0xC8, 0xD0, 0xF1, 0xB9, 0x1B, 0xA1, 0x99, 0x00, 0x28, 0xC8,
    0xC0, 0x69, 0xD0, 0xF5, 0xA9, 0x00, 0x8D, 0x21, 0x28, 0xA9, 0x3A, 0x8D,
    0x22, 0x28, 0xA9, 0x00, 0x8D, 0x28, 0x28, 0xA9, 0x3B, 0x8D, 0x29, 0x28,
    0xA9, 0x00, 0x85, 0x80, 0x85, 0x82, 0xA9, 0xA0, 0x85, 0x81, 0xA9, 0xB0,
    0x85, 0x83, 0xA2, 0x00, 0x20, 0x00, 0x28, 0xA5, 0x88, 0x85, 0x86, 0xA5,
    0x89, 0x85, 0x87, 0xA2, 0x80, 0x20, 0x00, 0x28, 0xA5, 0x88, 0xC9, 0x84,
    0xD0, 0x06, 0xA5, 0x89, 0xC9, 0x2A, 0xF0, 0x20, 0x8A, 0x29, 0x1F, 0x20,
    0x02, 0xF8, 0xA9, 0x20, 0x20, 0xF4, 0xFF, 0xA5, 0x89, 0x20, 0x02, 0xF8,
    0xA5, 0x88, 0x20, 0x02, 0xF8, 0xA9, 0x20, 0x20, 0xF4, 0xFF, 0x20, 0x3E,
    0xA7, 0x20, 0xED, 0xFF, 0xE8, 0xE0, 0xA0, 0xD0, 0xCC, 0x60, 0xA5, 0x88,
    0xC5, 0x86, 0xD0, 0x09, 0xA5, 0x89, 0xC5, 0x87, 0xD0, 0x03, 0x4C, 0xF1,
    0xA0, 0xA9, 0x92, 0x85, 0x84, 0xA9, 0xA7, 0x85, 0x85, 0xA0, 0x00, 0xB1,
    0x84, 0xC8, 0xC5, 0x88, 0xD0, 0x12, 0xB1, 0x84, 0xC5, 0x89, 0xD0, 0x0C,
    0xC8, 0xB1, 0x84, 0xF0, 0x06, 0x20, 0xF4, 0xFF, 0xC8, 0xD0, 0xF6, 0x60,
    0xB1, 0x84, 0x88, 0x31, 0x84, 0xC8, 0xC8, 0xC9, 0xFF, 0xF0, 0xEA, 0xB1,
    0x84, 0xF0, 0x03, 0xC8, 0xD0, 0xF9, 0xC8, 0x98, 0x18, 0x65, 0x84, 0x85,
    0x84, 0xA9, 0x00, 0xA8, 0x65, 0x85, 0x85, 0x85, 0xD0, 0xC5, 0x7D, 0xD6,
    0x41, 0x42, 0x41, 0x53, 0x49, 0x43, 0x20, 0x4F, 0x52, 0x49, 0x47, 0x00,
    0xA1, 0xAA, 0x41, 0x46, 0x4C, 0x4F, 0x41, 0x54, 0x20, 0x4F, 0x52, 0x49,
    0x47, 0x00, 0x86, 0xE3, 0x41, 0x4B, 0x45, 0x52, 0x4E, 0x45, 0x4C, 0x20,
    0x4F, 0x52, 0x49, 0x47, 0x00, 0x45, 0x4C, 0x41, 0x44, 0x4F, 0x53, 0x20,
    0x4F, 0x52, 0x49, 0x47, 0x00, 0xF6, 0x14, 0x42, 0x42, 0x43, 0x20, 0x42,
    0x41, 0x53, 0x49, 0x43, 0x20, 0x31, 0x2F, 0x34, 0x00, 0x55, 0xE6, 0x42,
    0x42, 0x43, 0x20, 0x42, 0x41, 0x53, 0x49, 0x43, 0x20, 0x32, 0x2F, 0x34,
    0x00, 0x5C, 0xDA, 0x42, 0x42, 0x43, 0x20, 0x42, 0x41, 0x53, 0x49, 0x43,
    0x20, 0x33, 0x2F, 0x34, 0x00, 0x1F, 0x2B, 0x42, 0x42, 0x43, 0x20, 0x42,
    0x41, 0x53, 0x49, 0x43, 0x20, 0x34, 0x2F, 0x34, 0x00, 0x58, 0x49, 0x41,
    0x46, 0x4C, 0x4F, 0x41, 0x54, 0x20, 0x50, 0x41, 0x54, 0x43, 0x48, 0x45,
    0x44, 0x00, 0xB9, 0xF0, 0x41, 0x4B, 0x45, 0x52, 0x4E, 0x45, 0x4C, 0x20,
    0x50, 0x41, 0x54, 0x43, 0x48, 0x45, 0x44, 0x00, 0x2A, 0x98, 0x41, 0x54,
    0x4F, 0x4D, 0x4D, 0x43, 0x32, 0x20, 0x41, 0x56, 0x52, 0x20, 0x56, 0x32,
    0x2E, 0x39, 0x35, 0x00, 0x49, 0xB4, 0x53, 0x44, 0x44, 0x4F, 0x53, 0x20,
    0x41, 0x56, 0x52, 0x20, 0x56, 0x33, 0x2E, 0x32, 0x35, 0x00, 0x19, 0xBE,
    0x47, 0x41, 0x47, 0x53, 0x20, 0x56, 0x32, 0x2E, 0x33, 0x00, 0xB4, 0xEA,
    0x42, 0x42, 0x43, 0x20, 0x4D, 0x4F, 0x53, 0x20, 0x48, 0x4F, 0x47, 0x4C,
    0x45, 0x54, 0x20, 0x56, 0x33, 0x00, 0x17, 0x57, 0x53, 0x44, 0x44, 0x4F,
    0x53, 0x20, 0x56, 0x33, 0x2E, 0x32, 0x35, 0x00, 0x9A, 0x4B, 0x41, 0x43,
    0x4F, 0x52, 0x4E, 0x20, 0x43, 0x41, 0x4C, 0x43, 0x00, 0x16, 0x5B, 0x41,
    0x43, 0x4F, 0x52, 0x4E, 0x20, 0x43, 0x41, 0x4C, 0x43, 0x00, 0xC5, 0xB1,
    0x41, 0x43, 0x4F, 0x52, 0x4E, 0x20, 0x43, 0x41, 0x4C, 0x43, 0x00, 0xE2,
    0xF4, 0x41, 0x43, 0x4F, 0x52, 0x4E, 0x20, 0x43, 0x41, 0x4C, 0x43, 0x00,
    0xF5, 0x49, 0x41, 0x43, 0x4F, 0x52, 0x4E, 0x20, 0x44, 0x45, 0x4D, 0x4F,
    0x00, 0xF1, 0xB0, 0x41, 0x43, 0x4F, 0x52, 0x4E, 0x20, 0x45, 0x44, 0x36,
    0x34, 0x00, 0xFA, 0xCE, 0x41, 0x43, 0x4F, 0x52, 0x4E, 0x20, 0x45, 0x44,
    0x38, 0x30, 0x00, 0x26, 0xB3, 0x41, 0x43, 0x4F, 0x52, 0x4E, 0x20, 0x57,
    0x4F, 0x52, 0x44, 0x00, 0x43, 0x92, 0x41, 0x45, 0x4B, 0x20, 0x4D, 0x4F,
    0x4E, 0x49, 0x54, 0x4F, 0x52, 0x00, 0x01, 0x12, 0x41, 0x45, 0x4B, 0x20,
    0x53, 0x43, 0x52, 0x45, 0x45, 0x4E, 0x00, 0xE9, 0xF3, 0x41, 0x45, 0x4B,
    0x20, 0x53, 0x43, 0x52, 0x45, 0x45, 0x4E, 0x00, 0x61, 0x72, 0x41, 0x26,
    0x46, 0x20, 0x55, 0x54, 0x49, 0x4C, 0x49, 0x54, 0x59, 0x00, 0xFB, 0xE1,
    0x41, 0x43, 0x45, 0x20, 0x56, 0x32, 0x2E, 0x30, 0x00, 0xBE, 0x97, 0x41,
    0x43, 0x45, 0x20, 0x56, 0x32, 0x2E, 0x32, 0x00, 0xBB, 0x2B, 0x41, 0x43,
    0x45, 0x20, 0x56, 0x33, 0x2E, 0x30, 0x00, 0x34, 0x42, 0x41, 0x54, 0x4F,
    0x4D, 0x49, 0x43, 0x20, 0x57, 0x49, 0x4E, 0x44, 0x4F, 0x57, 0x53, 0x20,
    0x56, 0x31, 0x2E, 0x31, 0x00, 0x81, 0x7D, 0x41, 0x54, 0x4F, 0x4D, 0x49,
    0x43, 0x20, 0x57, 0x49, 0x4E, 0x44, 0x4F, 0x57, 0x53, 0x20, 0x56, 0x31,
    0x2E, 0x32, 0x42, 0x44, 0x00, 0xEB, 0xCC, 0x41, 0x58, 0x52, 0x31, 0x00,
    0xD4, 0x54, 0x43, 0x4F, 0x4D, 0x42, 0x4F, 0x58, 0x00, 0xF9, 0xB2, 0x44,
    0x49, 0x53, 0x4B, 0x52, 0x4F, 0x4D, 0x00, 0x3B, 0x1B, 0x44, 0x49, 0x53,
    0x4B, 0x52, 0x4F, 0x4D, 0x00, 0x78, 0xCB, 0x44, 0x49, 0x53, 0x4B, 0x52,
    0x4F, 0x4D, 0x00, 0x4C, 0x9F, 0x47, 0x41, 0x47, 0x53, 0x20, 0x56, 0x32,
    0x2E, 0x34, 0x00, 0x06, 0x62, 0x4A, 0x4F, 0x53, 0x42, 0x4F, 0x58, 0x00,
    0x90, 0x6D, 0x4D, 0x4F, 0x55, 0x53, 0x45, 0x42, 0x4F, 0x58, 0x20, 0x56,
    0x31, 0x2E, 0x30, 0x31, 0x00, 0x6B, 0xC1, 0x50, 0x43, 0x48, 0x41, 0x52,
    0x4D, 0x45, 0x20, 0x56, 0x31, 0x2E, 0x37, 0x33, 0x00, 0xE6, 0x46, 0x52,
    0x58, 0x42, 0x4F, 0x58, 0x20, 0x56, 0x31, 0x2E, 0x31, 0x00, 0x75, 0x9F,
    0x53, 0x41, 0x4C, 0x46, 0x41, 0x41, 0x20, 0x56, 0x32, 0x2E, 0x36, 0x00,
    0x26, 0x5F, 0x53, 0x44, 0x52, 0x4F, 0x4D, 0x20, 0x56, 0x32, 0x2E, 0x33,
    0x00, 0xE2, 0xCE, 0x53, 0x44, 0x52, 0x4F, 0x4D, 0x20, 0x56, 0x33, 0x2E,
    0x32, 0x34, 0x00, 0xBD, 0xB1, 0x50, 0x50, 0x20, 0x53, 0x55, 0x50, 0x45,
    0x52, 0x42, 0x41, 0x53, 0x49, 0x43, 0x00, 0x0E, 0x66, 0x50, 0x50, 0x20,
    0x54, 0x4F, 0x4F, 0x4C, 0x42, 0x4F, 0x58, 0x00, 0x9E, 0x6C, 0x50, 0x50,
    0x20, 0x54, 0x4F, 0x4F, 0x4C, 0x42, 0x4F, 0x58, 0x00, 0x49, 0x70, 0x50,
    0x52, 0x4F, 0x43, 0x59, 0x4F, 0x4E, 0x20, 0x44, 0x49, 0x53, 0x41, 0x54,
    0x4F, 0x4D, 0x00, 0x1E, 0x85, 0x50, 0x52, 0x4F, 0x43, 0x59, 0x4F, 0x4E,
    0x20, 0x44, 0x49, 0x53, 0x41, 0x54, 0x4F, 0x4D, 0x00, 0x60, 0x01, 0x50,
    0x53, 0x49, 0x4F, 0x4E, 0x20, 0x44, 0x45, 0x42, 0x55, 0x47, 0x00, 0x9F,
    0x12, 0x50, 0x53, 0x49, 0x4F, 0x4E, 0x20, 0x45, 0x44, 0x49, 0x54, 0x00,
    0x45, 0x5B, 0x50, 0x53, 0x49, 0x4F, 0x4E, 0x20, 0x45, 0x44, 0x49, 0x54,
    0x00, 0xA1, 0x5B, 0x50, 0x53, 0x49, 0x4F, 0x4E, 0x20, 0x45, 0x44, 0x49,
    0x54, 0x00, 0x99, 0x4B, 0x52, 0x4F, 0x53, 0x53, 0x20, 0x55, 0x54, 0x49,
    0x4C, 0x49, 0x54, 0x59, 0x00, 0x45, 0xF5, 0x57, 0x41, 0x54, 0x46, 0x4F,
    0x52, 0x44, 0x20, 0x57, 0x45, 0x52, 0x4F, 0x4D, 0x00, 0x15, 0xF3, 0x57,
    0x49, 0x4C, 0x4C, 0x4F, 0x57, 0x20, 0x55, 0x54, 0x49, 0x4C, 0x49, 0x54,
    0x59, 0x20, 0x56, 0x31, 0x2E, 0x31, 0x00, 0xFF, 0xFF, 0x55, 0x4E, 0x4B,
    0x4E, 0x4F, 0x57, 0x4E, 0x00, 0xA9, 0xE6, 0x8D, 0x08, 0x02, 0xA9, 0xAB,
    0x8D, 0x09, 0x02, 0xA9, 0xFA, 0x8D, 0x0A, 0x02, 0xA9, 0xAB, 0x8D, 0x0B,
    0x02, 0xA9, 0x80, 0x8D, 0xE0, 0xBD, 0xA9, 0x0C, 0x4C, 0xF4, 0xFF, 0xC9,
    0x06, 0xF0, 0x1D, 0xC9, 0x15, 0xF0, 0x1C, 0xA4, 0xE0, 0x30, 0x1B, 0xC9,
    0x1B, 0xF0, 0x11, 0xC9, 0x07, 0xF0, 0x14, 0x20, 0x2D, 0xAB, 0xA2, 0x0A,
    0x20, 0x2C, 0xAC, 0xD0, 0x0D, 0x4C, 0x1D, 0xAC, 0x4C, 0x0B, 0xFD, 0x4C,
    0x11, 0xFD, 0x60, 0x4C, 0x1A, 0xFD, 0xC9, 0x20, 0x90, 0x17, 0x69, 0x1F,
    0x30, 0x02, 0x49, 0x60, 0x20, 0x6B, 0xFE, 0x91, 0xDE, 0xC8, 0xC0, 0x50,
    0x90, 0x05, 0x20, 0x7D, 0xAB, 0xA0, 0x00, 0x84, 0xE0, 0x4C, 0x44, 0xFD,
    0x20, 0xC9, 0xAB, 0xA9, 0x20, 0x20, 0x6B, 0xFE, 0x91, 0xDE, 0x10, 0xEF,
    0x20, 0xC9, 0xAB, 0x4C, 0x2B, 0xAB, 0x20, 0x7D, 0xAB, 0xA4, 0xE0, 0x10,
    0xE2, 0xA0, 0x80, 0x84, 0xE1, 0xA0, 0x00, 0x8C, 0x00, 0xB0, 0xA9, 0x20,
    0x99, 0x00, 0x80, 0x99, 0x00, 0x81, 0x20, 0x7A, 0xAC, 0xC8, 0xD0, 0xF4,
    0x4C, 0x7D, 0xFD, 0x20, 0xCE, 0xAB, 0x4C, 0x2B, 0xAB, 0x18, 0xA9, 0x28,
    0x85, 0xE6, 0x4C, 0x92, 0xFD, 0x29, 0x05, 0x2E, 0x01, 0xB0, 0x2A, 0x20,
    0xE7, 0xAA, 0x4C, 0x00, 0xAC, 0xA5, 0xDE, 0xA4, 0xDF, 0xC0, 0x8C, 0x90,
    0x3B, 0xC9, 0x30, 0x90, 0x37, 0xA4, 0xE6, 0x30, 0x0C, 0x88, 0xD0, 0x07,
    0x20, 0x71, 0xFE, 0xB0, 0xFB, 0xA0, 0x28, 0x84, 0xE6, 0xA0, 0x50, 0x20,
    0x66, 0xFE, 0xB9, 0x00, 0x80, 0x99, 0xB0, 0x7F, 0xC8, 0xD0, 0xF7, 0x20,
    0x6B, 0xFE, 0xB9, 0x00, 0x81, 0x99, 0xB0, 0x80, 0xC8, 0xD0, 0xF7, 0x20,
    0x9C, 0xAC, 0xA0, 0x4F, 0xA9, 0x20, 0x91, 0xDE, 0x88, 0x10, 0xFB, 0x60,
    0x69, 0x50, 0x85, 0xDE, 0x90, 0x02, 0xE6, 0xDF, 0x60, 0x88, 0x10, 0x19,
    0xA0, 0x4F, 0xA5, 0xDE, 0xD0, 0x0B, 0xA6, 0xDF, 0xE0, 0x80, 0xD0, 0x05,
    0x68, 0x68, 0x4C, 0x45, 0xAB, 0xE9, 0x50, 0x85, 0xDE, 0xB0, 0x02, 0xC6,
    0xDF, 0x60, 0x20, 0xFB, 0xFE, 0x08, 0x48, 0xD8, 0x84, 0xE5, 0x86, 0xE4,
    0x20, 0xE7, 0xAA, 0x68, 0xA6, 0xE4, 0xA4, 0xE5, 0x28, 0x60, 0x08, 0xD8,
    0x86, 0xE4, 0x84, 0xE5, 0x2C, 0x02, 0xB0, 0x50, 0x05, 0x20, 0x71, 0xFE,
    0x90, 0xF6, 0x20, 0x8A, 0xFB, 0x20, 0x71, 0xFE, 0xB0, 0xFB, 0x20, 0x71,
    0xFE, 0xB0, 0xF6, 0x98, 0xA2, 0x17, 0x20, 0x2C, 0xAC, 0xBD, 0x4A, 0xAC,
    0x85, 0xE2, 0xBD, 0x62, 0xAC, 0x85, 0xE3, 0x98, 0x6C, 0xE2, 0x00, 0xCA,
    0xDD, 0x32, 0xAC, 0x90, 0xFA, 0x60, 0x00, 0x08, 0x09, 0x0A, 0x0B, 0x0C,
    0x0D, 0x0E, 0x0F, 0x1E, 0x7F, 0x00, 0x01, 0x05, 0x06, 0x08, 0x0E, 0x0F,
    0x10, 0x11, 0x1C, 0x20, 0x21, 0x3B, 0x2D, 0x3C, 0x21, 0x42, 0x63, 0x49,
    0x29, 0x69, 0x6E, 0x60, 0x30, 0xDF, 0xD2, 0x9A, 0x71, 0xE2, 0xAE, 0xC0,
    0xDF, 0xD8, 0xD6, 0xC8, 0xC6, 0xC2, 0xAB, 0xAB, 0xAB, 0xAB, 0xAB, 0xAB,
    0xAB, 0xAB, 0xAB, 0xAB, 0xAB, 0xFD, 0xFD, 0xFD, 0xAB, 0xFD, 0xFD, 0xFD,
    0xFD, 0xFD, 0xFD, 0xFD, 0xFD, 0xFD, 0x99, 0x00, 0x82, 0x99, 0x00, 0x83,
    0x99, 0x00, 0x84, 0x99, 0x00, 0x85, 0x99, 0x00, 0x86, 0x99, 0x00, 0x87,
    0x99, 0x00, 0x88, 0x99, 0x00, 0x89, 0x99, 0x00, 0x8A, 0x99, 0x00, 0x8B,
    0x99, 0x00, 0x8C, 0x60, 0xB9, 0x00, 0x82, 0x99, 0xB0, 0x81, 0xC8, 0xD0,
    0xF7, 0xB9, 0x00, 0x83, 0x99, 0xB0, 0x82, 0xC8, 0xD0, 0xF7, 0xB9, 0x00,
    0x84, 0x99, 0xB0, 0x83, 0xC8, 0xD0, 0xF7, 0xB9, 0x00, 0x85, 0x99, 0xB0,
    0x84, 0xC8, 0xD0, 0xF7, 0xB9, 0x00, 0x86, 0x99, 0xB0, 0x85, 0xC8, 0xD0,
    0xF7, 0xB9, 0x00, 0x87, 0x99, 0xB0, 0x86, 0xC8, 0xD0, 0xF7, 0xB9, 0x00,
    0x88, 0x99, 0xB0, 0x87, 0xC8, 0xD0, 0xF7, 0xB9, 0x00, 0x89, 0x99, 0xB0,
    0x88, 0xC8, 0xD0, 0xF7, 0xB9, 0x00, 0x8A, 0x99, 0xB0, 0x89, 0xC8, 0xD0,
    0xF7, 0xB9, 0x00, 0x8B, 0x99, 0xB0, 0x8A, 0xC8, 0xD0, 0xF7, 0xB9, 0x00,
    0x8C, 0x99, 0xB0, 0x8B, 0xC8, 0xD0, 0xF7, 0x60, 0xFF, 0xFF, 0xFF, 0xFF,
    0xFF, 0xFF, 0xFF, 0xFF, 0xFF, 0xFF, 0xFF, 0xFF, 0xFF, 0xFF, 0xFF, 0xFF,
    0xFF, 0xFF, 0xFF, 0xFF, 0xFF, 0xFF, 0xFF, 0xFF, 0xFF, 0xFF, 0xFF, 0xFF,
    0xFF, 0xFF, 0xFF, 0xFF, 0xFF, 0xFF, 0xFF, 0xFF, 0xFF, 0xFF, 0xFF, 0xFF,
    0xFF, 0xFF, 0xFF, 0xFF, 0xFF, 0xFF, 0xFF, 0xFF, 0xFF, 0xFF, 0xFF, 0xFF,
    0xFF, 0xFF, 0xFF, 0xFF, 0xFF, 0xFF, 0xFF, 0xFF, 0xFF, 0xFF, 0xFF, 0xFF,
    0xFF, 0xFF, 0xFF, 0xFF, 0xFF, 0xFF, 0xFF, 0xFF, 0xFF, 0xFF, 0xFF, 0xFF,
    0xFF, 0xFF, 0xFF, 0xFF, 0xFF, 0xFF, 0xFF, 0xFF, 0xFF, 0xFF, 0xFF, 0xFF,
    0xFF, 0xFF, 0xFF, 0xFF, 0xFF, 0xFF, 0xFF, 0xFF, 0xFF, 0xFF, 0xFF, 0xFF,
    0xFF, 0xFF, 0xFF, 0xFF, 0xFF, 0xFF, 0xFF, 0xFF, 0xFF, 0xFF, 0xFF, 0xFF,
    0xFF, 0xFF, 0xFF, 0xFF, 0xFF, 0xFF, 0xFF, 0xFF, 0xFF, 0xFF, 0xFF, 0xFF,
    0xFF, 0xFF, 0xFF, 0xFF, 0xFF, 0xFF, 0xFF, 0xFF, 0xFF, 0xFF, 0xFF, 0xFF,
    0xFF, 0xFF, 0xFF, 0xFF, 0xFF, 0xFF, 0xFF, 0xFF, 0xFF, 0xFF, 0xFF, 0xFF,
    0xFF, 0xFF, 0xFF, 0xFF, 0xFF, 0xFF, 0xFF, 0xFF, 0xFF, 0xFF, 0xFF, 0xFF,
    0xFF, 0xFF, 0xFF, 0xFF, 0xFF, 0xFF, 0xFF, 0xFF, 0xFF, 0xFF, 0xFF, 0xFF,
    0xFF, 0xFF, 0xFF, 0xFF, 0xFF, 0xFF, 0xFF, 0xFF, 0xFF, 0xFF, 0xFF, 0xFF,
    0xFF, 0xFF, 0xFF, 0xFF, 0xFF, 0xFF, 0xFF, 0xFF, 0xFF, 0xFF, 0xFF, 0xFF,
    0xFF, 0xFF, 0xFF, 0xFF, 0xFF, 0xFF, 0xFF, 0xFF, 0xFF, 0xFF, 0xFF, 0xFF,
    0xFF, 0xFF, 0xFF, 0xFF, 0xFF, 0xFF, 0xFF, 0xFF, 0xFF, 0xFF, 0xFF, 0xFF,
    0xFF, 0xFF, 0xFF, 0xFF, 0xFF, 0xFF, 0xFF, 0xFF, 0xFF, 0xFF, 0xFF, 0xFF,
    0xFF, 0xFF, 0xFF, 0xFF, 0xFF, 0xFF, 0xFF, 0xFF, 0xFF, 0xFF, 0xFF, 0xFF,
    0xFF, 0xFF, 0xFF, 0xFF, 0xFF, 0xFF, 0xFF, 0xFF, 0xFF, 0xFF, 0xFF, 0xFF,
    0xFF, 0xFF, 0xFF, 0xFF, 0xFF, 0xFF, 0xFF, 0xFF, 0xFF, 0xFF, 0xFF, 0xFF,
    0xFF, 0xFF, 0xFF, 0xFF, 0xFF, 0xFF, 0xFF, 0xFF, 0xFF, 0xFF, 0xFF, 0xFF,
    0xFF, 0xFF, 0xFF, 0xFF, 0xFF, 0xFF, 0xFF, 0xFF, 0xFF, 0xFF, 0xFF, 0xFF,
    0xFF, 0xFF, 0xFF, 0xFF, 0xFF, 0xFF, 0xFF, 0xFF, 0xFF, 0xFF, 0xFF, 0xFF,
    0xFF, 0xFF, 0xFF, 0xFF, 0xFF, 0xFF, 0xFF, 0xFF, 0xFF, 0xFF, 0xFF, 0xFF,
    0xFF, 0xFF, 0xFF, 0xFF, 0xFF, 0xFF, 0xFF, 0xFF, 0xFF, 0xFF, 0xFF, 0xFF,
    0xFF, 0xFF, 0xFF, 0xFF, 0xFF, 0xFF, 0xFF, 0xFF, 0xFF, 0xFF, 0xFF, 0xFF,
    0xFF, 0xFF, 0xFF, 0xFF, 0xFF, 0xFF, 0xFF, 0xFF, 0xFF, 0xFF, 0xFF, 0xFF,
    0xFF, 0xFF, 0xFF, 0xFF, 0xFF, 0xFF, 0xFF, 0xFF, 0xFF, 0xFF, 0xFF, 0xFF,
    0xFF, 0xFF, 0xFF, 0xFF, 0xFF, 0xFF, 0xFF, 0xFF, 0xFF, 0xFF, 0xFF, 0xFF,
    0xFF, 0xFF, 0xFF, 0xFF, 0xFF, 0xFF, 0xFF, 0xFF, 0xFF, 0xFF, 0xFF, 0xFF,
    0xFF, 0xFF, 0xFF, 0xFF, 0xFF, 0xFF, 0xFF, 0xFF, 0xFF, 0xFF, 0xFF, 0xFF,
    0xFF, 0xFF, 0xFF, 0xFF, 0xFF, 0xFF, 0xFF, 0xFF, 0xFF, 0xFF, 0xFF, 0xFF,
    0xFF, 0xFF, 0xFF, 0xFF, 0xFF, 0xFF, 0xFF, 0xFF, 0xFF, 0xFF, 0xFF, 0xFF,
    0xFF, 0xFF, 0xFF, 0xFF, 0xFF, 0xFF, 0xFF, 0xFF, 0xFF, 0xFF, 0xFF, 0xFF,
    0xFF, 0xFF, 0xFF, 0xFF, 0xFF, 0xFF, 0xFF, 0xFF, 0xFF, 0xFF, 0xFF, 0xFF,
    0xFF, 0xFF, 0xFF, 0xFF, 0xFF, 0xFF, 0xFF, 0xFF, 0xFF, 0xFF, 0xFF, 0xFF,
    0xFF, 0xFF, 0xFF, 0xFF, 0xFF, 0xFF, 0xFF, 0xFF, 0xFF, 0xFF, 0xFF, 0xFF,
    0xFF, 0xFF, 0xFF, 0xFF, 0xFF, 0xFF, 0xFF, 0xFF, 0xFF, 0xFF, 0xFF, 0xFF,
    0xFF, 0xFF, 0xFF, 0xFF, 0xFF, 0xFF, 0xFF, 0xFF, 0xFF, 0xFF, 0xFF, 0xFF,
    0xFF, 0xFF, 0xFF, 0xFF, 0xFF, 0xFF, 0xFF, 0xFF, 0xFF, 0xFF, 0xFF, 0xFF,
    0xFF, 0xFF, 0xFF, 0xFF, 0xFF, 0xFF, 0xFF, 0xFF, 0xFF, 0xFF, 0xFF, 0xFF,
    0xFF, 0xFF, 0xFF, 0xFF, 0xFF, 0xFF, 0xFF, 0xFF, 0xFF, 0xFF, 0xFF, 0xFF,
    0xFF, 0xFF, 0xFF, 0xFF, 0xFF, 0xFF, 0xFF, 0xFF, 0xFF, 0xFF, 0xFF, 0xFF,
    0xFF, 0xFF, 0xFF, 0xFF, 0xFF, 0xFF, 0xFF, 0xFF, 0xFF, 0xFF, 0xFF, 0xFF,
    0xFF, 0xFF, 0xFF, 0xFF, 0xFF, 0xFF, 0xFF, 0xFF, 0xFF, 0xFF, 0xFF, 0xFF,
    0xFF, 0xFF, 0xFF, 0xFF, 0xFF, 0xFF, 0xFF, 0xFF, 0xFF, 0xFF, 0xFF, 0xFF,
    0xFF, 0xFF, 0xFF, 0xFF, 0xFF, 0xFF, 0xFF, 0xFF, 0xFF, 0xFF, 0xFF, 0xFF,
    0xFF, 0xFF, 0xFF, 0xFF, 0xFF, 0xFF, 0xFF, 0xFF, 0xFF, 0xFF, 0xFF, 0xFF,
    0xFF, 0xFF, 0xFF, 0xFF, 0xFF, 0xFF, 0xFF, 0xFF, 0xFF, 0xFF, 0xFF, 0xFF,
    0xFF, 0xFF, 0xFF, 0xFF, 0xFF, 0xFF, 0xFF, 0xFF, 0xFF, 0xFF, 0xFF, 0xFF,
    0xFF, 0xFF, 0xFF, 0xFF, 0xFF, 0xFF, 0xFF, 0xFF, 0xFF, 0xFF, 0xFF, 0xFF,
    0xFF, 0xFF, 0xFF, 0xFF, 0xFF, 0xFF, 0xFF, 0xFF, 0xFF, 0xFF, 0xFF, 0xFF,
    0xFF, 0xFF, 0xFF, 0xFF, 0xFF, 0xFF, 0xFF, 0xFF, 0xFF, 0xFF, 0xFF, 0xFF,
    0xFF, 0xFF, 0xFF, 0xFF, 0xFF, 0xFF, 0xFF, 0xFF, 0xFF, 0xFF, 0xFF, 0xFF,
    0xFF, 0xFF, 0xFF, 0xFF, 0xFF, 0xFF, 0xFF, 0xFF, 0xFF, 0xFF, 0xFF, 0xFF,
    0xFF, 0xFF, 0xFF, 0xFF, 0xFF, 0xFF, 0xFF, 0xFF, 0xFF, 0xFF, 0xFF, 0xFF,
    0xFF, 0xFF, 0xFF, 0xFF, 0xFF, 0xFF, 0xFF, 0xFF, 0xFF, 0xFF, 0xFF, 0xFF,
    0xFF, 0xFF, 0xFF, 0xFF, 0xFF, 0xFF, 0xFF, 0xFF, 0xFF, 0xFF, 0xFF, 0xFF,
    0xFF, 0xFF, 0xFF, 0xFF, 0xFF, 0xFF, 0xFF, 0xFF, 0xFF, 0xFF, 0xFF, 0xFF,
    0xFF, 0xFF, 0xFF, 0xFF, 0xFF, 0xFF, 0xFF, 0xFF, 0xFF, 0xFF, 0xFF, 0xFF,
    0xFF, 0xFF, 0xFF, 0xFF, 0xFF, 0xFF, 0xFF, 0xFF, 0xFF, 0xFF, 0xFF, 0xFF,
    0xFF, 0xFF, 0xFF, 0xFF, 0xFF, 0xFF, 0x84, 0xA3, 0x40, 0xBF, 0xA2, 0xFF,
    0xA4, 0x5E, 0x88, 0xE8, 0xC8, 0xBD, 0x3C, 0xA0, 0x30, 0x14, 0xD1, 0x05,
    0xF0, 0xF5, 0xE8, 0xBD, 0x3B, 0xA0, 0x10, 0xFA, 0xB1, 0x05, 0xC9, 0x2E,
    0xD0, 0xE6, 0xC8, 0xCA, 0xB0, 0xE7, 0x85, 0x53, 0xBD, 0x3D, 0xA0, 0x85,
    0x52, 0x84, 0x03, 0xA2, 0x00, 0x86, 0x04, 0x20, 0x39, 0xA0, 0xA2, 0x00,
    0x86, 0x04, 0x4C, 0x58, 0xC5, 0x6C, 0x52, 0x00, 0x44, 0x4C, 0x47, 0x42,
    0x41, 0x53, 0x45, 0xA0, 0xF9, 0x44, 0x4C, 0x47, 0x43, 0x4C, 0x53, 0xA1,
    0x17, 0x44, 0x4C, 0x47, 0x43, 0x52, 0x45, 0x41, 0x54, 0x45, 0xA1, 0x4A,
    0x44, 0x4C, 0x47, 0x45, 0x4E, 0x44, 0xA9, 0x70, 0x44, 0x4C, 0x47, 0x50,
    0x4F, 0x49, 0x4E, 0x54, 0x45, 0x52, 0xAA, 0x85, 0x41, 0x57, 0xA0, 0xE7,
    0x44, 0x4C, 0x47, 0x50, 0x55, 0x53, 0x48, 0x42, 0x55, 0x54, 0x54, 0x4F,
    0x4E, 0xA2, 0x71, 0x44, 0x4C, 0x47, 0x52, 0x41, 0x44, 0x49, 0x4F, 0x42,
    0x55, 0x54, 0x54, 0x4F, 0x4E, 0xA3, 0xF8, 0x44, 0x4C, 0x47, 0x43, 0x48,
    0x45, 0x43, 0x4B, 0x42, 0x4F, 0x58, 0xA4, 0xBA, 0x44, 0x4C, 0x47, 0x4F,
    0x50, 0x54, 0x49, 0x4F, 0x4E, 0xA3, 0x1B, 0x44, 0x4C, 0x47, 0x54, 0x45,
    0x58, 0x54, 0xA5, 0x17, 0x44, 0x4C, 0x47, 0x48, 0x4F, 0x54, 0x53, 0x50,
    0x4F, 0x54, 0xA9, 0x09, 0x44, 0x4C, 0x47, 0x49, 0x43, 0x4F, 0x4E, 0xA3,
    0x44, 0x44, 0x4C, 0x47, 0x4C, 0x49, 0x53, 0x54, 0x42, 0x4F, 0x58, 0xA6,
    0x5D, 0x44, 0x4C, 0x47, 0x4C, 0x41, 0x42, 0x45, 0x4C, 0xA3, 0xDC, 0x44,
    0x4C, 0x47, 0x46, 0x52, 0x41, 0x4D, 0x45, 0xA8, 0xC1, 0xC5, 0x58, 0x20,
    0xD1, 0xF7, 0x41, 0x57, 0x20, 0x52, 0x4F, 0x4D, 0x20, 0x56, 0x31, 0x2E,
    0x31, 0xEA, 0x4C, 0xED, 0xFF, 0x20, 0xDD, 0xAA, 0x8D, 0x6B, 0x01, 0x18,
    0xA5, 0x25, 0x69, 0x07, 0x8D, 0x6C, 0x01, 0xAD, 0x6B, 0x01, 0x8D, 0x6D,
    0x01, 0xAD, 0x6C, 0x01, 0x8D, 0x6E, 0x01, 0x20, 0x98, 0xAE, 0x60, 0xA9,
    0x00, 0x85, 0x90, 0xA9, 0x80, 0x85, 0x91, 0xA2, 0x00, 0xA0, 0x00, 0xA9,
    0xAA, 0x91, 0x90, 0x98, 0x18, 0x69, 0x20, 0xA8, 0xA9, 0x55, 0x91, 0x90,
    0x98, 0x38, 0xE9, 0x1F, 0xA8, 0xC0, 0x20, 0xD0, 0xEA, 0x18, 0xA5, 0x90,
    0x69, 0x40, 0x85, 0x90, 0x90, 0x02, 0xE6, 0x91, 0xE8, 0xE0, 0x60, 0xD0,
    0xD8, 0x60, 0xA9, 0x00, 0x8D, 0x75, 0x01, 0x20, 0x65, 0xA2, 0xAD, 0x6B,
    0x01, 0x8D, 0x6D, 0x01, 0xAD, 0x6C, 0x01, 0x8D, 0x6E, 0x01, 0xAD, 0x79,
    0x01, 0x8D, 0x6F, 0x01, 0x8D, 0x71, 0x01, 0xAD, 0x7A, 0x01, 0x8D, 0x70,
    0x01, 0x8D, 0x73, 0x01, 0x18, 0xAD, 0x71, 0x01, 0x6D, 0x7B, 0x01, 0x8D,
    0x72, 0x01, 0x18, 0xAD, 0x73, 0x01, 0x6D, 0x7C, 0x01, 0x8D, 0x74, 0x01,
    0xAD, 0x78, 0x01, 0x48, 0x29, 0xEF, 0x8D, 0x78, 0x01, 0x20, 0x07, 0xAB,
    0x68, 0x8D, 0x78, 0x01, 0xAD, 0x71, 0x01, 0x85, 0x80, 0xAD, 0x73, 0x01,
    0x85, 0x81, 0xAD, 0x7B, 0x01, 0x85, 0x82, 0xAD, 0x7C, 0x01, 0x85, 0x83,
    0x20, 0x00, 0xAD, 0xA9, 0xFF, 0x85, 0x84, 0x20, 0xE8, 0xAD, 0xAD, 0x77,
    0x01, 0xF0, 0x2A, 0xA9, 0x00, 0x85, 0x84, 0xA9, 0x01, 0x85, 0x83, 0xAD,
    0x78, 0x01, 0x29, 0x20, 0xF0, 0x02, 0xE6, 0x83, 0x20, 0xE8, 0xAD, 0x38,
    0xAD, 0x7B, 0x01, 0xED, 0x77, 0x01, 0x4A, 0x18, 0x6D, 0x71, 0x01, 0xAA,
    0xAC, 0x73, 0x01, 0xAD, 0x77, 0x01, 0x20, 0xB6, 0xAD, 0xA9, 0x01, 0x8D,
    0x75, 0x01, 0x38, 0xAD, 0x7B, 0x01, 0xE9, 0x05, 0x8D, 0x79, 0x01, 0xAC,
    0x7C, 0x01, 0x88, 0x88, 0x8C, 0x7A, 0x01, 0xAD, 0x78, 0x01, 0x29, 0xC0,
    0x8D, 0x78, 0x01, 0x29, 0x40, 0xD0, 0x3F, 0x38, 0xAD, 0x7B, 0x01, 0xE9,
    0x09, 0x8D, 0x79, 0x01, 0xAD, 0x78, 0x01, 0x29, 0x80, 0xD0, 0x01, 0x60,
    0xA9, 0x43, 0x8D, 0x40, 0x01, 0xA9, 0x61, 0x8D, 0x41, 0x01, 0xA9, 0x6E,
    0x8D, 0x42, 0x01, 0xA9, 0x63, 0x8D, 0x43, 0x01, 0xA9, 0x65, 0x8D, 0x44,
    0x01, 0xA9, 0x6C, 0x8D, 0x45, 0x01, 0xA9, 0x06, 0x8D, 0x77, 0x01, 0xA9,
    0xFF, 0x8D, 0x76, 0x01, 0x20, 0x79, 0xA2, 0x4C, 0x13, 0xA2, 0xA9, 0x4F,
    0x8D, 0x40, 0x01, 0xA9, 0x6B, 0x8D, 0x41, 0x01, 0xA9, 0x02, 0x8D, 0x77,
    0x01, 0xA9, 0x00, 0x8D, 0x76, 0x01, 0x20, 0x79, 0xA2, 0x38, 0xAD, 0x7B,
    0x01, 0xE9, 0x0E, 0x8D, 0x79, 0x01, 0x4C, 0x0C, 0xA2, 0x20, 0x8B, 0xAA,
    0x20, 0x8E, 0xAA, 0x20, 0xB1, 0xAA, 0x4C, 0xB8, 0xAA, 0xA9, 0x01, 0x8D,
    0x75, 0x01, 0x20, 0x3E, 0xA3, 0x20, 0x55, 0xAB, 0xEE, 0x72, 0x01, 0xEE,
    0x72, 0x01, 0x20, 0x07, 0xAB, 0xAD, 0x71, 0x01, 0x85, 0x80, 0xAD, 0x73,
    0x01, 0x85, 0x81, 0x18, 0xAD, 0x77, 0x01, 0x69, 0x02, 0x85, 0x82, 0xA9,
    0x01, 0x85, 0x83, 0xAD, 0x78, 0x01, 0x29, 0x20, 0xF0, 0x02, 0xE6, 0x83,
    0x20, 0x00, 0xAD, 0xAD, 0x78, 0x01, 0x09, 0x04, 0x8D, 0x78, 0x01, 0xA9,
    0x20, 0xAE, 0x71, 0x01, 0xAC, 0x73, 0x01, 0x20, 0x0F, 0xAC, 0xAD, 0x77,
    0x01, 0xF0, 0x04, 0xE8, 0x20, 0xB6, 0xAD, 0xAD, 0x78, 0x01, 0x29, 0xFD,
    0x8D, 0x78, 0x01, 0xA9, 0x00, 0xAE, 0x72, 0x01, 0xCA, 0x4C, 0x0F, 0xAC,
    0xAD, 0x71, 0x01, 0x85, 0x80, 0xAD, 0x73, 0x01, 0x85, 0x81, 0x38, 0xAD,
    0x72, 0x01, 0xED, 0x71, 0x01, 0x85, 0x82, 0x38, 0xAD, 0x74, 0x01, 0xED,
    0x73, 0x01, 0x85, 0x83, 0xA9, 0xFE, 0x85, 0x84, 0x20, 0xE8, 0xAD, 0x20,
    0xE8, 0xAD, 0xAD, 0x6B, 0x01, 0x85, 0x90, 0xAD, 0x6C, 0x01, 0x85, 0x91,
    0xA0, 0x05, 0xB1, 0x90, 0xAA, 0xAD, 0x76, 0x01, 0x9D, 0xE1, 0x02, 0xA9,
    0x00, 0x9D, 0xFC, 0x02, 0x9D, 0x17, 0x03, 0x9D, 0x32, 0x03, 0x60, 0xA9,
    0x04, 0x8D, 0x75, 0x01, 0x20, 0x3E, 0xA3, 0xAD, 0x77, 0x01, 0xF0, 0x12,
    0x20, 0x55, 0xAB, 0x20, 0x07, 0xAB, 0xAD, 0x77, 0x01, 0xAE, 0x71, 0x01,
    0xAC, 0x73, 0x01, 0x20, 0xB6, 0xAD, 0x60, 0x4C, 0xFA, 0xA2, 0x20, 0xBF,
    0xAA, 0x4C, 0x8E, 0xAA, 0xA9, 0x07, 0x8D, 0x75, 0x01, 0x20, 0xD3, 0xA3,
    0x20, 0x55, 0xAB, 0xAE, 0x71, 0x01, 0xE8, 0xE8, 0x8E, 0x72, 0x01, 0xAC,
    0x73, 0x01, 0xC8, 0xC8, 0x8C, 0x74, 0x01, 0xAD, 0x78, 0x01, 0x29, 0x20,
    0xF0, 0x06, 0xEE, 0x74, 0x01, 0xEE, 0x74, 0x01, 0x20, 0x07, 0xAB, 0xAD,
    0x77, 0x01, 0xF0, 0x22, 0xAC, 0x73, 0x01, 0xC8, 0xC8, 0xAD, 0x78, 0x01,
    0x29, 0x20, 0xF0, 0x02, 0xC8, 0xC8, 0xAD, 0x77, 0x01, 0x4A, 0x85, 0x80,
    0x38, 0xAD, 0x71, 0x01, 0xE5, 0x80, 0xAA, 0xE8, 0xAD, 0x77, 0x01, 0x20,
    0xB6, 0xAD, 0xAD, 0x78, 0x01, 0x29, 0x20, 0x8D, 0x78, 0x01, 0xAD, 0x7C,
    0x01, 0x29, 0x1F, 0x0A, 0x0A, 0x18, 0x69, 0x80, 0xAA, 0x8E, 0x40, 0x01,
    0xE8, 0xE8, 0x8E, 0x41, 0x01, 0xAE, 0x71, 0x01, 0xAC, 0x73, 0x01, 0xA9,
    0x02, 0x20, 0xB6, 0xAD, 0xEE, 0x40, 0x01, 0xEE, 0x41, 0x01, 0xC8, 0xAD,
    0x78, 0x01, 0x29, 0x20, 0xF0, 0x01, 0xC8, 0xA9, 0x02, 0x4C, 0xB6, 0xAD,
    0x4C, 0xFA, 0xA2, 0x20, 0xBF, 0xAA, 0x20, 0xB8, 0xAA, 0x4C, 0x8E, 0xAA,
    0x20, 0xF5, 0xA3, 0x18, 0xAD, 0x6F, 0x01, 0x6D, 0x79, 0x01, 0xAA, 0x18,
    0xAD, 0x70, 0x01, 0x6D, 0x7A, 0x01, 0xA8, 0xAD, 0x77, 0x01, 0x4C, 0xB6,
    0xAD, 0x4C, 0x8E, 0xAA, 0xA9, 0x02, 0x8D, 0x75, 0x01, 0x20, 0x11, 0xA5,
    0x20, 0x55, 0xAB, 0xEE, 0x72, 0x01, 0xEE, 0x72, 0x01, 0x20, 0x07, 0xAB,
    0xAE, 0x71, 0x01, 0xE8, 0xE8, 0xAC, 0x73, 0x01, 0xAD, 0x77, 0x01, 0x20,
    0xB6, 0xAD, 0xA9, 0x01, 0x85, 0x95, 0xAD, 0x6B, 0x01, 0x85, 0x96, 0xAD,
    0x6C, 0x01, 0x85, 0x97, 0xAD, 0x76, 0x01, 0x85, 0x94, 0x20, 0xAE, 0xA4,
    0xA5, 0x97, 0xCD, 0x6E, 0x01, 0xF0, 0x03, 0x4C, 0x41, 0xA4, 0xA5, 0x96,
    0xCD, 0x6D, 0x01, 0xF0, 0x4B, 0xA5, 0x96, 0x85, 0x90, 0xA5, 0x97, 0x85,
    0x91, 0x20, 0x45, 0xAB, 0xAD, 0x75, 0x01, 0xC9, 0x02, 0xD0, 0xDA, 0xAD,
    0x76, 0x01, 0xC5, 0x94, 0xD0, 0xD3, 0xA5, 0x95, 0xA0, 0x0B, 0x91, 0x96,
    0xAE, 0x76, 0x01, 0xBD, 0xE1, 0x02, 0x25, 0x95, 0xF0, 0x0A, 0xA5, 0x95,
    0x20, 0x0C, 0xA3, 0xA9, 0x05, 0x4C, 0x76, 0xA4, 0xA9, 0x06, 0xA0, 0x00,
    0x8C, 0x78, 0x01, 0xAE, 0x71, 0x01, 0xAC, 0x73, 0x01, 0x20, 0x0F, 0xAC,
    0xA5, 0x95, 0x0A, 0x85, 0x95, 0x4C, 0x2D, 0xA4, 0x60, 0xA5, 0x92, 0x85,
    0x90, 0xA5, 0x93, 0x85, 0x91, 0x20, 0x45, 0xAB, 0xAD, 0x76, 0x01, 0x85,
    0x94, 0xAA, 0xA0, 0x0B, 0xB1, 0x92, 0x20, 0x0C, 0xA3, 0x20, 0x4C, 0xAA,
    0x20, 0x1A, 0xA4, 0x4C, 0x4C, 0xAA, 0x18, 0xA5, 0x96, 0x69, 0x0C, 0x85,
    0x96, 0x90, 0x02, 0xE6, 0x97, 0x60, 0xA9, 0x03, 0x8D, 0x75, 0x01, 0x20,
    0x11, 0xA5, 0x20, 0x55, 0xAB, 0xEE, 0x72, 0x01, 0xEE, 0x72, 0x01, 0x20,
    0x07, 0xAB, 0xAE, 0x71, 0x01, 0xE8, 0xE8, 0xAC, 0x73, 0x01, 0xAD, 0x77,
    0x01, 0x20, 0xB6, 0xAD, 0xA9, 0x00, 0x8D, 0x78, 0x01, 0xAE, 0x76, 0x01,
    0xBD, 0xE1, 0x02, 0xF0, 0x05, 0xA9, 0x07, 0x4C, 0xF0, 0xA4, 0xA9, 0x08,
    0xAE, 0x71, 0x01, 0xAC, 0x73, 0x01, 0x4C, 0x0F, 0xAC, 0xAE, 0x76, 0x01,
    0xBD, 0xE1, 0x02, 0xF0, 0x08, 0xA9, 0x00, 0x20, 0x0C, 0xA3, 0x4C, 0xDC,
    0xA4, 0xA9, 0x01, 0x20, 0x0C, 0xA3, 0x4C, 0xDC, 0xA4, 0x20, 0x8B, 0xAA,
    0x4C, 0x8E, 0xAA, 0xA9, 0x05, 0x8D, 0x75, 0x01, 0x20, 0x54, 0xA6, 0x20,
    0x55, 0xAB, 0xAE, 0x71, 0x01, 0xAC, 0x73, 0x01, 0xAD, 0x77, 0x01, 0x20,
    0xB6, 0xAD, 0x20, 0x0E, 0xA6, 0x18, 0xAD, 0x71, 0x01, 0x6D, 0x77, 0x01,
    0x8D, 0x71, 0x01, 0xAD, 0x71, 0x01, 0x6D, 0x7B, 0x01, 0x8D, 0x72, 0x01,
    0xAC, 0x73, 0x01, 0xC8, 0x8C, 0x74, 0x01, 0x20, 0x07, 0xAB, 0x18, 0xAD,
    0x71, 0x01, 0x85, 0x80, 0xAD, 0x73, 0x01, 0x85, 0x81, 0xAD, 0x7B, 0x01,
    0x85, 0x82, 0xA9, 0x01, 0x85, 0x83, 0x20, 0x00, 0xAD, 0xA9, 0x00, 0x8D,
    0x78, 0x01, 0x4C, 0x3F, 0xA6, 0x20, 0x3D, 0xAB, 0x20, 0x0E, 0xA6, 0xA9,
    0x00, 0x8D, 0x78, 0x01, 0x85, 0x94, 0x20, 0x3F, 0xA6, 0x20, 0x4B, 0xA6,
    0x18, 0xAD, 0x71, 0x01, 0x65, 0x94, 0xAA, 0xA4, 0x94, 0xB9, 0x40, 0x01,
    0xAC, 0x73, 0x01, 0x20, 0x0F, 0xAC, 0x20, 0x4B, 0xA6, 0x20, 0x94, 0xFE,
    0xC9, 0x1B, 0xF0, 0x71, 0xC9, 0x0D, 0xF0, 0x3B, 0xC9, 0x7F, 0xF0, 0x26,
    0xC9, 0x20, 0x30, 0xED, 0xC9, 0x7F, 0x10, 0xE9, 0xA6, 0x94, 0x9D, 0x40,
    0x01, 0x20, 0xBE, 0xA5, 0x4C, 0x7A, 0xA5, 0xA5, 0x94, 0xF0, 0x0E, 0xC6,
    0x94, 0x60, 0xE6, 0x94, 0xA5, 0x94, 0xCD, 0x7B, 0x01, 0xD0, 0x02, 0xC6,
    0x94, 0x60, 0xA5, 0x94, 0xF0, 0xC7, 0x20, 0xB7, 0xA5, 0xA6, 0x94, 0xA9,
    0x20, 0x9D, 0x40, 0x01, 0x4C, 0x7A, 0xA5, 0xAE, 0x76, 0x01, 0xBD, 0xE1,
    0x02, 0x85, 0x90, 0xBD, 0xFC, 0x02, 0x85, 0x91, 0xAC, 0x7B, 0x01, 0x88,
    0xB9, 0x40, 0x01, 0xC9, 0x20, 0xD0, 0x08, 0xA9, 0x0D, 0x99, 0x40, 0x01,
    0x88, 0x10, 0xF1, 0xA0, 0xFF, 0xC8, 0xB9, 0x40, 0x01, 0x91, 0x90, 0xC9,
    0x0D, 0xD0, 0xF6, 0x20, 0x3F, 0xA6, 0x20, 0x84, 0xAB, 0x60, 0xAE, 0x76,
    0x01, 0xBD, 0xE1, 0x02, 0x85, 0x90, 0xBD, 0xFC, 0x02, 0x85, 0x91, 0xA0,
    0x00, 0xA9, 0x20, 0x99, 0x40, 0x01, 0xC8, 0xCC, 0x7B, 0x01, 0xD0, 0xF7,
    0xA9, 0x0D, 0x99, 0x40, 0x01, 0xA0, 0x00, 0xB1, 0x90, 0xC9, 0x0D, 0xF0,
    0x09, 0x99, 0x40, 0x01, 0xC8, 0xCC, 0x7B, 0x01, 0xD0, 0xF1, 0x60, 0xAE,
    0x71, 0x01, 0xAC, 0x73, 0x01, 0xAD, 0x7B, 0x01, 0x4C, 0xB6, 0xAD, 0xAD,
    0x78, 0x01, 0x49, 0x08, 0x8D, 0x78, 0x01, 0x60, 0x20, 0x8B, 0xAA, 0x20,
    0x8E, 0xAA, 0x4C, 0xB1, 0xAA, 0xA9, 0x08, 0x8D, 0x75, 0x01, 0x20, 0x94,
    0xA8, 0x20, 0x55, 0xAB, 0x18, 0xAD, 0x71, 0x01, 0x6D, 0x7B, 0x01, 0x8D,
    0x72, 0x01, 0xEE, 0x72, 0x01, 0x18, 0xAD, 0x73, 0x01, 0x6D, 0x7C, 0x01,
    0x8D, 0x74, 0x01, 0x20, 0x07, 0xAB, 0xAD, 0x71, 0x01, 0x85, 0x80, 0xAD,
    0x73, 0x01, 0x85, 0x81, 0xAD, 0x7B, 0x01, 0x85, 0x82, 0xE6, 0x82, 0xAD,
    0x7C, 0x01, 0x85, 0x83, 0x20, 0x00, 0xAD, 0x20, 0x34, 0xA8, 0xA0, 0x01,
    0xAD, 0x7E, 0x01, 0x91, 0x90, 0xC8, 0xA5, 0x96, 0x91, 0x90, 0xC8, 0xAD,
    0x7D, 0x01, 0x91, 0x90, 0x20, 0xBF, 0xA6, 0x20, 0x30, 0xA7, 0xAD, 0x7E,
    0x01, 0xF0, 0x03, 0x20, 0x90, 0xA7, 0x60, 0xA9, 0x00, 0x8D, 0x78, 0x01,
    0xAE, 0x72, 0x01, 0xCA, 0xAC, 0x73, 0x01, 0xA9, 0x02, 0x20, 0x0F, 0xAC,
    0xC8, 0xCC, 0x74, 0x01, 0xF0, 0x08, 0xA9, 0x04, 0x20, 0x0F, 0xAC, 0x4C,
    0xD0, 0xA6, 0x88, 0xA9, 0x03, 0x20, 0x0F, 0xAC, 0x38, 0xAD, 0x7C, 0x01,
    0xE9, 0x03, 0xA8, 0xA6, 0x96, 0x20, 0x67, 0xA8, 0xAA, 0xAC, 0x7E, 0x01,
    0xF0, 0x15, 0x88, 0xF0, 0x12, 0x20, 0x7B, 0xA8, 0x18, 0x6D, 0x73, 0x01,
    0xA8, 0xC8, 0xAE, 0x72, 0x01, 0xCA, 0xA9, 0x01, 0x20, 0x0F, 0xAC, 0x60,
    0x20, 0x34, 0xA8, 0x18, 0xA5, 0x90, 0x69, 0x04, 0x85, 0x90, 0x90, 0x02,
    0xE6, 0x91, 0xA6, 0x98, 0xF0, 0x11, 0x18, 0xAC, 0x7B, 0x01, 0xC8, 0x98,
    0x65, 0x90, 0x85, 0x90, 0x90, 0x02, 0xE6, 0x91, 0xCA, 0xD0, 0xEF, 0x60,
    0xA9, 0x00, 0x85, 0x97, 0x18, 0xA5, 0x96, 0x65, 0x97, 0x85, 0x98, 0x20,
    0x0C, 0xA7, 0xA2, 0x00, 0xA5, 0x98, 0xCD, 0x7D, 0x01, 0xD0, 0x02, 0xA2,
    0x08, 0x8E, 0x78, 0x01, 0xA5, 0x98, 0xCD, 0x7E, 0x01, 0x30, 0x15, 0xA2,
    0x00, 0xA9, 0x20, 0x9D, 0x40, 0x01, 0xE8, 0xEC, 0x7B, 0x01, 0xD0, 0xF7,
    0xA9, 0x0D, 0x9D, 0x40, 0x01, 0x4C, 0x73, 0xA7, 0xA5, 0x90, 0x85, 0x52,
    0xA5, 0x91, 0x85, 0x53, 0x20, 0xED, 0xAA, 0xAE, 0x71, 0x01, 0x18, 0xAD,
    0x73, 0x01, 0x65, 0x97, 0xA8, 0xAD, 0x7B, 0x01, 0x20, 0xB6, 0xAD, 0xE6,
    0x97, 0xA5, 0x97, 0xCD, 0x7C, 0x01, 0xF0, 0x03, 0x4C, 0x34, 0xA7, 0x60,
    0xAE, 0x76, 0x01, 0xBD, 0xE1, 0x02, 0x85, 0x99, 0xBD, 0xFC, 0x02, 0x85,
    0x9A, 0xAD, 0x7D, 0x01, 0x85, 0x98, 0x20, 0x0C, 0xA7, 0xA0, 0x00, 0xB1,
    0x90, 0x91, 0x99, 0xC8, 0xC9, 0x0D, 0xD0, 0xF7, 0x60, 0x20, 0x4E, 0xA8,
    0x20, 0x74, 0xAE, 0x4A, 0x4A, 0x4A, 0x85, 0x80, 0x20, 0x86, 0xAE, 0x49,
    0xFF, 0x4A, 0x4A, 0x4A, 0x85, 0x81, 0xAE, 0x72, 0x01, 0xCA, 0xE4, 0x80,
    0xF0, 0x03, 0x4C, 0xE2, 0xA7, 0xCD, 0x73, 0x01, 0xF0, 0x3C, 0xAE, 0x74,
    0x01, 0xCA, 0x8A, 0xC5, 0x81, 0xF0, 0x42, 0x4C, 0x88, 0xA9, 0x38, 0xED,
    0x73, 0x01, 0x18, 0x65, 0x96, 0xCD, 0x7E, 0x01, 0x30, 0x03, 0x4C, 0x88,
    0xA9, 0x8D, 0x7D, 0x01, 0x20, 0x90, 0xA7, 0x20, 0x9B, 0xA6, 0xAD, 0x6B,
    0x01, 0x85, 0x90, 0xAD, 0x6C, 0x01, 0x85, 0x91, 0xA0, 0x05, 0xB1, 0x90,
    0xAA, 0xAD, 0x77, 0x01, 0x20, 0x0C, 0xA3, 0x4C, 0x4C, 0xAA, 0x20, 0x4E,
    0xA8, 0xA5, 0x96, 0xF0, 0x02, 0xC6, 0x96, 0x20, 0x9B, 0xA6, 0x4C, 0x88,
    0xA9, 0x20, 0x4E, 0xA8, 0xA6, 0x96, 0xE8, 0xEC, 0x7E, 0x01, 0xF0, 0x02,
    0xE6, 0x96, 0x20, 0x9B, 0xA6, 0x4C, 0x88, 0xA9, 0xAE, 0x76, 0x01, 0xBD,
    0xE1, 0x02, 0x85, 0x90, 0xBD, 0xFC, 0x02, 0x85, 0x91, 0x18, 0xA5, 0x90,
    0x6D, 0x7B, 0x01, 0x85, 0x90, 0x90, 0x02, 0xE6, 0x91, 0x60, 0x20, 0x3D,
    0xAB, 0x20, 0x34, 0xA8, 0xA0, 0x01, 0xB1, 0x90, 0x8D, 0x7E, 0x01, 0xC8,
    0xB1, 0x90, 0x85, 0x96, 0xC8, 0xB1, 0x90, 0x8D, 0x7D, 0x01, 0x60, 0x86,
    0x80, 0x86, 0x81, 0x88, 0xF0, 0x0A, 0x18, 0xA5, 0x81, 0x65, 0x80, 0x85,
    0x81, 0x4C, 0x6B, 0xA8, 0xA5, 0x81, 0x60, 0x86, 0x80, 0x84, 0x81, 0xA9,
    0x00, 0x85, 0x82, 0x38, 0xA5, 0x80, 0xE5, 0x81, 0x85, 0x80, 0x90, 0x05,
    0xE6, 0x82, 0x4C, 0x83, 0xA8, 0xA5, 0x82, 0x60, 0x20, 0xDD, 0xAA, 0x8D,
    0x77, 0x01, 0x20, 0x8B, 0xAA, 0x20, 0xA4, 0xAA, 0x20, 0xB1, 0xAA, 0x20,
    0xB8, 0xAA, 0x20, 0xDD, 0xAA, 0x8D, 0x7E, 0x01, 0x20, 0xDD, 0xAA, 0xCD,
    0x7E, 0x01, 0x30, 0x05, 0xAE, 0x7E, 0x01, 0xCA, 0x8A, 0x8D, 0x7D, 0x01,
    0xA9, 0x00, 0x85, 0x96, 0x60, 0x20, 0x00, 0xA9, 0x18, 0xAD, 0x6F, 0x01,
    0x6D, 0x79, 0x01, 0x8D, 0x71, 0x01, 0x85, 0x80, 0x18, 0xAD, 0x70, 0x01,
    0x6D, 0x7A, 0x01, 0x8D, 0x73, 0x01, 0x85, 0x81, 0xAD, 0x7B, 0x01, 0x85,
    0x82, 0xAD, 0x7C, 0x01, 0x85, 0x83, 0x20, 0x00, 0xAD, 0x38, 0xAD, 0x7B,
    0x01, 0xED, 0x77, 0x01, 0x4A, 0x18, 0x6D, 0x71, 0x01, 0xAA, 0xAC, 0x73,
    0x01, 0x88, 0xAD, 0x77, 0x01, 0x4C, 0xB6, 0xAD, 0x20, 0x8E, 0xAA, 0x20,
    0xB1, 0xAA, 0x4C, 0xB8, 0xAA, 0xA9, 0x06, 0x8D, 0x75, 0x01, 0x20, 0xBF,
    0xAA, 0x48, 0x20, 0xA4, 0xAA, 0x20, 0xB1, 0xAA, 0x20, 0xB8, 0xAA, 0x20,
    0x8B, 0xAA, 0xAD, 0x76, 0x01, 0x8D, 0x77, 0x01, 0x20, 0x8B, 0xAA, 0xAD,
    0x76, 0x01, 0x8D, 0x78, 0x01, 0x68, 0x8D, 0x76, 0x01, 0x20, 0x55, 0xAB,
    0x18, 0xAD, 0x71, 0x01, 0x6D, 0x7B, 0x01, 0x8D, 0x72, 0x01, 0x18, 0xAD,
    0x73, 0x01, 0x6D, 0x7C, 0x01, 0x8D, 0x74, 0x01, 0x4C, 0x07, 0xAB, 0x20,
    0x74, 0xAE, 0x4A, 0x4A, 0x4A, 0x38, 0xED, 0x71, 0x01, 0xAE, 0x77, 0x01,
    0x20, 0x0C, 0xA3, 0x20, 0x86, 0xAE, 0x49, 0xFF, 0x4A, 0x4A, 0x4A, 0x38,
    0xED, 0x73, 0x01, 0xAE, 0x78, 0x01, 0x20, 0x0C, 0xA3, 0x4C, 0xFA, 0xA2,
    0xAD, 0x6B, 0x01, 0x85, 0x92, 0xAD, 0x6C, 0x01, 0x85, 0x93, 0x20, 0x5B,
    0xAA, 0x20, 0x73, 0xAA, 0x90, 0x03, 0x4C, 0x72, 0xAA, 0x20, 0x4C, 0xAA,
    0x20, 0x71, 0xFE, 0x90, 0x05, 0x20, 0x8C, 0xAB, 0xB0, 0xF6, 0xC0, 0x0E,
    0xF0, 0x0D, 0xC0, 0x0F, 0xF0, 0x2E, 0xC0, 0x00, 0xF0, 0x58, 0xC0, 0x3B,
    0xD0, 0xE6, 0x60, 0x20, 0x4C, 0xAA, 0x20, 0x5B, 0xAA, 0x20, 0x73, 0xAA,
    0x90, 0x0D, 0xAD, 0x6B, 0x01, 0x85, 0x92, 0xAD, 0x6C, 0x01, 0x85, 0x93,
    0x20, 0x5B, 0xAA, 0x20, 0x4C, 0xAA, 0x20, 0x71, 0xFE, 0xC0, 0x0E, 0xF0,
    0xF9, 0x4C, 0x88, 0xA9, 0x20, 0x4C, 0xAA, 0x20, 0x67, 0xAA, 0xA5, 0x92,
    0xCD, 0x6B, 0x01, 0xD0, 0x14, 0xA5, 0x93, 0xCD, 0x6C, 0x01, 0xD0, 0x0D,
    0xAD, 0x6D, 0x01, 0x85, 0x92, 0xAD, 0x6E, 0x01, 0x85, 0x93, 0x20, 0x67,
    0xAA, 0x20, 0x4C, 0xAA, 0x20, 0x71, 0xFE, 0xC0, 0x0F, 0xF0, 0xF9, 0x4C,
    0x88, 0xA9, 0x20, 0x3D, 0xAB, 0x20, 0x84, 0xAB, 0xAD, 0x75, 0x01, 0xC9,
    0x01, 0xD0, 0x06, 0x20, 0x4C, 0xAA, 0x4C, 0xD4, 0xA2, 0xC9, 0x02, 0xD0,
    0x05, 0x48, 0x20, 0x8D, 0xA4, 0x68, 0xC9, 0x03, 0xD0, 0x05, 0x48, 0x20,
    0xF9, 0xA4, 0x68, 0xC9, 0x04, 0xD0, 0x06, 0x20, 0x4C, 0xAA, 0x4C, 0x3B,
    0xA3, 0xC9, 0x05, 0xD0, 0x05, 0x48, 0x20, 0x6D, 0xA5, 0x68, 0xC9, 0x06,
    0xD0, 0x06, 0x20, 0x4C, 0xAA, 0x4C, 0x4B, 0xA9, 0xC9, 0x07, 0xD0, 0x06,
    0x20, 0x4C, 0xAA, 0x4C, 0xD0, 0xA3, 0xC9, 0x08, 0xD0, 0x03, 0x4C, 0xB1,
    0xA7, 0x4C, 0x88, 0xA9, 0xA0, 0x00, 0xB1, 0x92, 0x99, 0x80, 0x00, 0xC8,
    0xC0, 0x04, 0xD0, 0xF6, 0x4C, 0x5C, 0xAD, 0x18, 0xA5, 0x92, 0x69, 0x0C,
    0x85, 0x92, 0x90, 0x0E, 0xE6, 0x93, 0x60, 0x38, 0xA5, 0x92, 0xE9, 0x0C,
    0x85, 0x92, 0xB0, 0x02, 0xC6, 0x93, 0x60, 0xAD, 0x6D, 0x01, 0xC5, 0x92,
    0xD0, 0x09, 0xAD, 0x6E, 0x01, 0xC5, 0x93, 0xD0, 0x02, 0x38, 0x60, 0x18,
    0x60, 0x20, 0xDD, 0xAA, 0x4C, 0xCD, 0xAE, 0x4C, 0xC6, 0xAA, 0x20, 0xEA,
    0xAA, 0xA2, 0xFF, 0xE8, 0xBD, 0x40, 0x01, 0xC9, 0x0D, 0xD0, 0xF8, 0x8E,
    0x77, 0x01, 0x20, 0xDD, 0xAA, 0x8D, 0x78, 0x01, 0x20, 0xDD, 0xAA, 0x8D,
    0x79, 0x01, 0x20, 0xDD, 0xAA, 0x8D, 0x7A, 0x01, 0x60, 0x20, 0xDD, 0xAA,
    0x8D, 0x7B, 0x01, 0x60, 0x20, 0xDD, 0xAA, 0x8D, 0x7C, 0x01, 0x60, 0x20,
    0xDD, 0xAA, 0x8D, 0x76, 0x01, 0x60, 0xA4, 0x03, 0x20, 0x00, 0xAB, 0xC9,
    0x41, 0x30, 0x0D, 0xC9, 0x5B, 0x10, 0x09, 0x8D, 0x76, 0x01, 0xC8, 0x84,
    0x03, 0x4C, 0x31, 0xC2, 0x00, 0x20, 0xBC, 0xC8, 0x20, 0x31, 0xC2, 0xA5,
    0x16, 0xA0, 0x00, 0x84, 0x04, 0x60, 0x20, 0xB1, 0xCE, 0xA2, 0x00, 0xA0,
    0x00, 0xB1, 0x52, 0x9D, 0x40, 0x01, 0xE8, 0xC8, 0xC9, 0x0D, 0xD0, 0xF5,
    0x4C, 0x31, 0xC2, 0xC8, 0xB1, 0x05, 0xC9, 0x20, 0xF0, 0xF9, 0x60, 0xAD,
    0x75, 0x01, 0xC9, 0x06, 0xF0, 0x07, 0xAD, 0x78, 0x01, 0x29, 0x10, 0xD0,
    0x27, 0xAD, 0x6D, 0x01, 0x85, 0x90, 0xAD, 0x6E, 0x01, 0x85, 0x91, 0xA2,
    0x30, 0xA0, 0xFF, 0xE8, 0xC8, 0xBD, 0x40, 0x01, 0x91, 0x90, 0xE0, 0x3C,
    0xD0, 0xF5, 0xC8, 0x18, 0x98, 0x6D, 0x6D, 0x01, 0x8D, 0x6D, 0x01, 0x90,
    0x03, 0xEE, 0x6E, 0x01, 0x60, 0xA5, 0x92, 0x85, 0x90, 0xA5, 0x93, 0x85,
    0x91, 0xA2, 0x30, 0xA0, 0xFF, 0xE8, 0xC8, 0xB1, 0x90, 0x9D, 0x40, 0x01,
    0xE0, 0x3C, 0xD0, 0xF5, 0x60, 0x18, 0xAD, 0x6F, 0x01, 0x6D, 0x79, 0x01,
    0x8D, 0x71, 0x01, 0x18, 0xAD, 0x71, 0x01, 0x6D, 0x77, 0x01, 0x8D, 0x72,
    0x01, 0x18, 0xAD, 0x70, 0x01, 0x6D, 0x7A, 0x01, 0x8D, 0x73, 0x01, 0x8D,
    0x74, 0x01, 0xEE, 0x74, 0x01, 0xAD, 0x78, 0x01, 0x29, 0x20, 0xF0, 0x03,
    0xEE, 0x74, 0x01, 0x60, 0x20, 0x71, 0xFE, 0xC0, 0x00, 0xF0, 0xF9, 0x60,
    0x20, 0x32, 0xAE, 0x29, 0x01, 0xF0, 0x02, 0x38, 0x60, 0x20, 0x32, 0xAE,
    0x29, 0x01, 0xF0, 0xF9, 0x20, 0x74, 0xAE, 0x4A, 0x4A, 0x4A, 0x85, 0x98,
    0x20, 0x86, 0xAE, 0x49, 0xFF, 0x4A, 0x4A, 0x4A, 0x85, 0x99, 0xAD, 0x6B,
    0x01, 0x85, 0x96, 0xAD, 0x6C, 0x01, 0x85, 0x97, 0x20, 0xAE, 0xA4, 0xA5,
    0x97, 0xCD, 0x6E, 0x01, 0xD0, 0x07, 0xA5, 0x96, 0xCD, 0x6D, 0x01, 0xF0,
    0xCA, 0xA5, 0x96, 0x85, 0x90, 0xA5, 0x97, 0x85, 0x91, 0x20, 0x45, 0xAB,
    0xA5, 0x98, 0xCD, 0x71, 0x01, 0x30, 0xDD, 0xCD, 0x72, 0x01, 0x10, 0xD8,
    0xA5, 0x99, 0xCD, 0x73, 0x01, 0x30, 0xD1, 0xCD, 0x74, 0x01, 0x10, 0xCC,
    0x20, 0x4C, 0xAA, 0xA5, 0x97, 0x85, 0x93, 0xA5, 0x96, 0x85, 0x92, 0x20,
    0x4C, 0xAA, 0xA0, 0x00, 0x18, 0x60, 0x20, 0x4C, 0xAA, 0xA5, 0x97, 0x85,
    0x93, 0xA5, 0x96, 0x85, 0x92, 0x20, 0x4C, 0xAA, 0x4C, 0x93, 0xAB, 0x48,
    0x29, 0xE0, 0xF0, 0x30, 0x68, 0x38, 0xE9, 0x20, 0x85, 0x81, 0xA9, 0x00,
    0x85, 0x82, 0x06, 0x81, 0x26, 0x82, 0x06, 0x81, 0x26, 0x82, 0x06, 0x81,
    0x26, 0x82, 0x18, 0xAD, 0x6B, 0x01, 0x65, 0x81, 0x85, 0x81, 0x90, 0x02,
    0xE6, 0x82, 0x18, 0xAD, 0x6C, 0x01, 0x65, 0x82, 0x38, 0xE9, 0x07, 0x85,
    0x82, 0x4C, 0x4E, 0xAC, 0x68, 0x0A, 0x0A, 0x0A, 0x85, 0x81, 0xA9, 0xAF,
    0x85, 0x82, 0x8A, 0x48, 0x98, 0x48, 0x86, 0x83, 0x84, 0x84, 0x18, 0xA9,
    0x80, 0x65, 0x84, 0x85, 0x84, 0xA0, 0x00, 0xA2, 0x08, 0xB1, 0x81, 0x85,
    0x80, 0xAD, 0x78, 0x01, 0x29, 0x01, 0xF0, 0x07, 0xA5, 0x80, 0x4A, 0x05,
    0x80, 0x85, 0x80, 0xAD, 0x78, 0x01, 0x29, 0x02, 0xF0, 0x09, 0xA5, 0x80,
    0xE0, 0x05, 0x30, 0x03, 0x4A, 0x85, 0x80, 0xAD, 0x78, 0x01, 0x29, 0x04,
    0xF0, 0x0A, 0xA5, 0x80, 0xE0, 0x01, 0xD0, 0x04, 0xA9, 0xFF, 0x85, 0x80,
    0xAD, 0x78, 0x01, 0x29, 0x08, 0xF0, 0x06, 0xA5, 0x80, 0x49, 0xFF, 0x85,
    0x80, 0xAD, 0x78, 0x01, 0x29, 0x10, 0xF0, 0x13, 0x8A, 0x4A, 0x90, 0x09,
    0xA5, 0x80, 0x29, 0x55, 0x85, 0x80, 0x4C, 0xBB, 0xAC, 0xA5, 0x80, 0x29,
    0xAA, 0x85, 0x80, 0xAD, 0x78, 0x01, 0x29, 0x20, 0xF0, 0x13, 0xA5, 0x80,
    0x49, 0xFF, 0x91, 0x83, 0x18, 0xA5, 0x83, 0x69, 0x20, 0x85, 0x83, 0xA5,
    0x84, 0x69, 0x00, 0x85, 0x84, 0xA5, 0x80, 0x49, 0xFF, 0x91, 0x83, 0x18,
    0xA5, 0x81, 0x69, 0x01, 0x85, 0x81, 0xA5, 0x82, 0x69, 0x00, 0x85, 0x82,
    0x18, 0xA5, 0x83, 0x69, 0x20, 0x85, 0x83, 0xA5, 0x84, 0x69, 0x00, 0x85,
    0x84, 0xCA, 0xF0, 0x03, 0x4C, 0x61, 0xAC, 0x68, 0xA8, 0x68, 0xAA, 0x60,
    0x8A, 0x48, 0x98, 0x48, 0x18, 0xA5, 0x80, 0x69, 0xE0, 0x85, 0x84, 0x18,
    0xA5, 0x81, 0x69, 0x7F, 0x85, 0x85, 0xA5, 0x80, 0x85, 0x86, 0x18, 0xA5,
    0x81, 0x69, 0x80, 0x65, 0x83, 0x85, 0x87, 0xA0, 0x00, 0xA9, 0x00, 0x91,
    0x84, 0xEA, 0x91, 0x86, 0xC8, 0xC4, 0x82, 0xD0, 0xF4, 0xC6, 0x84, 0xA5,
    0x83, 0x0A, 0x0A, 0x0A, 0x18, 0x69, 0x02, 0xAA, 0xA0, 0x00, 0xB1, 0x84,
    0x29, 0xFE, 0x91, 0x84, 0xA4, 0x82, 0xC8, 0xB1, 0x84, 0x29, 0x7F, 0x91,
    0x84, 0x18, 0xA5, 0x84, 0x69, 0x20, 0x85, 0x84, 0x90, 0x02, 0xE6, 0x85,
    0xCA, 0xD0, 0xE1, 0x68, 0xA8, 0x68, 0xAA, 0x60, 0x8A, 0x48, 0x98, 0x48,
    0xA9, 0xE0, 0x85, 0x84, 0x18, 0xA5, 0x82, 0x69, 0x7F, 0x85, 0x85, 0xA9,
    0x00, 0x85, 0x86, 0x18, 0xA5, 0x83, 0x69, 0x80, 0x85, 0x87, 0xA4, 0x80,
    0xB1, 0x84, 0x49, 0xAA, 0x91, 0x84, 0xB1, 0x86, 0x49, 0x55, 0x91, 0x86,
    0xC8, 0xC4, 0x81, 0xD0, 0xEF, 0x18, 0xA5, 0x80, 0x69, 0x1F, 0x85, 0x80,
    0xA4, 0x80, 0xB1, 0x84, 0x49, 0x01, 0x91, 0x84, 0xA4, 0x81, 0xB1, 0x84,
    0x49, 0x80, 0x91, 0x84, 0x18, 0xA5, 0x84, 0x69, 0x40, 0x85, 0x84, 0x90,
    0x02, 0xE6, 0x85, 0xA5, 0x85, 0xC5, 0x87, 0xD0, 0xDF, 0x68, 0xA8, 0x68,
    0xAA, 0x60, 0xF0, 0x2F, 0x85, 0x87, 0x86, 0x85, 0x84, 0x86, 0x8A, 0x48,
    0x98, 0x48, 0xA9, 0x40, 0x85, 0x89, 0xA9, 0x01, 0x85, 0x8A, 0xA9, 0x00,
    0x85, 0x88, 0xA4, 0x88, 0xB1, 0x89, 0xA6, 0x85, 0xA4, 0x86, 0x20, 0x0F,
    0xAC, 0xE6, 0x85, 0xE6, 0x88, 0xA5, 0x88, 0xC5, 0x87, 0xD0, 0xEB, 0x68,
    0xA8, 0x68, 0xAA, 0x60, 0x8A, 0x48, 0x98, 0x48, 0xA5, 0x80, 0x85, 0x85,
    0x18, 0xA5, 0x81, 0x69, 0x80, 0x85, 0x86, 0xA5, 0x83, 0x0A, 0x0A, 0x0A,
    0x85, 0x83, 0xA2, 0x00, 0xA0, 0x00, 0xA5, 0x84, 0xC9, 0xFE, 0xF0, 0x03,
    0x4C, 0x0F, 0xAE, 0xB1, 0x85, 0x49, 0xFF, 0x91, 0x85, 0xC8, 0xC4, 0x82,
    0xD0, 0xEC, 0x18, 0xA5, 0x85, 0x69, 0x20, 0x85, 0x85, 0x90, 0x02, 0xE6,
    0x86, 0xE8, 0xE4, 0x83, 0xD0, 0xDA, 0xA5, 0x83, 0x4A, 0x4A, 0x4A, 0x85,
    0x83, 0x68, 0xA8, 0x68, 0xAA, 0x60, 0xAD, 0xFE, 0xFF, 0xC9, 0xA9, 0xF0,
    0x04, 0xAD, 0xE2, 0xBF, 0x60, 0xA9, 0x0B, 0x20, 0xC2, 0xFF, 0x90, 0xF9,
    0x8A, 0x48, 0xA9, 0x00, 0x20, 0xC8, 0xFF, 0xA9, 0x1C, 0x20, 0xC8, 0xFF,
    0xA9, 0x85, 0x20, 0xC8, 0xFF, 0x20, 0xC5, 0xFF, 0x8D, 0x82, 0x01, 0x20,
    0xC5, 0xFF, 0x8D, 0x84, 0x01, 0x20, 0xC5, 0xFF, 0x8D, 0x80, 0x01, 0xA9,
    0x0A, 0x20, 0xC2, 0xFF, 0x68, 0xAA, 0xAD, 0x80, 0x01, 0x49, 0x07, 0x60,
    0xAD, 0xFE, 0xFF, 0xC9, 0xA9, 0xF0, 0x04, 0xAD, 0xE0, 0xBF, 0x60, 0x20,
    0x3D, 0xAE, 0xAD, 0x82, 0x01, 0x60, 0xAD, 0xFE, 0xFF, 0xC9, 0xA9, 0xF0,
    0x04, 0xAD, 0xE1, 0xBF, 0x60, 0x20, 0x3D, 0xAE, 0xAD, 0x84, 0x01, 0x60,
    0xAD, 0xFE, 0xFF, 0xC9, 0xA9, 0xF0, 0x01, 0x60, 0xA9, 0x0B, 0x20, 0xC2,
    0xFF, 0x90, 0xF9, 0xA9, 0x00, 0x20, 0xC8, 0xFF, 0xA9, 0x1C, 0x20, 0xC8,
    0xFF, 0xA9, 0x80, 0x20, 0xC8, 0xFF, 0x20, 0xC5, 0xFF, 0xA9, 0x00, 0x20,
    0xC8, 0xFF, 0xA9, 0x1C, 0x20, 0xC8, 0xFF, 0xA9, 0x81, 0x20, 0xC8, 0xFF,
    0xA9, 0x0A, 0x4C, 0xC2, 0xFF, 0x48, 0xAD, 0xFE, 0xFF, 0xC9, 0xA9, 0xF0,
    0x05, 0x68, 0x8D, 0xE2, 0xBF, 0x60, 0xA9, 0x0B, 0x20, 0xC2, 0xFF, 0x90,
    0xF9, 0xA9, 0x00, 0x20, 0xC8, 0xFF, 0xA9, 0x1C, 0x20, 0xC8, 0xFF, 0xA9,
    0x87, 0x20, 0xC8, 0xFF, 0x68, 0x20, 0xC8, 0xFF, 0xA9, 0x0A, 0x4C, 0xC2,
    0xFF, 0xFF, 0xFF, 0xFF, 0xFF, 0xFF, 0xFF, 0xFF, 0x01, 0x01, 0x01, 0x01,
    0x01, 0x01, 0x01, 0x01, 0xFF, 0x80, 0x80, 0x80, 0x80, 0x80, 0x80, 0xFF,
    0x80, 0x88, 0x9C, 0xBE, 0x9C, 0x9C, 0x80, 0xFF, 0xFF, 0x80, 0x9C, 0x9C,
    0xBE, 0x9C, 0x88, 0x80, 0xAA, 0xD5, 0xAA, 0xD5, 0xAA, 0xD5, 0xAA, 0xD5,
    0x3C, 0x42, 0x99, 0xBD, 0xBD, 0x99, 0x42, 0x3C, 0x3C, 0x42, 0x81, 0x81,
    0x81, 0x81, 0x42, 0x3C, 0xFE, 0xC6, 0xAA, 0x92, 0xAA, 0xC6, 0xFE, 0x00,
    0xFE, 0x82, 0x82, 0x82, 0x82, 0x82, 0xFE, 0x00, 0x00, 0x01, 0x00, 0x01,
    0x00, 0x01, 0x00, 0x55, 0xFE, 0xFF, 0xFE, 0xFF, 0xFE, 0xFF, 0xFE, 0x55,
    0x00, 0x00, 0x00, 0x00, 0x00, 0x00, 0x00, 0x00, 0x00, 0x00, 0x00, 0x00,
    0x00, 0x00, 0x00, 0x00, 0x00, 0x00, 0x00, 0x00, 0x00, 0x00, 0x00, 0x00,
    0x00, 0x00, 0x00, 0x00, 0x00, 0x00, 0x00, 0x00, 0x00, 0x00, 0x00, 0x00,
    0x00, 0x00, 0x00, 0x00, 0x00, 0x00, 0x00, 0x00, 0x00, 0x00, 0x00, 0x00,
    0x00, 0x00, 0x00, 0x00, 0x00, 0x00, 0x00, 0x00, 0x00, 0x00, 0x00, 0x00,
    0x00, 0x00, 0x00, 0x00, 0x00, 0x00, 0x00, 0x00, 0x00, 0x00, 0x00, 0x00,
    0x00, 0x00, 0x00, 0x00, 0x00, 0x00, 0x00, 0x00, 0x00, 0x00, 0x00, 0x00,
    0x00, 0x00, 0x00, 0x00, 0x00, 0x00, 0x00, 0x00, 0x00, 0x00, 0x00, 0x00,
    0x00, 0x00, 0x00, 0x00, 0x00, 0x00, 0x00, 0x00, 0x00, 0x00, 0x00, 0x00,
    0x00, 0x00, 0x00, 0x00, 0x00, 0x00, 0x00, 0x00, 0x00, 0x00, 0x00, 0x00,
    0x00, 0x00, 0x00, 0x00, 0x00, 0x00, 0x00, 0x00, 0x00, 0x00, 0x00, 0x00,
    0x00, 0x00, 0x00, 0x00, 0x00, 0x00, 0x00, 0x00, 0x00, 0x00, 0x00, 0x00,
    0x00, 0x00, 0x00, 0x00, 0x00, 0x00, 0x00, 0x00, 0x00, 0x00, 0x00, 0x00,
    0x00, 0x00, 0x00, 0x00, 0x00, 0x00, 0x00, 0x00, 0x00, 0x00, 0x00, 0x00,
    0x40, 0xBF, 0xA2, 0x00, 0xA4, 0x03, 0x88, 0xC8, 0xB1, 0x05, 0xC9, 0x20,
    0xF0, 0xF9, 0x88, 0x84, 0x52, 0xCA, 0xA4, 0x52, 0xE8, 0xC8, 0xBD, 0x3F,
    0xA0, 0x30, 0x16, 0xD1, 0x05, 0xF0, 0xF5, 0xCA, 0xE8, 0xBD, 0x3F, 0xA0,
    0x10, 0xFA, 0xE8, 0xB1, 0x05, 0xC9, 0x2E, 0xD0, 0xE5, 0xC8, 0xCA, 0xB0,
    0xE5, 0x85, 0x53, 0xBD, 0x40, 0xA0, 0x85, 0x52, 0x84, 0x03, 0xA6, 0x04,
    0x6C, 0x52, 0x00, 0x4B, 0x45, 0x59, 0xAC, 0xE7, 0x52, 0x45, 0x41, 0x44,
    0xA8, 0x54, 0x43, 0x55, 0x52, 0x53, 0x4F, 0x52, 0xAC, 0x66, 0x44, 0x41,
    0x54, 0x41, 0xA7, 0xAE, 0x52, 0x45, 0x53, 0x54, 0x4F, 0x52, 0x45, 0xA7,
    0xBB, 0x42, 0x52, 0x45, 0x41, 0x4B, 0xA5, 0xC3, 0x4F, 0x4E, 0x45, 0x52,
    0x52, 0x4F, 0x52, 0xAC, 0x0A, 0x45, 0x58, 0x49, 0x54, 0xAE, 0x6A, 0x43,
    0x48, 0x41, 0x49, 0x4E, 0xAF, 0xD1, 0x41, 0x42, 0x46, 0x4F, 0x52, 0xAC,
    0x58, 0x41, 0x42, 0x44, 0x4F, 0xAC, 0x4A, 0x41, 0x42, 0x53, 0x55, 0x42,
    0xAC, 0x51, 0x41, 0x55, 0x54, 0x4F, 0xAB, 0x06, 0x44, 0x45, 0x4C, 0x45,
    0x54, 0x45, 0xA9, 0x99, 0x44, 0x49, 0x53, 0x41, 0x53, 0x53, 0x45, 0x4D,
    0x42, 0x4C, 0x45, 0xA0, 0xCE, 0x44, 0x55, 0x4D, 0x50, 0xA5, 0x61, 0x46,
    0x49, 0x4E, 0x44, 0xAA, 0x40, 0x4B, 0x42, 0x44, 0xAC, 0xAE, 0x4D, 0x4F,
    0x44, 0x49, 0x46, 0x59, 0xA6, 0x99, 0x54, 0x41, 0x50, 0x45, 0xA4, 0xA2,
    0xAF, 0x07, 0x20, 0xA6, 0xA3, 0xA5, 0x0E, 0x85, 0x75, 0xA5, 0x0D, 0xD0,
    0x02, 0xC6, 0x75, 0x85, 0x74, 0xC6, 0x74, 0xA9, 0x0A, 0x85, 0x7A, 0xA5,
    0x0E, 0xC5, 0x12, 0xD0, 0x0E, 0xA5, 0x0D, 0xC9, 0x02, 0xD0, 0x08, 0xA9,
    0x00, 0x85, 0x78, 0x85, 0x79, 0xF0, 0x17, 0xC6, 0x75, 0xA0, 0xFF, 0x88,
    0xB1, 0x74, 0xC9, 0x0D, 0xD0, 0xF9, 0xC8, 0xB1, 0x74, 0x85, 0x78, 0xC8,
    0xB1, 0x74, 0x85, 0x79, 0xE6, 0x75, 0x20, 0xE4, 0xC4, 0x20, 0x17, 0xA1,
    0x4C, 0x5B, 0xC5, 0xAD, 0x01, 0xB0, 0xC9, 0xDF, 0xF0, 0x45, 0xA5, 0x70,
    0x8D, 0x31, 0x03, 0xA5, 0x71, 0x8D, 0x4C, 0x03, 0x20, 0x69, 0xA1, 0x20,
    0x36, 0xA4, 0x20, 0x75, 0xA3, 0xA9, 0x00, 0xF0, 0x0B, 0xA0, 0x00, 0x20,
    0x49, 0xA3, 0xF0, 0x27, 0xC9, 0x60, 0xF0, 0x23, 0xA5, 0x7B, 0x38, 0x65,
    0x70, 0x85, 0x70, 0x90, 0x02, 0xE6, 0x71, 0xA5, 0x70, 0x8D, 0x2F, 0x03,
    0xA5, 0x71, 0x8D, 0x4A, 0x03, 0xA5, 0x73, 0xC5, 0x71, 0x90, 0x08, 0xD0,
    0xBA, 0xA5, 0x72, 0xC5, 0x70, 0xB0, 0xB4, 0xA9, 0xFF, 0x20, 0x75, 0xA3,
    0x60, 0x24, 0x52, 0x10, 0x15, 0x18, 0xA5, 0x79, 0x65, 0x7A, 0x85, 0x79,
    0x90, 0x02, 0xE6, 0x78, 0xA5, 0x78, 0x20, 0x79, 0xA3, 0xA5, 0x79, 0x20,
    0x79, 0xA3, 0x20, 0x70, 0xA3, 0x20, 0x66, 0xA3, 0xA0, 0x00, 0x20, 0x49,
    0xA3, 0xA8, 0x4A, 0x90, 0x0B, 0x4A, 0xB0, 0x17, 0xC9, 0x22, 0xF0, 0x13,
    0x29, 0x07, 0x09, 0x80, 0x4A, 0xAA, 0xBD, 0x42, 0xA4, 0xB0, 0x04, 0x4A,
    0x4A, 0x4A, 0x4A, 0x29, 0x0F, 0xD0, 0x04, 0xA0, 0x80, 0xA9, 0x00, 0xAA,
    0xBD, 0x86, 0xA4, 0x85, 0x7E, 0x29, 0x03, 0x85, 0x7B, 0x98, 0x29, 0x8F,
    0xAA, 0x98, 0xA0, 0x03, 0xE0, 0x8A, 0xF0, 0x0B, 0x4A, 0x90, 0x08, 0x4A,
    0x4A, 0x09, 0x20, 0x88, 0xD0, 0xFA, 0xC8, 0x88, 0xD0, 0xF2, 0x48, 0xA6,
    0x7B, 0x20, 0x49, 0xA3, 0x20, 0x4C, 0xA3, 0x20, 0x70, 0xA3, 0xC8, 0xC0,
    0x03, 0xF0, 0x0C, 0xCA, 0x10, 0xEF, 0x20, 0xF4, 0xFF, 0x20, 0xF4, 0xFF,
    0x4C, 0xDB, 0xA1, 0x20, 0xF4, 0xFF, 0x68, 0xA8, 0xB9, 0x55, 0xF1, 0x85,
    0x7C, 0xB9, 0x95, 0xF1, 0x85, 0x7D, 0xA2, 0x03, 0xA9, 0x00, 0xA0, 0x05,
    0x06, 0x7D, 0x26, 0x7C, 0x2A, 0x88, 0xD0, 0xF8, 0x69, 0x3F, 0x20, 0xF4,
    0xFF, 0x20, 0x75, 0xA3, 0xCA, 0xD0, 0xE9, 0x20, 0x70, 0xA3, 0x24, 0x52,
    0x10, 0x7A, 0x20, 0x79, 0xA3, 0xA0, 0x00, 0x20, 0x49, 0xA3, 0xC9, 0x20,
    0xF0, 0x04, 0xC9, 0x4C, 0xD0, 0x6A, 0xC8, 0xC8, 0x20, 0x49, 0xA3, 0xC5,
    0x77, 0x90, 0x61, 0xD0, 0x0C, 0x88, 0x20, 0x49, 0xA3, 0xC5, 0x76, 0x90,
    0x57, 0xC8, 0x20, 0x49, 0xA3, 0xC5, 0x73, 0x90, 0x0A, 0xD0, 0x4D, 0x88,
    0x20, 0x49, 0xA3, 0xC5, 0x72, 0xB0, 0x45, 0xA9, 0x50, 0x20, 0xF4, 0xFF,
    0xA0, 0x01, 0x20, 0x79, 0xA3, 0x20, 0x49, 0xA3, 0x38, 0xE5, 0x70, 0x85,
    0x7D, 0xC8, 0x20, 0x49, 0xA3, 0xE5, 0x71, 0x85, 0x7C, 0xA9, 0x00, 0xB0,
    0x0D, 0x38, 0xE5, 0x7D, 0x85, 0x7D, 0xA9, 0x00, 0xE5, 0x7C, 0x85, 0x7C,
    0xA9, 0x03, 0x69, 0x2A, 0x20, 0xF4, 0xFF, 0x20, 0x79, 0xA3, 0xA9, 0x23,
    0x20, 0xF4, 0xFF, 0x20, 0x79, 0xA3, 0xA5, 0x7C, 0x20, 0x90, 0xA3, 0xA5,
    0x7D, 0x4C, 0x90, 0xA3, 0xA2, 0x06, 0xA9, 0x00, 0xE0, 0x03, 0xD0, 0x26,
    0xA4, 0x7B, 0xF0, 0x22, 0xA9, 0x23, 0x20, 0xF4, 0xFF, 0x20, 0x75, 0xA3,
    0xA5, 0x7E, 0xC9, 0xE8, 0x20, 0x49, 0xA3, 0xB0, 0x2D, 0x24, 0x52, 0x10,
    0x03, 0x20, 0x90, 0xA3, 0x24, 0x52, 0x30, 0x03, 0x20, 0x4C, 0xA3, 0x88,
    0xD0, 0xE6, 0x06, 0x7E, 0x90, 0x14, 0xBD, 0x93, 0xA4, 0x20, 0xF4, 0xFF,
    0x20, 0x75, 0xA3, 0xBD, 0x99, 0xA4, 0xF0, 0x06, 0x20, 0xF4, 0xFF, 0x20,
    0x75, 0xA3, 0xCA, 0xD0, 0xBB, 0x60, 0x24, 0x52, 0x10, 0x46, 0xAA, 0xA0,
    0x00, 0xA9, 0x08, 0x20, 0xF4, 0xFF, 0xA5, 0x74, 0xD0, 0x02, 0xC6, 0x75,
    0xC6, 0x74, 0xA9, 0x50, 0x20, 0x79, 0xA3, 0x20, 0xF4, 0xFF, 0x8A, 0x30,
    0x18, 0xA9, 0x2B, 0x20, 0x79, 0xA3, 0x20, 0xF4, 0xFF, 0xA9, 0x23, 0x20,
    0x79, 0xA3, 0x20, 0xF4, 0xFF, 0x8A, 0x18, 0x69, 0x02, 0x4C, 0x90, 0xA3,
    0x60, 0xC9, 0xFE, 0xF0, 0xFB, 0xF0, 0xE2, 0xA9, 0xFC, 0x38, 0xA4, 0x7B,
    0xF1, 0x70, 0xAA, 0xA9, 0x2D, 0x4C, 0x03, 0xA3, 0x20, 0x3D, 0xA3, 0xAA,
    0xE8, 0xD0, 0x01, 0xC8, 0x98, 0x20, 0x4C, 0xA3, 0x8A, 0x20, 0x4C, 0xA3,
    0x60, 0xA4, 0x71, 0xAA, 0x10, 0x01, 0x88, 0x65, 0x70, 0x90, 0xD1, 0xC8,
    0x60, 0xB1, 0x70, 0x60, 0x85, 0x7C, 0x4A, 0x4A, 0x4A, 0x4A, 0x20, 0x59,
    0xA3, 0xA5, 0x7C, 0x29, 0x0F, 0x18, 0x69, 0x30, 0xC9, 0x3A, 0x30, 0x02,
    0x69, 0x06, 0x20, 0xF4, 0xFF, 0x60, 0xA5, 0x71, 0xA6, 0x70, 0x20, 0x35,
    0xA3, 0x20, 0x70, 0xA3, 0xA9, 0x20, 0x4C, 0xF4, 0xFF, 0x24, 0x52, 0x10,
    0x16, 0x84, 0x7F, 0xA0, 0x00, 0x91, 0x74, 0xE6, 0x74, 0xD0, 0x02, 0xE6,
    0x75, 0xA4, 0x74, 0x84, 0x0D, 0xA4, 0x75, 0x84, 0x0E, 0xA4, 0x7F, 0x60,
    0x85, 0x7C, 0x4A, 0x4A, 0x4A, 0x4A, 0x20, 0x59, 0xA3, 0x20, 0x79, 0xA3,
    0xA5, 0x7C, 0x29, 0x0F, 0x20, 0x59, 0xA3, 0x4C, 0x79, 0xA3, 0x20, 0x21,
    0xA4, 0xB0, 0x10, 0x20, 0xC8, 0xC3, 0xA5, 0x52, 0x8D, 0x2F, 0x03, 0xA5,
    0x53, 0x8D, 0x4A, 0x03, 0x20, 0x21, 0xA4, 0xF0, 0x0C, 0x20, 0x05, 0xA4,
    0x85, 0x72, 0x86, 0x73, 0xA9, 0x00, 0x85, 0x52, 0x60, 0xE6, 0x03, 0xA9,
    0xFF, 0x85, 0x72, 0x85, 0x73, 0x20, 0x21, 0xA4, 0xB0, 0x0B, 0x20, 0xC8,
    0xC3, 0xA5, 0x52, 0x85, 0x72, 0xA5, 0x53, 0x85, 0x73, 0x20, 0x05, 0xA4,
    0xA2, 0x00, 0x20, 0x21, 0xA4, 0xD0, 0x17, 0xE6, 0x03, 0x20, 0x14, 0xA4,
    0xA2, 0x40, 0xC9, 0x57, 0xF0, 0x0A, 0xA2, 0x80, 0xC9, 0x50, 0xF0, 0x04,
    0xA2, 0x00, 0xF0, 0x02, 0xE6, 0x03, 0x86, 0x52, 0x60, 0xAD, 0x2F, 0x03,
    0x85, 0x70, 0x85, 0x76, 0xAE, 0x4A, 0x03, 0x86, 0x71, 0x86, 0x77, 0x60,
    0xA4, 0x03, 0x88, 0xC8, 0xB1, 0x05, 0xC9, 0x20, 0xF0, 0xF9, 0x84, 0x03,
    0x60, 0x20, 0x14, 0xA4, 0xC9, 0x2C, 0xF0, 0x0C, 0xC9, 0x3B, 0xF0, 0x06,
    0xC9, 0x0D, 0xF0, 0x02, 0x18, 0x60, 0xA9, 0x01, 0x38, 0x60, 0x24, 0x52,
    0x50, 0x05, 0x20, 0x71, 0xFE, 0xB0, 0xFB, 0x4C, 0xED, 0xFF, 0x40, 0x02,
    0x45, 0x03, 0xD0, 0x08, 0x40, 0x09, 0x30, 0x22, 0x45, 0x33, 0xD0, 0x08,
    0x40, 0x09, 0x40, 0x02, 0x45, 0x33, 0xD0, 0x08, 0x40, 0x09, 0x40, 0x02,
    0x45, 0xB3, 0xD0, 0x08, 0x40, 0x09, 0x00, 0x22, 0x44, 0x33, 0xD0, 0x8C,
    0x44, 0x00, 0x11, 0x22, 0x44, 0x33, 0xD0, 0x8C, 0x44, 0x9A, 0x10, 0x22,
    0x44, 0x33, 0xD0, 0x08, 0x40, 0x09, 0x10, 0x22, 0x44, 0x33, 0xD0, 0x08,
    0x40, 0x09, 0x62, 0x13, 0x78, 0xA9, 0x00, 0x21, 0x01, 0x02, 0x00, 0x80,
    0x59, 0x4D, 0x11, 0x12, 0x06, 0x4A, 0x05, 0x1D, 0x2C, 0x29, 0x2C, 0x40,
    0x28, 0x41, 0x59, 0x00, 0x58, 0x00, 0x00, 0x00, 0x22, 0x24, 0x20, 0xC8,
    0xC3, 0x20, 0xE4, 0xC4, 0xA5, 0x52, 0x29, 0x01, 0x0A, 0x0A, 0xAA, 0xBD,
    0x59, 0xA5, 0x8D, 0x14, 0x02, 0xBD, 0x5A, 0xA5, 0x8D, 0x15, 0x02, 0xBD,
    0x5B, 0xA5, 0x8D, 0x16, 0x02, 0xBD, 0x5C, 0xA5, 0x8D, 0x17, 0x02, 0x4C,
    0x5B, 0xC5, 0x20, 0xEE, 0xFB, 0x8D, 0x1F, 0x80, 0x60, 0x8D, 0x1F, 0x80,
    0x20, 0x7C, 0xFC, 0x60, 0x86, 0xEC, 0x84, 0xC3, 0x08, 0x78, 0x48, 0x20,
    0x23, 0xFC, 0x85, 0xC0, 0x20, 0xD8, 0xFC, 0xA9, 0x0A, 0x85, 0xC1, 0x18,
    0x90, 0x0C, 0xA2, 0x07, 0x8E, 0x02, 0xB0, 0xA2, 0x01, 0x20, 0xDA, 0xFC,
    0x30, 0x0E, 0xA9, 0x04, 0x8D, 0x02, 0xB0, 0x20, 0xD8, 0xFC, 0xEE, 0x02,
    0xB0, 0x20, 0xD8, 0xFC, 0x38, 0x66, 0xC0, 0xC6, 0xC1, 0xD0, 0xDD, 0xA4,
    0xC3, 0xA6, 0xEC, 0x68, 0x28, 0x8D, 0x1F, 0x80, 0x60, 0x86, 0xEC, 0x84,
    0xC3, 0x08, 0x78, 0xA9, 0x7E, 0x85, 0xC0, 0x20, 0xBD, 0xFC, 0x90, 0xF7,
    0xE6, 0xC0, 0x10, 0xF7, 0xA9, 0x14, 0x85, 0xC4, 0xA2, 0x00, 0xAC, 0x02,
    0xB0, 0x20, 0xCD, 0xFC, 0xF0, 0x00, 0xF0, 0x01, 0xE8, 0xC6, 0xC4, 0xD0,
    0xF4, 0xE0, 0x03, 0x66, 0xC0, 0x90, 0xE5, 0xA5, 0xC0, 0x28, 0xA4, 0xC3,
    0xA6, 0xEC, 0x48, 0x18, 0x65, 0xDC, 0x85, 0xDC, 0x68, 0x8D, 0x1F, 0x80,
    0x60, 0xCA, 0xA4, 0xD1, 0xA4, 0x19, 0xA5, 0xD8, 0xA4, 0x20, 0xA6, 0xA3,
    0x20, 0xE4, 0xC4, 0xAD, 0x01, 0xB0, 0x29, 0x20, 0xF0, 0x52, 0xA5, 0x71,
    0x20, 0x02, 0xF8, 0xA5, 0x70, 0x20, 0x02, 0xF8, 0xA9, 0x20, 0x20, 0xE9,
    0xFF, 0xA2, 0x06, 0xA0, 0x00, 0xB1, 0x70, 0x20, 0x02, 0xF8, 0xC8, 0xA9,
    0x20, 0x20, 0xE9, 0xFF, 0xCA, 0xD0, 0xF2, 0xA2, 0x06, 0xA0, 0x00, 0xB1,
    0x70, 0xC9, 0x20, 0xB0, 0x02, 0xA9, 0x2E, 0x20, 0xE9, 0xFF, 0xC8, 0xCA,
    0xD0, 0xF1, 0x20, 0x36, 0xA4, 0xA5, 0x70, 0x18, 0x69, 0x06, 0x85, 0x70,
    0x8D, 0x2F, 0x03, 0x90, 0x02, 0xE6, 0x71, 0xA6, 0x71, 0x8E, 0x4A, 0x03,
    0xE4, 0x73, 0x90, 0xAB, 0xC5, 0x72, 0x90, 0xA7, 0x4C, 0x5B, 0xC5, 0x20,
    0x21, 0xA4, 0xF0, 0x02, 0xB0, 0x29, 0x20, 0xC8, 0xC3, 0x20, 0xE4, 0xC4,
    0xA5, 0x52, 0x8D, 0x3B, 0x02, 0xA5, 0x53, 0x8D, 0x3C, 0x02, 0xA0, 0x00,
    0xB1, 0x52, 0xF0, 0x03, 0x8D, 0x3D, 0x02, 0x98, 0x91, 0x52, 0xA9, 0xA6,
    0x8D, 0x03, 0x02, 0xA9, 0x14, 0x8D, 0x02, 0x02, 0x4C, 0x5B, 0xC5, 0x20,
    0xE4, 0xC4, 0xAD, 0x3B, 0x02, 0x85, 0x52, 0xAD, 0x3C, 0x02, 0x85, 0x53,
    0xA0, 0x00, 0xAD, 0x3D, 0x02, 0x91, 0x52, 0xA9, 0xC9, 0x8D, 0x03, 0x02,
    0xA9, 0xD8, 0x8D, 0x02, 0x02, 0x4C, 0x5B, 0xC5, 0x85, 0x52, 0x68, 0x85,
    0x53, 0x86, 0x54, 0x84, 0x55, 0xA9, 0x00, 0x8D, 0x00, 0xB0, 0x20, 0xD1,
    0xF7, 0x07, 0x20, 0x50, 0x43, 0x20, 0x20, 0x41, 0x43, 0x20, 0x53, 0x54,
    0x41, 0x54, 0x55, 0x53, 0x20, 0x20, 0x20, 0x49, 0x58, 0x20, 0x49, 0x59,
    0x20, 0x53, 0x50, 0x0D, 0x0A, 0xEA, 0x68, 0x38, 0xE9, 0x02, 0x85, 0x56,
    0x68, 0xAA, 0xB0, 0x01, 0xCA, 0x8A, 0x20, 0x02, 0xF8, 0xA5, 0x56, 0x20,
    0x89, 0xA6, 0xA5, 0x52, 0x20, 0x89, 0xA6, 0xA2, 0x08, 0xA9, 0x2D, 0x06,
    0x53, 0x90, 0x03, 0xBD, 0x90, 0xA6, 0x20, 0xE9, 0xFF, 0xCA, 0xD0, 0xF1,
    0x20, 0x8C, 0xA6, 0xA5, 0x54, 0x20, 0x89, 0xA6, 0xA5, 0x55, 0x20, 0x89,
    0xA6, 0xA9, 0x31, 0x20, 0xE9, 0xFF, 0xBA, 0x8A, 0x20, 0x02, 0xF8, 0x20,
    0xED, 0xFF, 0x4C, 0xCF, 0xC2, 0x20, 0x02, 0xF8, 0xA9, 0x20, 0x4C, 0xE9,
    0xFF, 0x43, 0x5A, 0x49, 0x44, 0x42, 0x2D, 0x56, 0x4E, 0x20, 0x21, 0xA4,
    0xB0, 0x0D, 0x20, 0xC8, 0xC3, 0xA5, 0x52, 0x8D, 0x31, 0x03, 0xA5, 0x53,
    0x8D, 0x4C, 0x03, 0x20, 0xE4, 0xC4, 0xA5, 0x06, 0xC9, 0x01, 0xD0, 0x16,
    0xAD, 0x4C, 0x03, 0x85, 0x71, 0x20, 0x02, 0xF8, 0xAD, 0x31, 0x03, 0x85,
    0x70, 0x20, 0x02, 0xF8, 0xA9, 0x20, 0x20, 0xE9, 0xFF, 0xA0, 0x00, 0xB1,
    0x70, 0x85, 0x54, 0x20, 0x02, 0xF8, 0xA9, 0x20, 0x20, 0xE9, 0xFF, 0xA5,
    0x54, 0xC9, 0x20, 0xB0, 0x02, 0xA9, 0x2E, 0x20, 0xE9, 0xFF, 0xA9, 0x3A,
    0x20, 0x0F, 0xCD, 0xA0, 0x01, 0x84, 0x06, 0x88, 0x84, 0x05, 0x84, 0x03,
    0x20, 0x14, 0xA4, 0xC9, 0x0D, 0xF0, 0x38, 0xC9, 0x3B, 0xF0, 0x7F, 0xC9,
    0x5B, 0xF0, 0x7B, 0xC9, 0x2D, 0xF0, 0x3E, 0xC9, 0x40, 0xF0, 0x33, 0xC9,
    0x22, 0xF0, 0x44, 0x20, 0x7E, 0xF8, 0xB0, 0xA4, 0x0A, 0x0A, 0x0A, 0x0A,
    0x85, 0x55, 0xC8, 0xB1, 0x05, 0x20, 0x7E, 0xF8, 0xB0, 0x96, 0x05, 0x55,
    0x85, 0x55, 0xC8, 0xB1, 0x05, 0xC9, 0x0D, 0xD0, 0x8B, 0xA5, 0x55, 0xA0,
    0x00, 0x91, 0x70, 0xEE, 0x31, 0x03, 0xD0, 0x03, 0xEE, 0x4C, 0x03, 0x4C,
    0xB4, 0xA6, 0xC8, 0xB1, 0x05, 0x29, 0x1F, 0x10, 0xEA, 0xAD, 0x31, 0x03,
    0xD0, 0x03, 0xCE, 0x4C, 0x03, 0xCE, 0x31, 0x03, 0x4C, 0xB4, 0xA6, 0xC8,
    0x84, 0x05, 0xA0, 0x00, 0xB1, 0x05, 0xC9, 0x0D, 0xF0, 0x11, 0xC9, 0x22,
    0xD0, 0x08, 0xE6, 0x05, 0xB1, 0x05, 0xC9, 0x22, 0xD0, 0x05, 0x91, 0x70,
    0xC8, 0xD0, 0xE9, 0x18, 0x98, 0x65, 0x70, 0x8D, 0x31, 0x03, 0x90, 0x03,
    0xEE, 0x4C, 0x03, 0x4C, 0xB4, 0xA6, 0x85, 0x54, 0xC8, 0xB1, 0x05, 0xC9,
    0x5D, 0xD0, 0x02, 0xE6, 0x54, 0xC9, 0x0D, 0xD0, 0xF3, 0xA2, 0x02, 0xA5,
    0x54, 0xC9, 0x5B, 0xD0, 0x02, 0xA2, 0x00, 0xBD, 0xA1, 0xA7, 0x91, 0x05,
    0xE8, 0xC8, 0xC9, 0x0D, 0xD0, 0xF5, 0x4C, 0xF2, 0xC2, 0x3B, 0x5D, 0x3B,
    0x4C, 0x49, 0x4E, 0x4B, 0x34, 0x32, 0x36, 0x37, 0x36, 0x0D, 0x88, 0xC8,
    0xB1, 0x05, 0xC9, 0x0D, 0xD0, 0xF9, 0x84, 0x03, 0x4C, 0x58, 0xC5, 0x20,
    0x21, 0xA4, 0xF0, 0x12, 0x90, 0x10, 0xA5, 0x12, 0x8D, 0x3A, 0x02, 0xA9,
    0x00, 0x8D, 0x39, 0x02, 0x8D, 0x38, 0x02, 0x4C, 0x58, 0xC5, 0x20, 0x1F,
    0xCC, 0x20, 0xE4, 0xC4, 0xA5, 0x57, 0xD0, 0x05, 0x20, 0x2E, 0xC6, 0xB0,
    0x21, 0xE6, 0x58, 0xD0, 0x02, 0xE6, 0x59, 0xA0, 0x00, 0x8C, 0x38, 0x02,
    0xB1, 0x58, 0xC9, 0x60, 0xB0, 0xEF, 0xA5, 0x58, 0x8D, 0x39, 0x02, 0xA5,
    0x59, 0x8D, 0x3A, 0x02, 0x20, 0x05, 0xA8, 0x4C, 0x5B, 0xC5, 0x4C, 0x7D,
    0xCC, 0xA0, 0xFF, 0xAD, 0x39, 0x02, 0x85, 0x52, 0xAD, 0x3A, 0x02, 0x85,
    0x53, 0xC8, 0xB1, 0x52, 0xC9, 0x20, 0xF0, 0xF9, 0xA2, 0x00, 0xDD, 0x94,
    0xA9, 0xD0, 0x06, 0xC8, 0xB1, 0x52, 0xE8, 0xD0, 0xF5, 0xC8, 0xC9, 0x2E,
    0xF0, 0x11, 0x88, 0xC9, 0x0D, 0xF0, 0x0C, 0xBD, 0x94, 0xA9, 0xF0, 0x07,
    0xC8, 0xB1, 0x52, 0xC9, 0x0D, 0xD0, 0xF9, 0x88, 0xC8, 0xB1, 0x52, 0xC9,
    0x20, 0xF0, 0xF9, 0x18, 0x98, 0x65, 0x52, 0x8D, 0x39, 0x02, 0x90, 0x02,
    0xE6, 0x53, 0xA5, 0x53, 0x8D, 0x3A, 0x02, 0x60, 0x20, 0x14, 0xA4, 0xC9,
    0x24, 0xF0, 0x6C, 0x20, 0x34, 0xC4, 0x90, 0x7B, 0xC6, 0x04, 0xB5, 0x15,
    0x85, 0xE4, 0x20, 0x4F, 0xA9, 0xA5, 0x05, 0x48, 0xA5, 0x06, 0x48, 0xA5,
    0x03, 0x48, 0xA5, 0x52, 0x85, 0x05, 0xA5, 0x53, 0x85, 0x06, 0xA9, 0x00,
    0x85, 0x03, 0x20, 0xC8, 0xC3, 0xA4, 0xE4, 0xA5, 0x52, 0x99, 0x21, 0x03,
    0xA5, 0x53, 0x99, 0x3C, 0x03, 0xA5, 0x54, 0x99, 0x57, 0x03, 0xA5, 0x55,
    0x99, 0x72, 0x03, 0x20, 0x21, 0xA4, 0x90, 0x3F, 0xF0, 0x01, 0x18, 0x98,
    0x65, 0x05, 0x8D, 0x39, 0x02, 0x90, 0x02, 0xE6, 0x06, 0xA5, 0x06, 0x8D,
    0x3A, 0x02, 0x68, 0xA8, 0x85, 0x03, 0x68, 0x85, 0x06, 0x68, 0x85, 0x05,
    0x20, 0x14, 0xA4, 0xC9, 0x2C, 0xF0, 0x03, 0x4C, 0x58, 0xC5, 0xC8, 0x84,
    0x03, 0xD0, 0x8D, 0xC8, 0x84, 0x03, 0x20, 0xC8, 0xC3, 0xA5, 0x52, 0x85,
    0x71, 0xA5, 0x53, 0x85, 0x72, 0xF0, 0x04, 0x20, 0x4F, 0xA9, 0xA0, 0x00,
    0xB1, 0x52, 0xC9, 0x22, 0xF0, 0x31, 0xC8, 0xC9, 0x20, 0xF0, 0xF5, 0x88,
    0xA2, 0x00, 0x20, 0x2D, 0xA9, 0x81, 0x71, 0xC8, 0xB1, 0x52, 0xE6, 0x71,
    0xD0, 0xF4, 0xE6, 0x72, 0xD0, 0xF0, 0xC8, 0xA9, 0x0D, 0x81, 0x71, 0x98,
    0x18, 0x65, 0x52, 0x8D, 0x39, 0x02, 0x90, 0x02, 0xE6, 0x53, 0xA5, 0x53,
    0x8D, 0x3A, 0x02, 0xA4, 0x03, 0xD0, 0xA5, 0xA2, 0x00, 0xC8, 0xB1, 0x52,
    0xC9, 0x22, 0xD0, 0x07, 0xC8, 0xB1, 0x52, 0xC9, 0x22, 0xD0, 0x24, 0x81,
    0x71, 0xE6, 0x71, 0xD0, 0xEC, 0xE6, 0x72, 0xD0, 0xE8, 0xC9, 0x2C, 0xD0,
    0x04, 0x68, 0x68, 0xB0, 0xC5, 0xC9, 0x0D, 0xF0, 0x0A, 0x2C, 0x38, 0x02,
    0x10, 0x04, 0xC9, 0x3B, 0xF0, 0x01, 0x60, 0x68, 0x68, 0xB0, 0xB4, 0x20,
    0x2D, 0xA9, 0xC8, 0xB1, 0x52, 0xD0, 0xF8, 0xAD, 0x39, 0x02, 0x85, 0x52,
    0xAD, 0x3A, 0x02, 0x85, 0x53, 0xA0, 0x00, 0xB1, 0x52, 0xC9, 0x0D, 0xF0,
    0x0A, 0x2C, 0x38, 0x02, 0x10, 0x04, 0xC9, 0x3B, 0xF0, 0xAA, 0x60, 0x2C,
    0x38, 0x02, 0x30, 0xA4, 0xC8, 0xB1, 0x52, 0x30, 0x9F, 0xC8, 0xC8, 0xB1,
    0x52, 0xC9, 0x60, 0x90, 0x01, 0xC8, 0x18, 0x98, 0x65, 0x52, 0x8D, 0x39,
    0x02, 0x90, 0x02, 0xE6, 0x53, 0xA5, 0x53, 0x8D, 0x3A, 0x02, 0x20, 0x05,
    0xA8, 0x4C, 0x4F, 0xA9, 0x44, 0x41, 0x54, 0x41, 0x00, 0xA5, 0x06, 0xC9,
    0x01, 0xD0, 0x2F, 0xA9, 0x00, 0x85, 0xE4, 0x20, 0xF8, 0xA9, 0x20, 0x21,
    0xA4, 0xD0, 0x23, 0xE6, 0x03, 0xA5, 0x52, 0x48, 0xA5, 0x53, 0x48, 0x20,
    0xF8, 0xA9, 0x68, 0x85, 0x71, 0x68, 0x85, 0x70, 0x20, 0xE4, 0xC4, 0xA5,
    0x53, 0xC5, 0x71, 0x90, 0x09, 0xD0, 0x06, 0xA5, 0x52, 0xC5, 0x70, 0x90,
    0x01, 0xA0, 0x00, 0xA9, 0x0D, 0xAA, 0xB1, 0x52, 0x91, 0x70, 0x85, 0x55,
    0xC8, 0xD0, 0x04, 0xE6, 0x71, 0xE6, 0x53, 0xA5, 0x55, 0x10, 0xEE, 0xE0,
    0x0D, 0xD0, 0xEA, 0x18, 0x98, 0x65, 0x70, 0x85, 0x0D, 0x90, 0x02, 0xE6,
    0x71, 0xA5, 0x71, 0x85, 0x0E, 0x4C, 0x5B, 0xC5, 0x20, 0xC8, 0xC3, 0xA5,
    0x52, 0x85, 0x70, 0xA5, 0x53, 0x10, 0x02, 0xA9, 0xF0, 0x85, 0x71, 0xA5,
    0x12, 0x85, 0x53, 0xA9, 0x00, 0x85, 0x52, 0xA0, 0x00, 0xB1, 0x52, 0xC8,
    0xC9, 0x0D, 0xD0, 0xF9, 0x18, 0x98, 0x65, 0x52, 0x85, 0x52, 0x90, 0x02,
    0xE6, 0x53, 0xA0, 0x00, 0xB1, 0x52, 0xC5, 0x71, 0x90, 0x0F, 0xD0, 0x11,
    0xC8, 0xB1, 0x52, 0xC5, 0x70, 0x90, 0x06, 0xD0, 0x08, 0xA5, 0xE4, 0xF0,
    0x04, 0xA0, 0x02, 0xD0, 0xD4, 0xE6, 0xE4, 0x60, 0xA5, 0x06, 0xC9, 0x01,
    0xD0, 0x26, 0x20, 0x14, 0xA4, 0xC9, 0x22, 0xD0, 0x06, 0xC8, 0x20, 0xBF,
    0xCE, 0x10, 0x11, 0xA2, 0x00, 0xB1, 0x05, 0x9D, 0x40, 0x01, 0xC9, 0x0D,
    0xF0, 0x04, 0xE8, 0xC8, 0xD0, 0xF3, 0x84, 0x03, 0x20, 0xE4, 0xC4, 0xA5,
    0x12, 0x85, 0x71, 0xA0, 0x00, 0x84, 0x70, 0xAD, 0x21, 0x03, 0x48, 0xA9,
    0x05, 0x8D, 0x21, 0x03, 0xA2, 0x00, 0xB1, 0x70, 0xC9, 0x0D, 0xD0, 0x14,
    0xC8, 0xB1, 0x70, 0x30, 0x6D, 0x20, 0xF9, 0xAA, 0xA5, 0x70, 0x85, 0x73,
    0xA5, 0x71, 0x85, 0x74, 0xA0, 0x02, 0xD0, 0xE6, 0xCD, 0x40, 0x01, 0xF0,
    0x0E, 0xC8, 0xAD, 0x01, 0xB0, 0x29, 0x20, 0xF0, 0x51, 0xD0, 0xD7, 0xA0,
    0x01, 0xD0, 0xD3, 0x20, 0xF9, 0xAA, 0xB1, 0x70, 0xC9, 0x0D, 0xF0, 0xD0,
    0xD9, 0x40, 0x01, 0xD0, 0xEE, 0xC8, 0xB9, 0x40, 0x01, 0xC9, 0x0D, 0xD0,
    0xED, 0x20, 0xF9, 0xAA, 0xB1, 0x73, 0xC8, 0x85, 0x25, 0xB1, 0x73, 0xC8,
    0x85, 0x16, 0xA2, 0x00, 0x86, 0x34, 0x86, 0x43, 0x20, 0x89, 0xC5, 0xA0,
    0x02, 0xB1, 0x73, 0x20, 0xE9, 0xFF, 0xC9, 0x0D, 0xF0, 0x03, 0xC8, 0xD0,
    0xF4, 0xA0, 0x00, 0xA2, 0x00, 0xB1, 0x70, 0xC9, 0x0D, 0xF0, 0x8F, 0xC8,
    0xD0, 0xF7, 0xA0, 0x01, 0xD0, 0x88, 0x68, 0x8D, 0x21, 0x03, 0x4C, 0x5B,
    0xC5, 0x18, 0x98, 0x65, 0x70, 0x85, 0x70, 0x90, 0x02, 0xE6, 0x71, 0xA0,
    0x00, 0x60, 0xA5, 0x06, 0xC9, 0x01, 0xD0, 0x07, 0xA9, 0x0A, 0x85, 0xEB,
    0x85, 0xED, 0xA9, 0x00, 0x85, 0xEC, 0x85, 0xEE, 0x20, 0x21, 0xA4, 0xB0,
    0x10, 0x20, 0xC8, 0xC3, 0xA5, 0x52, 0x85, 0xEB, 0xA5, 0x53, 0x85, 0xEC,
    0x20, 0x21, 0xA4, 0x90, 0xE6, 0xD0, 0x0E, 0xC8, 0x84, 0x03, 0x20, 0xC8,
    0xC3, 0xA5, 0x52, 0x85, 0xED, 0xA5, 0x53, 0x85, 0xEE, 0x20, 0xE4, 0xC4,
    0xAD, 0x0A, 0x02, 0x8D, 0x1C, 0x02, 0xAD, 0x0B, 0x02, 0x8D, 0x1D, 0x02,
    0xA9, 0x69, 0x8D, 0x0A, 0x02, 0xA9, 0xAB, 0x8D, 0x0B, 0x02, 0xA9, 0x0D,
    0x85, 0xEF, 0x4C, 0x5B, 0xC5, 0x20, 0xA4, 0xAB, 0x20, 0xA4, 0xAB, 0xA9,
    0x0D, 0x85, 0xEF, 0xD0, 0x32, 0x08, 0xD8, 0xA5, 0xEF, 0xC9, 0x0D, 0xF0,
    0x47, 0x20, 0x8C, 0xAB, 0xC9, 0x01, 0xF0, 0x17, 0xC9, 0x02, 0xF0, 0xE1,
    0xC9, 0x18, 0xF0, 0x7F, 0xC9, 0x1B, 0xF0, 0x0B, 0xC9, 0x0E, 0xF0, 0x7A,
    0x85, 0xEF, 0x28, 0x60, 0x6C, 0x1C, 0x02, 0xAD, 0x1C, 0x02, 0x8D, 0x0A,
    0x02, 0xAD, 0x1D, 0x02, 0x8D, 0x0B, 0x02, 0x68, 0x68, 0x68, 0x20, 0xED,
    0xFF, 0x4C, 0xCF, 0xC2, 0x38, 0xA5, 0xEB, 0xE5, 0xED, 0x85, 0x70, 0xA5,
    0xEC, 0xE5, 0xEE, 0x30, 0x06, 0x85, 0xEC, 0xA5, 0x70, 0x85, 0xEB, 0x60,
    0x86, 0xF0, 0xA2, 0x00, 0x84, 0xF1, 0xA5, 0xEB, 0x85, 0x16, 0xA5, 0xEC,
    0x85, 0x25, 0x30, 0xC7, 0x86, 0xE0, 0x86, 0x34, 0x86, 0x43, 0xAD, 0x21,
    0x03, 0x48, 0xA9, 0x05, 0x8D, 0x21, 0x03, 0x20, 0x89, 0xC5, 0x68, 0x8D,
    0x21, 0x03, 0xA0, 0x00, 0xA2, 0x05, 0xB1, 0xDE, 0x99, 0x00, 0x01, 0xC8,
    0xCA, 0xD0, 0xF7, 0xA6, 0xF0, 0xA0, 0x05, 0x18, 0xA5, 0xEB, 0x65, 0xED,
    0x85, 0xEB, 0xA5, 0xEC, 0x65, 0xEE, 0x85, 0xEC, 0x4C, 0x71, 0xAB, 0x20,
    0xA4, 0xAB, 0xA9, 0x0D, 0x85, 0xEF, 0xA9, 0x18, 0x28, 0x60, 0x20, 0x14,
    0xA4, 0xA2, 0x00, 0xDD, 0x47, 0xAC, 0xD0, 0x12, 0xC8, 0xB1, 0x05, 0xE8,
    0xE0, 0x03, 0xD0, 0xF3, 0xA9, 0xE7, 0x85, 0x10, 0xA9, 0xC9, 0x85, 0x11,
    0xD0, 0x13, 0xA5, 0x03, 0x18, 0x65, 0x05, 0x85, 0x05, 0x85, 0x10, 0x90,
    0x02, 0xE6, 0x06, 0xA5, 0x06, 0x85, 0x11, 0xA0, 0x00, 0xB1, 0x05, 0xC9,
    0x0D, 0xF0, 0x03, 0xC8, 0xD0, 0xF7, 0x84, 0x03, 0x4C, 0x58, 0xC5, 0x4F,
    0x46, 0x46, 0x20, 0xE4, 0xC4, 0xA2, 0x13, 0xD0, 0x0C, 0x20, 0xE4, 0xC4,
    0xA2, 0x14, 0xD0, 0x05, 0x20, 0xE4, 0xC4, 0xA2, 0x15, 0xB5, 0x00, 0xF0,
    0x02, 0xD6, 0x00, 0x4C, 0x5B, 0xC5, 0x20, 0xC8, 0xC3, 0x20, 0x21, 0xA4,
    0xD0, 0x3F, 0xE6, 0x03, 0xA5, 0x52, 0x48, 0x20, 0xC8, 0xC3, 0x20, 0xE4,
    0xC4, 0xA5, 0x52, 0x29, 0x0F, 0x85, 0x52, 0x68, 0x29, 0x1F, 0xA2, 0x40,
    0x86, 0x53, 0x85, 0x54, 0xA4, 0xE0, 0xB1, 0xDE, 0x45, 0xE1, 0x91, 0xDE,
    0xA5, 0x52, 0x0A, 0x0A, 0x0A, 0x0A, 0x0A, 0x26, 0x53, 0x85, 0xDE, 0xA5,
    0x53, 0x85, 0xDF, 0xA4, 0x54, 0x84, 0xE0, 0xB1, 0xDE, 0x45, 0xE1, 0x91,
    0xDE, 0x4C, 0x5B, 0xC5, 0x00, 0x00, 0xA9, 0xAC, 0x8D, 0x0B, 0x02, 0xA9,
    0xC5, 0x8D, 0x0A, 0x02, 0xA9, 0x00, 0x8D, 0x3E, 0x02, 0xA9, 0x20, 0x8D,
    0x3F, 0x02, 0x4C, 0x58, 0xC5, 0x08, 0xD8, 0x86, 0xE4, 0x84, 0xE5, 0x20,
    0xF6, 0xAD, 0xA2, 0x17, 0x20, 0xE1, 0xAC, 0xBD, 0xE3, 0xFE, 0x85, 0xE2,
    0xA9, 0xFD, 0x85, 0xE3, 0x98, 0x6C, 0xE2, 0x00, 0xCA, 0xDD, 0xCB, 0xFE,
    0x90, 0xFA, 0x60, 0x20, 0x34, 0xC4, 0x90, 0x13, 0x20, 0x21, 0xA4, 0xD0,
    0x03, 0x4C, 0x55, 0xAD, 0x20, 0xE4, 0xC4, 0xC6, 0x04, 0x86, 0xE4, 0x20,
    0x71, 0xFE, 0xA9, 0x00, 0xA6, 0xE4, 0xB0, 0x18, 0x84, 0xE5, 0x20, 0x30,
    0xAD, 0xB4, 0x15, 0x99, 0x21, 0x03, 0xA9, 0x00, 0x99, 0x3C, 0x03, 0x99,
    0x57, 0x03, 0x99, 0x72, 0x03, 0x4C, 0x5B, 0xC5, 0x2C, 0x02, 0xB0, 0x70,
    0x02, 0x09, 0x84, 0x2C, 0x01, 0xB0, 0x30, 0x02, 0x09, 0x81, 0x70, 0x02,
    0x09, 0x82, 0xB0, 0xD9, 0x98, 0x08, 0x90, 0x09, 0x08, 0xD8, 0x86, 0xE4,
    0x84, 0xE5, 0x20, 0xF6, 0xAD, 0xC9, 0x05, 0x90, 0x8D, 0xC9, 0x08, 0xB0,
    0x04, 0x69, 0x83, 0x90, 0x06, 0xC9, 0x0E, 0xD0, 0x81, 0xA9, 0x8B, 0xA4,
    0xE5, 0xA6, 0xE4, 0x28, 0x60, 0xE6, 0x03, 0xC6, 0x04, 0xB5, 0x15, 0x85,
    0xE4, 0x20, 0xC8, 0xC3, 0x20, 0xE4, 0xC4, 0xA5, 0x52, 0x30, 0x52, 0xA2,
    0xFF, 0xE8, 0xDD, 0x3D, 0xAE, 0x90, 0xFA, 0xFD, 0x3D, 0xAE, 0x85, 0x70,
    0xBD, 0x4C, 0xAE, 0x38, 0xE5, 0x70, 0xBC, 0x5B, 0xAE, 0x84, 0x71, 0xB0,
    0x06, 0x06, 0x71, 0x69, 0x0A, 0x90, 0xFA, 0xD8, 0x85, 0x70, 0xAD, 0x00,
    0xB0, 0x29, 0xF0, 0x05, 0x70, 0x8D, 0x00, 0xB0, 0xA5, 0x71, 0xA0, 0x00,
    0x2C, 0x01, 0xB0, 0xD0, 0x02, 0xA0, 0xFF, 0xAD, 0x00, 0xB0, 0x29, 0xF0,
    0x8D, 0x00, 0xB0, 0xA6, 0xE4, 0x98, 0x9D, 0x21, 0x03, 0x9D, 0x3C, 0x03,
    0x9D, 0x57, 0x03, 0x9D, 0x72, 0x03, 0x4C, 0x5B, 0xC5, 0xA0, 0x02, 0x84,
    0x71, 0xC9, 0x8B, 0xD0, 0x04, 0xA9, 0x05, 0xD0, 0xC2, 0xB0, 0x2B, 0xA0,
    0x01, 0x84, 0x71, 0xC9, 0x88, 0x90, 0x06, 0xA9, 0x8C, 0xE5, 0x52, 0xD0,
    0xB2, 0xA0, 0xFF, 0xC9, 0x84, 0x90, 0x07, 0x2C, 0x02, 0xB0, 0x50, 0xC7,
    0x70, 0x10, 0xC9, 0x82, 0x90, 0x07, 0x2C, 0x01, 0xB0, 0x50, 0xBC, 0x70,
    0x05, 0x2C, 0x01, 0xB0, 0x10, 0xB5, 0xA0, 0x00, 0xF0, 0xB1, 0x2C, 0x02,
    0xB0, 0x50, 0x13, 0xAD, 0x00, 0xB0, 0x29, 0xF0, 0x0D, 0x3E, 0x02, 0x8D,
    0x00, 0xB0, 0xAD, 0x3F, 0x02, 0x2C, 0x01, 0xB0, 0xF0, 0xE8, 0xAD, 0x00,
    0xB0, 0x29, 0xF0, 0x8D, 0x00, 0xB0, 0x20, 0x8A, 0xFB, 0x20, 0x71, 0xFE,
    0xB0, 0xFB, 0x20, 0x66, 0xFE, 0x20, 0x71, 0xFE, 0xB0, 0xF6, 0x8D, 0x3F,
    0x02, 0x98, 0xC9, 0x32, 0xB0, 0x04, 0x69, 0x0A, 0xD0, 0xF8, 0x85, 0x7F,
    0xA9, 0x3B, 0xE5, 0x7F, 0x8D, 0x3E, 0x02, 0x98, 0x60, 0x7F, 0x7B, 0x60,
    0x5F, 0x5B, 0x40, 0x30, 0x21, 0x20, 0x1F, 0x1C, 0x1B, 0x0E, 0x0D, 0x00,
    0x04, 0x08, 0x07, 0x04, 0x08, 0x07, 0x03, 0x02, 0x09, 0x04, 0x07, 0x00,
    0x03, 0x06, 0x07, 0x02, 0x01, 0x08, 0x02, 0x01, 0x08, 0x02, 0x02, 0x01,
    0x02, 0x01, 0x20, 0x10, 0x02, 0x08, 0x20, 0xBB, 0xAE, 0xB0, 0x34, 0x20,
    0x21, 0xA4, 0xB0, 0x04, 0xE6, 0x03, 0xD0, 0xF7, 0x4C, 0x58, 0xC5, 0xAD,
    0x39, 0x02, 0x85, 0x05, 0xAD, 0x3A, 0x02, 0x85, 0x06, 0xA0, 0x00, 0x84,
    0x03, 0xA9, 0x13, 0x85, 0x54, 0xA2, 0x00, 0xB9, 0xAB, 0xAF, 0x85, 0x52,
    0xB9, 0xBE, 0xAF, 0x85, 0x53, 0xB1, 0x70, 0x81, 0x52, 0xC8, 0xC6, 0x54,
    0xD0, 0xED, 0x60, 0x20, 0x21, 0xA4, 0xB0, 0x0D, 0x20, 0xC8, 0xC3, 0xA5,
    0x52, 0x85, 0x00, 0x20, 0x7B, 0xAE, 0x4C, 0xDC, 0xC9, 0x20, 0x7B, 0xAE,
    0x4C, 0x58, 0xC5, 0xA5, 0x12, 0x85, 0x53, 0xA0, 0x00, 0x84, 0x52, 0xA2,
    0x08, 0xB1, 0x52, 0xD9, 0xA3, 0xAF, 0xD0, 0x0B, 0xC8, 0xCA, 0xD0, 0xF5,
    0x84, 0x52, 0x20, 0xD9, 0xAE, 0x38, 0x60, 0x18, 0x60, 0xA5, 0x12, 0x85,
    0x71, 0xA0, 0x00, 0x84, 0x70, 0xA0, 0x03, 0xB1, 0x70, 0xC8, 0xC9, 0x0D,
    0xD0, 0xF9, 0x88, 0x18, 0x98, 0x65, 0x70, 0x85, 0x70, 0x90, 0x02, 0xE6,
    0x71, 0xA0, 0x01, 0xB1, 0x70, 0x10, 0xE6, 0x18, 0xA5, 0x70, 0x69, 0x02,
    0x85, 0x70, 0x90, 0x02, 0xE6, 0x71, 0x60, 0x20, 0x21, 0xA4, 0xB0, 0x19,
    0xA5, 0x12, 0x85, 0xE4, 0xA9, 0x04, 0x85, 0x12, 0x20, 0xBB, 0xAE, 0xB0,
    0x0F, 0xE6, 0x12, 0xA5, 0x12, 0xC9, 0xA0, 0x90, 0xF3, 0xA5, 0xE4, 0x85,
    0x12, 0x4C, 0x58, 0xC5, 0x20, 0x14, 0xA4, 0xA2, 0x00, 0x86, 0x55, 0x84,
    0x54, 0xA4, 0x55, 0xD1, 0x52, 0xD0, 0x11, 0xB1, 0x52, 0xC9, 0x0D, 0xF0,
    0x0B, 0xE6, 0x55, 0xE6, 0x54, 0xA4, 0x54, 0xB1, 0x05, 0x4C, 0x31, 0xAF,
    0xB1, 0x52, 0xC9, 0x0D, 0xF0, 0x0A, 0xA4, 0x54, 0xB1, 0x05, 0xC9, 0x2E,
    0xD0, 0xC3, 0xE6, 0x54, 0xA5, 0x54, 0x18, 0x65, 0x05, 0x85, 0x05, 0x90,
    0x02, 0xE6, 0x06, 0xA5, 0x12, 0x85, 0x72, 0xA5, 0xE4, 0x85, 0x12, 0xA2,
    0x13, 0x86, 0x54, 0xA2, 0x00, 0xA0, 0x00, 0xB9, 0xAB, 0xAF, 0x85, 0x52,
    0xB9, 0xBE, 0xAF, 0x85, 0x53, 0xA1, 0x52, 0x91, 0x70, 0xC8, 0xC6, 0x54,
    0xD0, 0xED, 0xA5, 0x72, 0x85, 0x12, 0xA6, 0x05, 0x8E, 0x39, 0x02, 0xA6,
    0x06, 0x8E, 0x3A, 0x02, 0xA2, 0xFF, 0x8E, 0x38, 0x02, 0x85, 0x06, 0xE8,
    0x86, 0x05, 0x86, 0x03, 0x4C, 0x58, 0xC5, 0x0D, 0x00, 0x00, 0x52, 0x45,
    0x4D, 0x24, 0x25, 0x01, 0x02, 0x10, 0x11, 0x12, 0x38, 0x39, 0x3A, 0x4D,
    0x4C, 0x32, 0x31, 0x83, 0x82, 0x68, 0x67, 0x13, 0x14, 0x15, 0x00, 0x00,
    0x00, 0x00, 0x00, 0x02, 0x02, 0x02, 0x03, 0x03, 0x03, 0x03, 0x03, 0x03,
    0x03, 0x03, 0x00, 0x00, 0x00, 0x20, 0xFA, 0xCE, 0x88, 0x84, 0x56, 0x38,
    0x20, 0xE0, 0xFF, 0x20, 0xD9, 0xAE, 0xA5, 0x70, 0x85, 0x0D, 0x85, 0x23,
    0xA5, 0x71, 0x85, 0x0E, 0x85, 0x24, 0x4C, 0x86, 0xCE, 0x57, 0x45, 0x52,
    0x4F, 0x4D, 0x28, 0x43, 0x29, 0x31, 0x39, 0x38, 0x33, 0x57, 0x41, 0x54,
    0x46, 0x4F, 0x52, 0x44, 0x78, 0xA9, 0xFF, 0x8D, 0x0D, 0xB8, 0x68, 0xAD,
    0x0A, 0x02, 0xC9, 0x94, 0xD0, 0x09, 0x20, 0x3C, 0xA1, 0xA2, 0xFF, 0x9A,
    0x4C, 0x4A, 0xFF, 0x98, 0x48, 0x8A, 0x48, 0xAD, 0x00, 0xB0, 0x29, 0xF0,
    0xD0, 0x6A, 0xA5, 0x80, 0xD0, 0x07, 0xA9, 0x7F, 0x8D, 0x0E, 0xB8, 0xD0,
    0x5F, 0xA5, 0x01, 0x05, 0x02, 0xF0, 0x59, 0xA5, 0x01, 0xC5, 0x81, 0xD0,
    0x06, 0xA5, 0x02, 0xC5, 0x82, 0xF0, 0x4D, 0xA5, 0x01, 0x85, 0x81, 0x85,
    0x83, 0xA5, 0x02, 0x85, 0x82, 0x85, 0x84, 0xA5, 0x80, 0xC9, 0x02, 0xF0,
    0x57, 0x20, 0xBE, 0xA0, 0xA2, 0x00, 0xBD, 0x00, 0x01, 0xF0, 0x0B, 0x09,
    0x80, 0x20, 0x6B, 0xFE, 0x9D, 0x00, 0x80, 0xE8, 0xD0, 0xF0, 0xE0, 0x05,
    0xF0, 0x08, 0xA9, 0x7F, 0x9D, 0x00, 0x80, 0xE8, 0xD0, 0xF4, 0xA5, 0x80,
    0xC9, 0x03, 0xD0, 0x06, 0x20, 0xE3, 0xFF, 0x4C, 0x8C, 0xA0, 0xA6, 0x85,
    0xA4, 0x85, 0x98, 0x48, 0x68, 0xA8, 0x88, 0xD0, 0xF9, 0xCA, 0xD0, 0xF4,
    0x68, 0xAA, 0x68, 0xA8, 0xA9, 0x32, 0x8D, 0x04, 0xB8, 0xA9, 0x00, 0x8D,
    0x05, 0xB8, 0xA5, 0xFF, 0x58, 0x40, 0xA9, 0x0D, 0x20, 0xFB, 0xFE, 0xA9,
    0x0A, 0x4C, 0xFB, 0xFE, 0x20, 0xBE, 0xA0, 0xA2, 0x00, 0xBD, 0x00, 0x01,
    0xF0, 0x06, 0x20, 0x4D, 0xA3, 0xE8, 0xD0, 0xF5, 0x20, 0x9E, 0xA0, 0x4C,
    0x8C, 0xA0, 0x48, 0x98, 0x48, 0x8A, 0x48, 0xA2, 0x05, 0xA9, 0x00, 0x9D,
    0x00, 0x01, 0xCA, 0x10, 0xFA, 0xA2, 0x09, 0xA9, 0x00, 0x9D, 0x10, 0x01,
    0x38, 0xA5, 0x83, 0xFD, 0x08, 0xC6, 0x48, 0xA5, 0x84, 0xFD, 0x10, 0xC6,
    0x48, 0xA9, 0x00, 0xFD, 0x1A, 0xC6, 0xA8, 0xA9, 0x00, 0xFD, 0x24, 0xC6,
    0x90, 0x0B, 0x68, 0x85, 0x84, 0x68, 0x85, 0x83, 0xFE, 0x10, 0x01, 0xD0,
    0xDB, 0x68, 0x68, 0xCA, 0x10, 0xD1, 0xA0, 0x00, 0xA2, 0x0A, 0xCA, 0xF0,
    0x05, 0xBD, 0x10, 0x01, 0xF0, 0xF8, 0xBD, 0x10, 0x01, 0x69, 0x30, 0x99,
    0x00, 0x01, 0xC8, 0xCA, 0x10, 0xF4, 0x68, 0xAA, 0x68, 0xA8, 0x68, 0x60,
    0xA9, 0x40, 0x8D, 0x0B, 0xB8, 0xA9, 0xC0, 0x8D, 0x0E, 0xB8, 0xA9, 0x14,
    0x8D, 0x04, 0xB8, 0xA9, 0x00, 0x8D, 0x05, 0xB8, 0x58, 0x60, 0x20, 0xD1,
    0xF7, 0x20, 0x20, 0x20, 0x20, 0x0D, 0x0A, 0xEA, 0xA9, 0x41, 0x4C, 0xE0,
    0xA8, 0xC0, 0x00, 0xD0, 0x04, 0xA5, 0x86, 0xD0, 0x4C, 0x20, 0x94, 0xFE,
    0xC9, 0x0D, 0xF0, 0x20, 0xC9, 0x18, 0xF0, 0x12, 0xC9, 0x1B, 0xF0, 0x0E,
    0xC9, 0x20, 0xB0, 0x0A, 0xC9, 0x01, 0xF0, 0x07, 0x20, 0xF4, 0xFF, 0x4C,
    0x49, 0xA1, 0x60, 0xA5, 0x86, 0x49, 0x01, 0x85, 0x86, 0x4C, 0x49, 0xA1,
    0xC0, 0x40, 0xB0, 0xF2, 0x99, 0x00, 0x01, 0xA9, 0x00, 0x85, 0x07, 0x85,
    0x05, 0x85, 0x01, 0x85, 0x02, 0xAA, 0xE8, 0x86, 0x06, 0xA9, 0xE2, 0x8D,
    0x02, 0x02, 0xA9, 0xA1, 0x8D, 0x03, 0x02, 0x20, 0xED, 0xFF, 0x4C, 0xEA,
    0xC2, 0xA5, 0x88, 0x10, 0x08, 0xA9, 0x00, 0x85, 0x86, 0xA9, 0x0D, 0xD0,
    0xCF, 0x85, 0x84, 0xA5, 0x87, 0x85, 0x83, 0x20, 0xBE, 0xA0, 0xA0, 0x00,
    0xB9, 0x00, 0x01, 0xF0, 0x06, 0x20, 0xF4, 0xFF, 0xC8, 0xD0, 0xF5, 0x18,
    0xA5, 0x87, 0x65, 0x89, 0x85, 0x87, 0xA5, 0x88, 0x65, 0x8A, 0x85, 0x88,
    0xA9, 0x20, 0x20, 0xF4, 0xFF, 0xA9, 0x7F, 0xC8, 0x60, 0x20, 0xD1, 0xF7,
    0x20, 0x20, 0x20, 0x20, 0x20, 0x20, 0x20, 0x20, 0xEA, 0x4C, 0x32, 0xA1,
    0xA0, 0x0A, 0x4C, 0x84, 0xA4, 0xFF, 0x28, 0x68, 0x48, 0x08, 0x85, 0x00,
    0xA4, 0x5E, 0xA9, 0x20, 0xD1, 0x05, 0xD0, 0x03, 0xC8, 0xD0, 0xF9, 0x98,
    0x18, 0x65, 0x05, 0x85, 0x05, 0xA5, 0x06, 0x69, 0x00, 0x85, 0x06, 0xA0,
    0x00, 0x84, 0x8B, 0xA2, 0xFF, 0xB1, 0x05, 0xDD, 0x00, 0xAF, 0xF0, 0x2F,
    0x18, 0x69, 0x7F, 0xDD, 0x00, 0xAF, 0xF0, 0x27, 0xBD, 0x00, 0xAF, 0xC9,
    0x7F, 0xF0, 0x25, 0x90, 0x06, 0xB1, 0x05, 0xC9, 0x2E, 0xF0, 0x1C, 0xBD,
    0x00, 0xAF, 0xC9, 0x7F, 0xF0, 0x03, 0xCA, 0xD0, 0xF6, 0xCA, 0xBD, 0x00,
    0xAF, 0xC9, 0xFF, 0xF0, 0x1F, 0xE6, 0x8B, 0xA0, 0x00, 0xF0, 0xCA, 0xC8,
    0xCA, 0xD0, 0xC6, 0xC8, 0x84, 0x03, 0xA6, 0x8B, 0xBD, 0x3D, 0xAF, 0x85,
    0x52, 0xBD, 0x20, 0xAF, 0x85, 0x53, 0x20, 0xA0, 0xAC, 0x4C, 0xB3, 0xA8,
    0xA5, 0x10, 0xC9, 0xE7, 0xD0, 0x06, 0xA5, 0x11, 0xC9, 0xC9, 0xF0, 0x03,
    0x4C, 0xDC, 0xC9, 0x20, 0xED, 0xFF, 0xA0, 0x00, 0xB1, 0x05, 0xC9, 0x3B,
    0xF0, 0x0A, 0xC9, 0x0D, 0xF0, 0x06, 0xEA, 0xEA, 0xEA, 0xC8, 0xD0, 0xF0,
    0x4C, 0xD8, 0xC9, 0xB1, 0x52, 0xC8, 0xC9, 0x20, 0xF0, 0x16, 0x29, 0x9F,
    0xF0, 0x14, 0x29, 0x1D, 0xC9, 0x19, 0xF0, 0x0C, 0x29, 0x0D, 0xC9, 0x08,
    0xF0, 0x08, 0x29, 0x0C, 0xC9, 0x0C, 0xD0, 0x01, 0xC8, 0xC8, 0x98, 0x60,
    0x20, 0xE4, 0xC4, 0xA5, 0x14, 0xF0, 0x02, 0xC6, 0x14, 0x4C, 0xEC, 0xA2,
    0x4C, 0x3C, 0xA1, 0xB1, 0x05, 0xC9, 0x20, 0xD0, 0x03, 0xC8, 0xD0, 0xF7,
    0x38, 0xE9, 0x40, 0x10, 0x01, 0x00, 0xC9, 0x1B, 0xB0, 0xFB, 0x48, 0xC8,
    0x84, 0x03, 0x20, 0xE4, 0xC4, 0x20, 0x71, 0xFE, 0x90, 0x09, 0xA9, 0x00,
    0xF0, 0x08, 0x08, 0xD8, 0x4C, 0xB1, 0xFE, 0x20, 0xCE, 0xA2, 0x85, 0x8B,
    0x68, 0xA8, 0xA9, 0x00, 0x99, 0x3C, 0x03, 0x99, 0x57, 0x03, 0x99, 0x72,
    0x03, 0xA5, 0x8B, 0x99, 0x21, 0x03, 0xA4, 0x03, 0x88, 0xA2, 0xFF, 0x9A,
    0x4C, 0x5D, 0xC5, 0x20, 0xE4, 0xC4, 0xA9, 0x02, 0x85, 0x80, 0xD0, 0x37,
    0x20, 0xE4, 0xC4, 0xA9, 0x03, 0x85, 0x80, 0xD0, 0x2E, 0x20, 0xE4, 0xC4,
    0xA9, 0x00, 0x85, 0x80, 0xF0, 0x25, 0x84, 0x03, 0xB1, 0x05, 0xC9, 0x3B,
    0xF0, 0x33, 0xC9, 0x0D, 0xF0, 0x2F, 0x20, 0xC8, 0xC3, 0xA5, 0x53, 0x05,
    0x54, 0x05, 0x55, 0xD0, 0xEA, 0xEA, 0xA5, 0x52, 0x48, 0x20, 0xE4, 0xC4,
    0xA9, 0x01, 0x85, 0x80, 0x68, 0x85, 0x85, 0xA9, 0x40, 0x8D, 0x0B, 0xB8,
    0xA9, 0xC0, 0x8D, 0x0E, 0xB8, 0xA9, 0x14, 0x8D, 0x04, 0xB8, 0xA9, 0x00,
    0x8D, 0x05, 0xB8, 0x58, 0x60, 0xA9, 0x55, 0xD0, 0xDB, 0xE0, 0x00, 0xD0,
    0x07, 0x48, 0xA9, 0x02, 0x20, 0xFB, 0xFE, 0x68, 0x20, 0xFB, 0xFE, 0x48,
    0xE8, 0xBD, 0x00, 0x01, 0xF0, 0x03, 0x68, 0xCA, 0x60, 0xA9, 0x03, 0x20,
    0xFB, 0xFE, 0x4C, 0x62, 0xA3, 0xA5, 0x01, 0x05, 0x02, 0xF0, 0x03, 0x4C,
    0xAC, 0xC2, 0xA2, 0x00, 0x86, 0x26, 0x86, 0x25, 0xA9, 0x0A, 0x85, 0x17,
    0x85, 0x16, 0x20, 0x65, 0xC4, 0x90, 0x20, 0x20, 0x31, 0xC2, 0xB0, 0x26,
    0x20, 0x65, 0xC4, 0xA2, 0x01, 0x86, 0x04, 0x20, 0xE4, 0xC4, 0xA5, 0x16,
    0x85, 0x87, 0xA5, 0x17, 0x85, 0x89, 0xA5, 0x25, 0x85, 0x88, 0xA5, 0x26,
    0x85, 0x8A, 0x60, 0x20, 0x31, 0xC2, 0xE6, 0x04, 0x20, 0x65, 0xC4, 0x4C,
    0x8F, 0xA3, 0xA5, 0x16, 0xA4, 0x25, 0x85, 0x17, 0x84, 0x26, 0x4C, 0x8F,
    0xA3, 0xA5, 0x01, 0x05, 0x02, 0xF0, 0x03, 0x4C, 0xAC, 0xC2, 0xB1, 0x05,
    0xC9, 0x23, 0xF0, 0x49, 0x20, 0xE4, 0xC4, 0xAD, 0x21, 0x03, 0x48, 0xA0,
    0x00, 0x8C, 0x21, 0x03, 0xC8, 0x98, 0x48, 0x18, 0x69, 0x40, 0x20, 0xF4,
    0xFF, 0xA9, 0x3D, 0x20, 0xF4, 0xFF, 0xA2, 0x01, 0x20, 0xE3, 0xC8, 0xA2,
    0x00, 0x20, 0x89, 0xC5, 0xAD, 0x01, 0xB0, 0x29, 0x20, 0xF0, 0x18, 0xA9,
    0x0E, 0x38, 0xE5, 0x07, 0xA8, 0xA9, 0x20, 0x20, 0xF4, 0xFF, 0x88, 0xD0,
    0xFA, 0x84, 0x07, 0x68, 0xA8, 0xC8, 0xC0, 0x1B, 0xD0, 0xCB, 0x48, 0x68,
    0x68, 0x8D, 0x21, 0x03, 0x60, 0xC8, 0x20, 0xE6, 0xC4, 0xAD, 0x21, 0x03,
    0x48, 0xA0, 0x00, 0x85, 0xE1, 0x8C, 0x21, 0x03, 0xC8, 0x98, 0x18, 0x69,
    0x40, 0x20, 0xF4, 0xFF, 0xA9, 0x3D, 0x20, 0xF4, 0xFF, 0xA9, 0x23, 0x20,
    0xF4, 0xFF, 0xB9, 0x72, 0x03, 0xF0, 0x03, 0x20, 0x02, 0xF8, 0xB9, 0x57,
    0x03, 0xF0, 0x03, 0x20, 0x02, 0xF8, 0xB9, 0x3C, 0x03, 0xF0, 0x03, 0x20,
    0x02, 0xF8, 0xB9, 0x21, 0x03, 0x20, 0x02, 0xF8, 0xAD, 0x01, 0xB0, 0x29,
    0x20, 0xF0, 0x20, 0xA5, 0xE0, 0xC9, 0x0F, 0xB0, 0x0E, 0x84, 0x8B, 0xA4,
    0xE0, 0xA9, 0x20, 0x91, 0xDE, 0xA4, 0x8B, 0xA9, 0x10, 0xD0, 0x05, 0x20,
    0xED, 0xFF, 0xA9, 0x00, 0x85, 0xE0, 0xC8, 0xC0, 0x1B, 0xD0, 0xAA, 0x68,
    0x8D, 0x21, 0x03, 0xA9, 0x80, 0x4C, 0x82, 0xA7, 0xA5, 0x01, 0x05, 0x02,
    0xF0, 0x03, 0x4C, 0xAC, 0xC2, 0x85, 0x25, 0x85, 0x26, 0x85, 0x04, 0x84,
    0x16, 0x84, 0x17, 0xC0, 0xFF, 0xD0, 0x04, 0x85, 0x16, 0x84, 0x26, 0x20,
    0x65, 0xC4, 0x90, 0x0F, 0x20, 0x31, 0xC2, 0x90, 0x0F, 0xA5, 0x16, 0x85,
    0x17, 0xA5, 0x25, 0x85, 0x26, 0xB0, 0x08, 0x20, 0x31, 0xC2, 0xE6, 0x04,
    0x20, 0x65, 0xC4, 0x20, 0xE4, 0xC4, 0x60, 0xFF, 0x20, 0xDC, 0xA1, 0xA5,
    0x16, 0x85, 0x80, 0xA5, 0x17, 0x85, 0x8B, 0xA5, 0x25, 0x85, 0x81, 0xA5,
    0x26, 0x85, 0x8C, 0xA9, 0xFE, 0x85, 0x96, 0x20, 0x55, 0xA6, 0xB0, 0x03,
    0x4C, 0x6B, 0xC4, 0xA5, 0x12, 0x85, 0x9B, 0xA0, 0x00, 0x84, 0x9A, 0xB1,
    0x9A, 0xC9, 0x0D, 0xD0, 0x25, 0xC8, 0xB1, 0x9A, 0x10, 0x0A, 0xA9, 0xFF,
    0x85, 0x96, 0x20, 0x55, 0xA6, 0x4C, 0xCF, 0xC2, 0x85, 0x96, 0xC8, 0xB1,
    0x9A, 0x85, 0x97, 0xC8, 0x98, 0x18, 0x65, 0x9A, 0x85, 0x9A, 0x90, 0x02,
    0xE6, 0x9B, 0xA0, 0x00, 0xF0, 0xD5, 0xC8, 0xC9, 0x47, 0xD0, 0xD0, 0xB1,
    0x9A, 0xC9, 0x2E, 0xF0, 0x36, 0xC9, 0x4F, 0xD0, 0xC6, 0xC8, 0xB1, 0x9A,
    0xC9, 0x2E, 0xF0, 0x2B, 0xC9, 0x54, 0xF0, 0x1C, 0xC9, 0x53, 0xD0, 0xB7,
    0xC8, 0xB1, 0x9A, 0xC9, 0x2E, 0xF0, 0x1C, 0xC9, 0x55, 0xD0, 0xAC, 0xC8,
    0xB1, 0x9A, 0xC9, 0x2E, 0xF0, 0x11, 0xC9, 0x42, 0xF0, 0x0D, 0xD0, 0x9F,
    0xC8, 0xB1, 0x9A, 0xC9, 0x2E, 0xF0, 0x04, 0xC9, 0x4F, 0xD0, 0x94, 0xC8,
    0xB1, 0x9A, 0xC9, 0x20, 0xF0, 0xF9, 0xC9, 0x3A, 0x90, 0x31, 0xC9, 0x61,
    0x90, 0x04, 0xC9, 0x7B, 0x90, 0x81, 0x84, 0x9C, 0x20, 0x55, 0xA6, 0x20,
    0xD1, 0xF7, 0x4C, 0x49, 0x4E, 0x45, 0xA0, 0x00, 0x84, 0x34, 0x84, 0x43,
    0xA5, 0x98, 0x85, 0x16, 0xA5, 0x99, 0x85, 0x25, 0xA2, 0x00, 0x20, 0x89,
    0xC5, 0x20, 0xD1, 0xF7, 0x0D, 0x0A, 0xA4, 0x9C, 0x4C, 0xE7, 0xA4, 0xC9,
    0x30, 0x90, 0xD3, 0x98, 0x18, 0x65, 0x9A, 0x85, 0x9A, 0x85, 0x05, 0xA5,
    0x9B, 0x69, 0x00, 0x85, 0x9B, 0x85, 0x06, 0xA0, 0x00, 0x84, 0x03, 0x20,
    0x6A, 0xC4, 0x90, 0xBA, 0xA5, 0x52, 0x85, 0x97, 0xA5, 0x53, 0x85, 0x96,
    0x84, 0x9C, 0x20, 0x55, 0xA6, 0xF0, 0x03, 0x4C, 0xE7, 0xA4, 0xA5, 0x98,
    0x85, 0x83, 0xA5, 0x99, 0x85, 0x84, 0x20, 0xBE, 0xA0, 0xA0, 0x00, 0xB1,
    0x9A, 0xC9, 0x3B, 0xF0, 0x04, 0xC9, 0x0D, 0xD0, 0x3A, 0x84, 0x82, 0x88,
    0x98, 0x18, 0x65, 0x9A, 0x85, 0x87, 0xA9, 0x00, 0x65, 0x9B, 0x85, 0x88,
    0xA5, 0x0D, 0x85, 0x89, 0xA5, 0x0E, 0x85, 0x8A, 0xE6, 0x0D, 0xD0, 0x02,
    0xE6, 0x0E, 0xA0, 0x00, 0xB1, 0x89, 0xC8, 0x91, 0x89, 0xA5, 0x89, 0xD0,
    0x02, 0xC6, 0x8A, 0xC6, 0x89, 0xA5, 0x8A, 0xC5, 0x88, 0xD0, 0xEB, 0xA5,
    0x89, 0xC5, 0x87, 0xD0, 0xE5, 0xA4, 0x82, 0xB9, 0x00, 0x01, 0xF0, 0x05,
    0x91, 0x9A, 0xC8, 0xD0, 0xB2, 0x98, 0x85, 0x9C, 0x18, 0x65, 0x9A, 0x85,
    0x89, 0xA9, 0x00, 0x65, 0x9B, 0x85, 0x8A, 0xA0, 0x00, 0xC8, 0xB1, 0x89,
    0xC9, 0x3B, 0xF0, 0x04, 0xC9, 0x0D, 0xD0, 0xF5, 0x84, 0x82, 0xB1, 0x89,
    0xA0, 0x00, 0x91, 0x89, 0xE6, 0x89, 0xD0, 0x02, 0xE6, 0x8A, 0xA4, 0x82,
    0xA5, 0x89, 0xC5, 0x0D, 0xD0, 0xEC, 0xA5, 0x8A, 0xC5, 0x0E, 0xD0, 0xE6,
    0xA4, 0x9C, 0x4C, 0xE7, 0xA4, 0xA5, 0x12, 0x85, 0x95, 0xA0, 0x00, 0x84,
    0x94, 0xA5, 0x80, 0x85, 0x98, 0xA5, 0x81, 0x85, 0x99, 0xB1, 0x94, 0xC8,
    0xC9, 0x0D, 0xD0, 0xF9, 0xB1, 0x94, 0x10, 0x02, 0x38, 0x60, 0xC5, 0x96,
    0xD0, 0x09, 0xC8, 0xB1, 0x94, 0x88, 0xC5, 0x97, 0xD0, 0x01, 0x60, 0xA5,
    0x96, 0x10, 0x0E, 0xC9, 0xFF, 0xD0, 0x0A, 0xA5, 0x99, 0x91, 0x94, 0xC8,
    0xA5, 0x98, 0x91, 0x94, 0x88, 0xA5, 0x98, 0x18, 0x65, 0x8B, 0x85, 0x98,
    0xA5, 0x99, 0x65, 0x8C, 0x85, 0x99, 0x10, 0x01, 0x60, 0xC8, 0xC8, 0x98,
    0x18, 0x65, 0x94, 0x85, 0x94, 0x90, 0x02, 0xE6, 0x95, 0xA0, 0x00, 0xF0,
    0xB4, 0xC6, 0x8C, 0xA5, 0x8F, 0x85, 0x91, 0xA5, 0x8E, 0x85, 0x90, 0xD0,
    0x02, 0xC6, 0x8F, 0xC6, 0x8E, 0xA5, 0x90, 0x4C, 0xDC, 0xAC, 0xB1, 0x05,
    0xC8, 0xC9, 0x20, 0xF0, 0xF9, 0xC9, 0x3B, 0xF0, 0x7A, 0xC9, 0x0D, 0xF0,
    0x76, 0xC9, 0x23, 0xF0, 0x03, 0x4C, 0x5C, 0xC5, 0x84, 0x03, 0x20, 0xE4,
    0xC4, 0xA9, 0x02, 0x20, 0xFB, 0xFE, 0xAD, 0x08, 0x02, 0x48, 0xAD, 0x09,
    0x02, 0x48, 0xA9, 0xFB, 0x8D, 0x08, 0x02, 0xA9, 0xFE, 0x8D, 0x09, 0x02,
    0xA0, 0x01, 0x98, 0x48, 0x18, 0x69, 0x40, 0x20, 0xFB, 0xFE, 0xA9, 0x3D,
    0x20, 0xFB, 0xFE, 0xA9, 0x23, 0x20, 0xFB, 0xFE, 0xB9, 0x72, 0x03, 0xF0,
    0x03, 0x20, 0x02, 0xF8, 0xB9, 0x57, 0x03, 0xF0, 0x03, 0x20, 0x02, 0xF8,
    0xB9, 0x3C, 0x03, 0xF0, 0x03, 0x20, 0x02, 0xF8, 0xB9, 0x21, 0x03, 0x20,
    0x02, 0xF8, 0x68, 0xA8, 0xC8, 0x20, 0xED, 0xFF, 0xC0, 0x1B, 0xD0, 0xC6,
    0xF0, 0x04, 0x68, 0x8D, 0x21, 0x03, 0xA9, 0x03, 0x20, 0xFB, 0xFE, 0x68,
    0x8D, 0x09, 0x02, 0x68, 0x8D, 0x08, 0x02, 0x60, 0x4C, 0x80, 0xA7, 0x88,
    0x84, 0x03, 0x20, 0xE4, 0xC4, 0xA0, 0x00, 0x4C, 0x71, 0xAE, 0xAD, 0x21,
    0x03, 0x48, 0x8C, 0x21, 0x03, 0xC8, 0x98, 0x48, 0x18, 0x69, 0x40, 0x20,
    0xFB, 0xFE, 0xA9, 0x3D, 0x20, 0xFB, 0xFE, 0xA2, 0x01, 0x20, 0xE3, 0xC8,
    0xCA, 0x20, 0x89, 0xC5, 0x20, 0x9E, 0xA0, 0x68, 0xA8, 0xC8, 0xC0, 0x1B,
    0xD0, 0xE0, 0xF0, 0xB6, 0x68, 0x60, 0x85, 0xE1, 0x4C, 0xCF, 0xC2, 0x98,
    0xAA, 0x18, 0x65, 0x05, 0x85, 0x8C, 0xA9, 0x00, 0xA8, 0x65, 0x06, 0x85,
    0x8D, 0xB1, 0x8C, 0xC8, 0xE8, 0xC9, 0x20, 0xF0, 0xF8, 0x86, 0x03, 0xC9,
    0x24, 0xF0, 0x23, 0xC9, 0x0D, 0xD0, 0x03, 0x4C, 0x5C, 0xC5, 0xC9, 0x3B,
    0xF0, 0xF9, 0xC9, 0x22, 0xD0, 0xF5, 0x84, 0x8E, 0xB1, 0x8C, 0xC8, 0xC9,
    0x22, 0xF0, 0x3A, 0xC9, 0x0D, 0xF0, 0x04, 0xC9, 0x3B, 0xD0, 0xF1, 0x4C,
    0x9D, 0xC3, 0xA9, 0x00, 0x85, 0x8E, 0xB1, 0x8C, 0xC9, 0x5B, 0x90, 0x03,
    0x4C, 0xAC, 0xC2, 0x38, 0xE9, 0x41, 0x30, 0xF8, 0xA8, 0xB9, 0x22, 0x03,
    0x85, 0x8C, 0xB9, 0x3D, 0x03, 0x85, 0x8D, 0xA0, 0x00, 0xB1, 0x8C, 0xC8,
    0xC9, 0x0D, 0xF0, 0x05, 0xC0, 0x40, 0x90, 0xF5, 0x00, 0xE6, 0x03, 0xD0,
    0x0A, 0x84, 0x03, 0xA5, 0x8C, 0x85, 0x05, 0xA5, 0x8D, 0x85, 0x06, 0x88,
    0x84, 0x8F, 0x20, 0xE4, 0xC4, 0xA5, 0x8E, 0x18, 0x65, 0x8C, 0x85, 0x8C,
    0x90, 0x02, 0xE6, 0x8D, 0xA5, 0x8F, 0x38, 0xE5, 0x8E, 0x85, 0x8F, 0xD0,
    0x13, 0x85, 0x16, 0x85, 0x25, 0xA9, 0x7F, 0x85, 0x26, 0xA9, 0xFF, 0x85,
    0x17, 0xA2, 0x01, 0x86, 0x04, 0x4C, 0x75, 0xCA, 0xA9, 0x00, 0xA8, 0x85,
    0x94, 0xA5, 0x12, 0x85, 0x95, 0x88, 0xC8, 0x98, 0x18, 0x65, 0x94, 0x85,
    0x94, 0x90, 0x02, 0xE6, 0x95, 0xA0, 0x00, 0xB1, 0x94, 0xC9, 0x0D, 0xD0,
    0x23, 0xC8, 0xB1, 0x94, 0x85, 0x25, 0x10, 0x03, 0xA0, 0x01, 0x60, 0xC8,
    0xB1, 0x94, 0x85, 0x16, 0xC8, 0x98, 0x88, 0x18, 0x65, 0x94, 0x85, 0x9A,
    0xA5, 0x95, 0x69, 0x00, 0x85, 0x9B, 0xA9, 0x00, 0x85, 0x8B, 0xF0, 0xCA,
    0x84, 0x98, 0x84, 0x92, 0xA4, 0x8B, 0xD1, 0x8C, 0xF0, 0x05, 0xA4, 0x98,
    0x4C, 0x36, 0xA8, 0xE6, 0x8B, 0xA5, 0x8B, 0xC5, 0x8F, 0x90, 0x18, 0xAD,
    0x21, 0x03, 0x48, 0xA9, 0x05, 0x8D, 0x21, 0x03, 0x20, 0x22, 0xAE, 0x68,
    0x8D, 0x21, 0x03, 0x20, 0xED, 0xFF, 0xA4, 0x98, 0x4C, 0x36, 0xA8, 0xA4,
    0x98, 0xC8, 0xB1, 0x94, 0x84, 0x98, 0xA4, 0x8B, 0xD1, 0x8C, 0xF0, 0xD3,
    0xA9, 0x00, 0x85, 0x8B, 0xA4, 0x98, 0x4C, 0x36, 0xA8, 0x68, 0x68, 0xA2,
    0xFF, 0x9A, 0xA0, 0x00, 0xB1, 0x05, 0xC8, 0xC9, 0x20, 0xF0, 0xF9, 0xC9,
    0x3B, 0xF0, 0x04, 0xC9, 0x0D, 0xD0, 0xF1, 0x88, 0x84, 0x03, 0x20, 0xE4,
    0xC4, 0x4C, 0x5B, 0xC5, 0xA5, 0x11, 0xC9, 0xC9, 0xD0, 0x03, 0x20, 0x90,
    0xAC, 0xA2, 0x00, 0x86, 0xAE, 0x86, 0xA6, 0x60, 0x8D, 0x0A, 0x02, 0xA9,
    0xA1, 0x8D, 0x0B, 0x02, 0xA9, 0x00, 0x85, 0x86, 0x85, 0xA6, 0x85, 0xAC,
    0x85, 0xAE, 0x60, 0xA9, 0x00, 0xF0, 0x02, 0xA9, 0x04, 0x85, 0x80, 0xA5,
    0x01, 0x05, 0x02, 0xF0, 0x03, 0x4C, 0xAC, 0xC2, 0x20, 0xC8, 0xC3, 0x20,
    0xE4, 0xC4, 0xAD, 0x08, 0x02, 0x48, 0xAD, 0x09, 0x02, 0x48, 0xA9, 0x52,
    0x4C, 0x8B, 0xAE, 0xA0, 0xFF, 0x20, 0x84, 0xA4, 0xA5, 0x16, 0x05, 0x25,
    0xF0, 0x03, 0x4C, 0x64, 0xA9, 0xA9, 0x02, 0x85, 0x8C, 0xA5, 0x12, 0x4C,
    0x74, 0xA9, 0xFF, 0xA5, 0x8B, 0x48, 0x48, 0x20, 0xD0, 0xA8, 0x4C, 0xD8,
    0xC9, 0xA4, 0x03, 0x20, 0x50, 0xA9, 0xB1, 0x05, 0xC9, 0x3B, 0xF0, 0x04,
    0xC9, 0x0D, 0xD0, 0xE7, 0xA2, 0xFF, 0x9A, 0xE6, 0xAE, 0x4C, 0x4B, 0xC5,
    0x88, 0xC8, 0xB1, 0x05, 0xC9, 0x20, 0xF0, 0xF9, 0x84, 0x03, 0x60, 0x24,
    0xAE, 0x30, 0xD4, 0xC6, 0xAE, 0x4C, 0xE2, 0xA1, 0xA2, 0x00, 0x20, 0x32,
    0xC6, 0x90, 0x03, 0x4C, 0x7D, 0xCC, 0xA5, 0x58, 0x85, 0x8C, 0xA5, 0x59,
    0x85, 0x8D, 0xE6, 0x04, 0xA5, 0x26, 0x10, 0x08, 0xA5, 0x0D, 0x85, 0x8E,
    0xA5, 0x0E, 0xD0, 0x0D, 0xA2, 0x01, 0x20, 0x32, 0xC6, 0xB0, 0xE0, 0xA5,
    0x58, 0x85, 0x8E, 0xA5, 0x59, 0x85, 0x8F, 0xA5, 0x8C, 0xD0, 0x02, 0xC6,
    0x8D, 0x4C, 0xB1, 0xA6, 0xFF, 0xB1, 0x05, 0xC9, 0x24, 0xD0, 0x75, 0xC8,
    0x84, 0x03, 0x20, 0x8B, 0xC7, 0x20, 0xCB, 0xC3, 0x20, 0x71, 0xFE, 0xB0,
    0x13, 0xC0, 0x0E, 0xF0, 0x08, 0xC0, 0x08, 0xB0, 0x08, 0xC0, 0x05, 0x90,
    0x04, 0xA9, 0x00, 0xF0, 0x03, 0x20, 0xD3, 0xA9, 0xA0, 0x00, 0xAA, 0xF0,
    0x03, 0x91, 0x52, 0xC8, 0xA9, 0x0D, 0x91, 0x52, 0x4C, 0x39, 0xA9, 0x08,
    0xD8, 0x4C, 0xB1, 0xFE, 0x20, 0x0C, 0xC7, 0xCA, 0x86, 0x04, 0xB5, 0x16,
    0x85, 0xA7, 0xA2, 0xFF, 0x9A, 0xE6, 0xAE, 0x48, 0x88, 0x20, 0xF6, 0xC4,
    0x68, 0x4C, 0x6E, 0xC5, 0xA5, 0xA7, 0xD0, 0x0C, 0x88, 0x20, 0xF6, 0xC4,
    0xA2, 0xFF, 0x9A, 0xE6, 0xAE, 0x4C, 0x1B, 0xC3, 0x88, 0xA9, 0x0D, 0xC8,
    0xD1, 0x05, 0xD0, 0xFB, 0x4C, 0x48, 0xA9, 0xA5, 0x12, 0x85, 0xAD, 0xA9,
    0x00, 0x85, 0xAC, 0x4C, 0x3B, 0xA9, 0xE6, 0xAF, 0x4C, 0x2F, 0xA9, 0x88,
    0xA9, 0x0D, 0xC8, 0xD1, 0xAC, 0xD0, 0xFB, 0x20, 0x2A, 0xAA, 0xA0, 0x01,
    0xD0, 0x14, 0x98, 0x18, 0x65, 0xAC, 0x85, 0xAC, 0x90, 0x02, 0xE6, 0xAD,
    0x60, 0xA0, 0x00, 0xB1, 0xAC, 0xC9, 0x2C, 0xF0, 0x3C, 0xC8, 0xB1, 0xAC,
    0x30, 0xD4, 0x85, 0xA9, 0xC8, 0xB1, 0xAC, 0x85, 0xA8, 0xC8, 0xB1, 0xAC,
    0xC9, 0x20, 0xF0, 0xF9, 0xC9, 0x44, 0xD0, 0xC7, 0xA2, 0x00, 0xE8, 0xC8,
    0xB1, 0xAC, 0xDD, 0xA6, 0xAC, 0xF0, 0xF7, 0xE0, 0x01, 0xF0, 0xB8, 0xC9,
    0x2E, 0xF0, 0x06, 0xBD, 0xA6, 0xAC, 0x10, 0xAF, 0x88, 0xC8, 0xB1, 0xAC,
    0xC9, 0x20, 0xF0, 0xF9, 0xC9, 0x2C, 0xF0, 0x01, 0x88, 0xC8, 0x20, 0x2A,
    0xAA, 0xA4, 0x03, 0xB1, 0x05, 0xC9, 0x24, 0xD0, 0x33, 0xC8, 0x84, 0x03,
    0x20, 0x8B, 0xC7, 0x20, 0xCB, 0xC3, 0xA0, 0x00, 0xB1, 0xAC, 0xC9, 0x2C,
    0xF0, 0x09, 0xC9, 0x0D, 0xF0, 0x07, 0x91, 0x52, 0xC8, 0xD0, 0xF1, 0xA9,
    0x0D, 0x91, 0x52, 0x20, 0x2A, 0xAA, 0xA4, 0x03, 0x20, 0x50, 0xA9, 0xC9,
    0x2C, 0xF0, 0x03, 0x4C, 0x3B, 0xA9, 0x20, 0x51, 0xA9, 0x4C, 0x35, 0xAA,
    0x20, 0x41, 0xC4, 0x90, 0x39, 0x20, 0xC6, 0xAA, 0x20, 0x2F, 0xCA, 0x4C,
    0xA6, 0xAA, 0xA5, 0x03, 0x48, 0xA5, 0x05, 0x48, 0xA5, 0x06, 0x48, 0xA5,
    0xAC, 0x85, 0x05, 0xA5, 0xAD, 0x85, 0x06, 0xA0, 0x00, 0x84, 0x03, 0x20,
    0x8B, 0xC7, 0x20, 0x50, 0xA9, 0xC9, 0x2C, 0xF0, 0x04, 0xC9, 0x0D, 0xD0,
    0x3A, 0x20, 0x2A, 0xAA, 0x68, 0x85, 0x06, 0x68, 0x85, 0x05, 0x68, 0x85,
    0x03, 0x60, 0xA4, 0x03, 0xB1, 0x05, 0xC9, 0x5B, 0xB0, 0x27, 0xC9, 0x40,
    0x90, 0x23, 0xC8, 0xD1, 0x05, 0xD0, 0x1E, 0x20, 0x8B, 0xF0, 0x20, 0xC6,
    0xAA, 0x20, 0x96, 0xCE, 0xB5, 0x26, 0xC8, 0x91, 0x52, 0xC8, 0xB5, 0x35,
    0x91, 0x52, 0xC8, 0xB5, 0x44, 0x91, 0x52, 0xC8, 0x4C, 0xA6, 0xAA, 0xC6,
    0xAF, 0x4C, 0x2F, 0xA9, 0x20, 0xD1, 0xF7, 0x06, 0x0A, 0x0D, 0x53, 0x54,
    0x4F, 0x50, 0x20, 0x41, 0x54, 0x20, 0xAD, 0x21, 0x03, 0x48, 0xA5, 0x01,
    0x85, 0x16, 0xA5, 0x02, 0x85, 0x25, 0xA9, 0x00, 0x85, 0x34, 0x85, 0x43,
    0x8D, 0x21, 0x03, 0x20, 0x89, 0xC5, 0x68, 0x8D, 0x21, 0x03, 0x20, 0xED,
    0xFF, 0x20, 0xE3, 0xFF, 0x4C, 0x39, 0xA9, 0x20, 0x8B, 0xC7, 0x20, 0x50,
    0xA9, 0xC9, 0x2C, 0xD0, 0xC0, 0xC8, 0x84, 0x03, 0x20, 0x8B, 0xC7, 0xCA,
    0xCA, 0x86, 0x04, 0xB5, 0x16, 0xC9, 0x08, 0x90, 0x04, 0xA0, 0x04, 0xD0,
    0x04, 0xA9, 0xFF, 0xA0, 0x00, 0x84, 0xAA, 0x85, 0x54, 0xB4, 0x17, 0xF0,
    0x3F, 0x84, 0x53, 0xA0, 0x00, 0x84, 0x52, 0x84, 0xAB, 0x38, 0xC8, 0xD0,
    0x02, 0xE6, 0xAB, 0xA5, 0x52, 0xE5, 0x54, 0x85, 0x52, 0xA5, 0x53, 0xE9,
    0x00, 0x85, 0x53, 0xB0, 0xED, 0x98, 0xA2, 0x03, 0x0A, 0x26, 0xAB, 0xCA,
    0xD0, 0xFA, 0xA8, 0xA9, 0x00, 0xC8, 0xE6, 0xAB, 0x45, 0xAA, 0x8D, 0x02,
    0xB0, 0xA6, 0x54, 0xCA, 0xEA, 0xEA, 0xEA, 0xD0, 0xFA, 0x88, 0xD0, 0xF0,
    0xC6, 0xAB, 0xD0, 0xEC, 0x4C, 0x39, 0xA9, 0xA5, 0xE0, 0x29, 0x7F, 0xA8,
    0xB1, 0xDE, 0x45, 0xE1, 0x91, 0xDE, 0x20, 0x8B, 0xC7, 0x20, 0x50, 0xA9,
    0xB1, 0x05, 0xC9, 0x2C, 0xD0, 0x18, 0xC8, 0x84, 0x03, 0x20, 0x8B, 0xC7,
    0xCA, 0xB5, 0x16, 0x29, 0x0F, 0x4A, 0x6A, 0x6A, 0x6A, 0x85, 0xDE, 0xA0,
    0x80, 0x90, 0x01, 0xC8, 0x84, 0xDF, 0xCA, 0x86, 0x04, 0xB5, 0x16, 0x29,
    0x1F, 0xA8, 0x85, 0xE0, 0xB1, 0xDE, 0x45, 0xE1, 0x91, 0xDE, 0x4C, 0x39,
    0xA9, 0x4C, 0x2F, 0xA9, 0xA6, 0xA6, 0xE0, 0x12, 0xB0, 0xF7, 0x88, 0x20,
    0xF6, 0xC4, 0xA5, 0x05, 0x9D, 0x1C, 0x02, 0xA5, 0x06, 0x9D, 0x2E, 0x02,
    0xE6, 0xA6, 0x20, 0x0C, 0xC7, 0xCA, 0x86, 0x04, 0xB5, 0x16, 0xD0, 0xDA,
    0x85, 0xAA, 0xB1, 0x05, 0xC8, 0xC9, 0x3B, 0xF0, 0x0B, 0xC9, 0x0D, 0xD0,
    0xF5, 0xB1, 0x05, 0x30, 0xCC, 0x20, 0x21, 0xC5, 0x20, 0x50, 0xA9, 0xA2,
    0xFF, 0x88, 0xC8, 0xE8, 0xB1, 0x05, 0xDD, 0x97, 0xAC, 0xF0, 0xF7, 0xE0,
    0x00, 0xF0, 0x16, 0xE0, 0x03, 0x90, 0xD7, 0xE0, 0x08, 0xF0, 0x05, 0xC9,
    0x2E, 0xD0, 0xCF, 0xC8, 0xC6, 0xAA, 0x10, 0xCA, 0xC6, 0xA6, 0x4C, 0x3B,
    0xA9, 0xC9, 0x57, 0xD0, 0xC1, 0xC8, 0xB1, 0x05, 0xC9, 0x48, 0xF0, 0x04,
    0xC9, 0x2E, 0xD0, 0xB6, 0xE6, 0xAA, 0xD0, 0xB2, 0xA6, 0xA6, 0xF0, 0x89,
    0xBD, 0x1B, 0x02, 0x85, 0x05, 0xBD, 0x2D, 0x02, 0x85, 0x06, 0xA0, 0x01,
    0x84, 0x03, 0xD0, 0x92, 0x20, 0xD1, 0xF7, 0x0D, 0x0A, 0xEA, 0x60, 0x45,
    0x4E, 0x44, 0x57, 0x48, 0x49, 0x4C, 0x45, 0xFF, 0x20, 0x50, 0xA9, 0x4C,
    0xA5, 0xC2, 0x44, 0x41, 0x54, 0x41, 0xFF, 0x00, 0xAA, 0x52, 0x45, 0x53,
    0x54, 0x4F, 0x52, 0x45, 0xFF, 0xFF, 0xFF, 0xFF, 0xFF, 0x20, 0xF6, 0xC4,
    0x88, 0xA5, 0x05, 0x85, 0x10, 0xA5, 0x06, 0x85, 0x11, 0x4C, 0x00, 0xAA,
    0xA9, 0x00, 0xA0, 0x1A, 0x99, 0x21, 0x03, 0x99, 0x3C, 0x03, 0x99, 0x57,
    0x03, 0x99, 0x72, 0x03, 0x88, 0xD0, 0xF1, 0x60, 0xC5, 0x0D, 0xD0, 0x06,
    0xA5, 0x91, 0xC5, 0x0E, 0xF0, 0x13, 0xA0, 0x00, 0xB1, 0x8E, 0xC8, 0xC9,
    0x0D, 0xD0, 0xF9, 0x98, 0x18, 0x65, 0x8E, 0x85, 0x8E, 0x90, 0x02, 0xE6,
    0x8F, 0x4C, 0x08, 0xAD, 0xE6, 0x8C, 0xD0, 0x02, 0xE6, 0x8D, 0xE6, 0x8E,
    0xD0, 0x02, 0xE6, 0x8F, 0xA0, 0x00, 0xB1, 0x8E, 0x91, 0x8C, 0xA5, 0x8F,
    0xC5, 0x0E, 0xD0, 0xE8, 0xA5, 0x8E, 0xC5, 0x0D, 0xD0, 0xE2, 0xA5, 0x8C,
    0x85, 0x0D, 0xA5, 0x8D, 0x85, 0x0E, 0x60, 0xFF, 0xFF, 0xFF, 0x20, 0xFB,
    0xFE, 0xAD, 0x08, 0x02, 0x48, 0xA9, 0xFB, 0x8D, 0x08, 0x02, 0xAD, 0x09,
    0x02, 0x48, 0xA9, 0xFE, 0x8D, 0x09, 0x02, 0x60, 0x20, 0xFB, 0xFE, 0x68,
    0x8D, 0x21, 0x03, 0x68, 0x8D, 0x09, 0x02, 0x68, 0x8D, 0x08, 0x02, 0x48,
    0x60, 0xA2, 0x00, 0x86, 0x04, 0x20, 0xBC, 0xC8, 0xA5, 0x25, 0x05, 0x34,
    0x05, 0x43, 0xD0, 0x18, 0xA5, 0x16, 0xC9, 0x02, 0xB0, 0x12, 0x0A, 0x0A,
    0x18, 0x69, 0x03, 0xAA, 0xA0, 0x03, 0xBD, 0x75, 0xAD, 0x99, 0x14, 0x02,
    0xCA, 0x88, 0x10, 0xF6, 0x60, 0x10, 0xAE, 0x16, 0xAE, 0xC0, 0xAD, 0x7D,
    0xAD, 0x86, 0xEC, 0x84, 0xC3, 0x08, 0x78, 0x48, 0x20, 0x23, 0xFC, 0x85,
    0xC0, 0x20, 0xD8, 0xFC, 0xA9, 0x0A, 0x85, 0xC1, 0x18, 0x90, 0x0C, 0xA2,
    0x07, 0x8E, 0x02, 0xB0, 0xA2, 0x01, 0x20, 0xDA, 0xFC, 0x30, 0x13, 0xA0,
    0x01, 0xA9, 0x04, 0x8D, 0x02, 0xB0, 0x20, 0xD8, 0xFC, 0xEE, 0x02, 0xB0,
    0x20, 0xD8, 0xFC, 0x88, 0xD0, 0xEF, 0x38, 0x66, 0xC0, 0xC6, 0xC1, 0xD0,
    0xD8, 0xA4, 0xC3, 0xA6, 0xEC, 0x4C, 0x1C, 0xAE, 0x86, 0xEC, 0x84, 0xC3,
    0x08, 0x78, 0xA9, 0x7E, 0x85, 0xC0, 0x20, 0xBD, 0xFC, 0x90, 0xF7, 0xE6,
    0xC0, 0x10, 0xF7, 0xA9, 0x14, 0x85, 0xC4, 0xA2, 0x00, 0xAC, 0x02, 0xB0,
    0x20, 0xCD, 0xFC, 0xF0, 0x00, 0xF0, 0x01, 0xE8, 0xC6, 0xC4, 0xD0, 0xF4,
    0xE0, 0x03, 0x66, 0xC0, 0x90, 0xE5, 0xA5, 0xC0, 0x28, 0xA4, 0xC3, 0xA6,
    0xEC, 0x48, 0x18, 0x65, 0xDC, 0x85, 0xDC, 0x68, 0x8D, 0x1F, 0x80, 0x60,
    0xA9, 0x02, 0x20, 0xFB, 0xFE, 0x4C, 0xBE, 0xA0, 0xA9, 0x03, 0x20, 0xFB,
    0xFE, 0x4C, 0x8C, 0xA0, 0x20, 0xEE, 0xFB, 0x4C, 0x1E, 0xAE, 0x20, 0x7C,
    0xFC, 0x4C, 0x1E, 0xAE, 0x68, 0x28, 0x8D, 0x1F, 0x80, 0x60, 0xA5, 0x16,
    0x05, 0x25, 0xF0, 0x03, 0x4C, 0x89, 0xC5, 0x68, 0x68, 0x68, 0x8D, 0x21,
    0x03, 0x4C, 0x96, 0xA8, 0x20, 0xE4, 0xC4, 0xA9, 0x00, 0x85, 0x90, 0xA9,
    0x80, 0x85, 0x91, 0xA9, 0x02, 0x20, 0xFB, 0xFE, 0xA0, 0x00, 0xB1, 0x90,
    0x49, 0x00, 0x30, 0x02, 0x49, 0x60, 0x38, 0xE9, 0x20, 0x20, 0xFB, 0xFE,
    0xC8, 0xC0, 0x20, 0xD0, 0xED, 0x98, 0x18, 0x65, 0x90, 0x85, 0x90, 0x90,
    0x02, 0xE6, 0x91, 0x20, 0x9E, 0xA0, 0xA5, 0x91, 0xC9, 0x82, 0xD0, 0xD8,
    0xA9, 0x03, 0x4C, 0xFB, 0xFE, 0xA9, 0x02, 0x20, 0xFB, 0xFE, 0xAD, 0x08,
    0x02, 0x48, 0xAD, 0x09, 0x02, 0x48, 0xA9, 0xFB, 0x8D, 0x08, 0x02, 0xA9,
    0xFE, 0x8D, 0x09, 0x02, 0x4C, 0x56, 0xA7, 0x8D, 0x08, 0x02, 0xA9, 0xFE,
    0x8D, 0x09, 0x02, 0x20, 0x90, 0xAC, 0xA2, 0x08, 0xA0, 0x00, 0xA5, 0x80,
    0xD0, 0x03, 0x20, 0x7B, 0xA2, 0x85, 0x54, 0xA0, 0xFF, 0xA5, 0x53, 0x20,
    0x02, 0xF8, 0xA5, 0x52, 0x20, 0x02, 0xF8, 0x20, 0xFD, 0xF7, 0xC8, 0xB1,
    0x52, 0xC4, 0x54, 0x90, 0xF3, 0xA0, 0x00, 0xA5, 0x80, 0xF0, 0x12, 0x20,
    0xFD, 0xF7, 0xB1, 0x52, 0xC9, 0x7F, 0x90, 0x02, 0xA9, 0x2E, 0xC9, 0x20,
    0x90, 0xFA, 0x20, 0x52, 0xFE, 0xE6, 0x52, 0xD0, 0x02, 0xE6, 0x53, 0xC6,
    0x54, 0xD0, 0xE0, 0x20, 0x90, 0xAC, 0xCA, 0xD0, 0xB7, 0x20, 0x71, 0xFE,
    0xC0, 0x00, 0xF0, 0xAB, 0xC0, 0x1A, 0xB0, 0xF5, 0x4C, 0x3F, 0xA7, 0x20,
    0xD1, 0xF7, 0x4B, 0x49, 0x54, 0x0D, 0x0A, 0x20, 0x20, 0x20, 0x20, 0x20,
    0xEA, 0x4C, 0xCD, 0xA1, 0xA9, 0x01, 0xD0, 0x02, 0xA9, 0x00, 0x20, 0x62,
    0xAD, 0x20, 0xD1, 0xF7, 0x0C, 0x50, 0x52, 0x4F, 0x47, 0x52, 0x41, 0x4D,
    0x4D, 0x45, 0x52, 0x27, 0x53, 0x20, 0x54, 0x4F, 0x4F, 0x4C, 0xD0, 0xCF,
    0xA7, 0xA2, 0xAA, 0xAA, 0xAA, 0xAC, 0xAC, 0xA3, 0xA2, 0xA2, 0xA3, 0xA3,
    0xA6, 0xA3, 0xA4, 0xAB, 0xAB, 0xAD, 0xAE, 0xAC, 0xA2, 0xAC, 0xA8, 0xA8,
    0xAB, 0xA9, 0xA9, 0xA9, 0xA9, 0x87, 0xAB, 0x35, 0x00, 0x0B, 0x0C, 0x7C,
    0x0E, 0xF3, 0xFC, 0x05, 0xBD, 0xC6, 0x6D, 0xC0, 0x28, 0x5B, 0x4D, 0x34,
    0xB9, 0x9C, 0xC8, 0xF7, 0xF3, 0xC7, 0x9D, 0x17, 0xF0, 0xD8, 0xFF, 0x7F,
    0xC5, 0x49, 0x58, 0x7F, 0xC4, 0xD2, 0x4C, 0x45, 0x7F, 0xC4, 0xD3, 0xC4,
    0xCB, 0x45, 0x44, 0x7F, 0xD8, 0xC4, 0x4B, 0x4E, 0x49, 0x7F, 0xD1, 0xCE,
    0xD2, 0xD1, 0x55, 0x43, 0x7F, 0xD7, 0xC4, 0x48, 0x49, 0x7F, 0xD7, 0xC4,
    0x48, 0x7F, 0xCE, 0xD1, 0x45, 0x5A, 0x7F, 0xCF, 0x4F, 0x50, 0x7F, 0xD1,
    0xCE, 0xD1, 0xD1, 0xC4, 0x9F, 0x4E, 0x4F, 0x7F, 0xCF, 0xCC, 0x55, 0x44,
    0x7F, 0xD1, 0xCE, 0xD3, 0x43, 0x45, 0x56, 0x7F, 0xCF, 0xC4, 0x45, 0x42,
    0x7F, 0xCF, 0xCE, 0x54, 0x53, 0x7F, 0xD1, 0xC4, 0xC1, 0xCC, 0xD4, 0x4E,
    0x45, 0x52, 0x7F, 0xCE, 0xD3, 0x55, 0x41, 0x7F, 0xD1, 0xC0, 0x56, 0x4C,
    0x7F, 0xD1, 0xC0, 0x56, 0x7F, 0xC5, 0xC5, 0x4F, 0x7F, 0xCF, 0xC4, 0xD3,
    0x53, 0x7F, 0xC4, 0xC2, 0xC0, 0xD1, 0x54, 0x4C, 0x7F, 0xC4, 0xC2, 0xC0,
    0x52, 0x54, 0x7F, 0xC4, 0xCB, 0xC8, 0xC7, 0xD6, 0x44, 0x4E, 0x45, 0x7F,
    0xC4, 0xCB, 0xC8, 0xC7, 0x57, 0x7F, 0xC4, 0xD1, 0xCE, 0xD3, 0x53, 0x45,
    0x52, 0x7F, 0xC0, 0xD3, 0x41, 0x44, 0x7F, 0x44, 0x41, 0x45, 0x52, 0x7F,
    0x59, 0x45, 0x4B, 0x7F, 0xC3, 0xCD, 0x49, 0x46, 0x3C, 0x3D, 0x3E, 0xFE,
    0x2D, 0x2B, 0xC8, 0x23, 0x28, 0x21, 0x3F, 0x52, 0x54, 0x4C, 0x43, 0x41,
    0x50, 0x45, 0x47, 0x42, 0x46, 0xF0, 0x54, 0xFF, 0x4F, 0xCB, 0x53, 0xCB,
    0x54, 0x45, 0x50, 0xCB, 0x54, 0xC3, 0x48, 0x45, 0x4E, 0xC3, 0x22, 0x24,
    0xCE, 0xCE, 0xCC, 0x24, 0x2C, 0xC5, 0x24, 0x26, 0x3B, 0x0D, 0x2C, 0xC3,
    0xC5, 0xC2, 0x3E, 0xC7, 0x3D, 0xC7, 0xC7, 0xC7, 0x3D, 0xC7, 0xC7, 0xC8,
    0x52, 0xC7, 0xC7, 0x4F, 0x41, 0xFE, 0x24, 0xC7, 0x48, 0xC9, 0x45, 0x4E,
    0xC9, 0x4E, 0x44, 0xC7, 0xC9, 0xC9, 0xC9, 0xC9, 0x4E, 0x44, 0xC9, 0x4F,
    0x50, 0xC9, 0x4F, 0x55, 0x4E, 0x54, 0xC9, 0x42, 0x53, 0xC9, 0x54, 0x52,
    0xCF, 0x58, 0x54, 0xCF, 0x45, 0x54, 0xCF, 0x47, 0x45, 0x54, 0xCF, 0x49,
    0x4E, 0xCF, 0x4F, 0x55, 0x54, 0xCF, 0xC3, 0xC3, 0x52, 0x49, 0x4E, 0x54,
    0xC3, 0x4E, 0x4C, 0x55, 0x4E, 0x49, 0x47, 0x52, 0x46, 0x21, 0x3F, 0x24,
    0x50, 0x44, 0x4C, 0x53, 0x42, 0x2A, 0x45, 0xF0, 0x41, 0x56, 0x45, 0xCF,
    0x45, 0x57, 0xC2, 0x4F, 0xCC, 0x45, 0x54, 0xC3, 0x49, 0x4E, 0x4B, 0xC3,
    0x49, 0x53, 0x54, 0xCA, 0x4F, 0x41, 0x44, 0xCE, 0x4E, 0x54, 0x49, 0x4C,
    0xCC, 0x45, 0x58, 0x54, 0xCA, 0x46, 0xC5, 0x4E, 0x50, 0x55, 0x54, 0xCC,
    0x4F, 0x53, 0x55, 0x42, 0xCB, 0x4F, 0x54, 0x4F, 0xCC, 0x45, 0x54, 0x55,
    0x52, 0x4E, 0xCB, 0x45, 0x4D, 0xC5, 0x55, 0x4E, 0xF1, 0x4F, 0x52, 0xCB,
    0x4E, 0x44, 0xCD, 0x47, 0x45, 0x54, 0xCF, 0x50, 0x55, 0x54, 0xCF, 0x48,
    0x55, 0x54, 0xCF, 0x50, 0x55, 0x54, 0xCF, 0x54, 0x52, 0xCF, 0x55, 0x54,
    0xCF, 0xC3, 0xC4, 0xCD, 0xC4, 0x2C, 0xFE, 0x36, 0x3B, 0x3C, 0xC0, 0x3F,
    0x06, 0xDC, 0x50, 0x51, 0x52, 0x53, 0x54, 0x57, 0x4A, 0x5A, 0x5F, 0x62,
    0x65, 0x68, 0x6B, 0x6F, 0x2E, 0x18, 0xAC, 0x17, 0x81, 0x1C, 0xBE, 0x17,
    0x17, 0x17, 0xA2, 0x22, 0x1B, 0x17, 0x17, 0x17, 0x1B, 0x29, 0x28, 0xB6,
    0xBF, 0xB6, 0x2A, 0xB7, 0x58, 0x76, 0x77, 0x34, 0x34, 0x7C, 0x3F, 0x4A,
    0x78, 0x38, 0x6D, 0x3A, 0x64, 0x74, 0x5B, 0x3E, 0x7B, 0x82, 0xC1, 0x45,
    0x22, 0x31, 0x40, 0x4D, 0x4D, 0x42, 0x53, 0x15, 0xD2, 0x15, 0x15, 0xBD,
    0x45, 0x45, 0x14, 0x0A, 0x44, 0x5F, 0x4C, 0x15, 0x15, 0x86, 0x15, 0x15,
    0x73, 0x48, 0x15, 0x15, 0x15, 0x7A, 0x15, 0x15, 0x02, 0x15, 0x15, 0x29,
    0x15, 0x15, 0x28, 0x15, 0x15, 0x66, 0x15, 0x15, 0x15, 0x5B, 0x72, 0x15,
    0xA6, 0x15, 0x15, 0x15, 0xA7, 0x90, 0x35, 0xE3, 0x8F, 0x8F, 0x8F, 0x34,
    0x94, 0xA0, 0xA8, 0xAD, 0xB1, 0xBD, 0xC1, 0xCD, 0xE9, 0xEA, 0xEB, 0x78,
    0x97, 0x99, 0xD3, 0xDF, 0xEC, 0xD0, 0x4B, 0x8F, 0x8F, 0x8F, 0x0A, 0x8F,
    0xAD, 0xAD, 0x8F, 0xF0, 0x9C, 0x8F, 0x25, 0x8F, 0x8F, 0x8F, 0xB2, 0xA4,
    0x9C, 0x8F, 0x51, 0x99, 0x8F, 0x8F, 0xED, 0x8F, 0x8F, 0x8F, 0x8F, 0xD2,
    0x8F, 0x8F, 0x8F, 0xCD, 0xB3, 0x66, 0x8F, 0x8F, 0x8F, 0x8F, 0x81, 0x8F,
    0x8F, 0x8F, 0x8F, 0xD2, 0x8F, 0xB8, 0x8F, 0x05, 0xCA, 0xC7, 0x8F, 0x8F,
    0x8F, 0xEC, 0x8F, 0x8F, 0x75, 0x8F, 0x8F, 0x41, 0x8F, 0x8F, 0x57, 0x8F,
    0x8F, 0x98, 0xD7, 0x8F, 0x8F, 0xE3, 0xDB, 0x8F, 0x8F, 0xC5, 0x90, 0x8F,
    0x8F, 0xB6, 0x8F, 0x8F, 0x8F, 0x8F, 0xE6, 0x8F, 0x47, 0x8F, 0x8F, 0x95,
    0xEE, 0x06, 0x5C, 0x0F, 0x35, 0x2D, 0x2B, 0x7C, 0x3A, 0xFE, 0x2A, 0x2F,
    0x25, 0x21, 0x3F, 0x26, 0xFE, 0x29, 0xFF, 0x3D, 0xFF, 0x21, 0x3F, 0x24,
    0xFF, 0x3D, 0x21, 0x3F, 0xFF, 0x27, 0x22, 0xFE, 0xB7, 0x9A, 0xD3, 0xEF,
    0xEF, 0x13, 0x5E, 0x70, 0xB3, 0x9C, 0x7B, 0x7B, 0x78, 0x78, 0x78, 0x78,
    0xEE, 0x06, 0x5C, 0x5C, 0xE5, 0x75, 0x7B, 0x7B, 0x6F, 0x7A, 0xC7, 0xC7,
    0xC7, 0xC7, 0xC7, 0xC8, 0xC8, 0xC8, 0xC8, 0xC8, 0xC8, 0xC8, 0xC2, 0xC2,
    0xC2, 0xC2, 0xC3, 0xC4, 0xCD, 0xCD, 0xC3, 0xCD, 0xCD, 0xCD, 0xC3, 0xC3,
    0x20, 0x3E, 0xCF, 0x84, 0x0F, 0xA2, 0xED, 0xA4, 0x03, 0x88, 0xC8, 0xB1,
    0x05, 0xC9, 0x20, 0xF0, 0xF9, 0x84, 0x5E, 0x85, 0x52, 0xE8, 0xBD, 0xFF,
    0xBF, 0x30, 0x24, 0xC5, 0x52, 0xD0, 0xF6, 0xBD, 0xEE, 0xC0, 0xAA, 0xE8,
    0xC8, 0xBD, 0xFF, 0xBF, 0x30, 0x15, 0xD1, 0x05, 0xF0, 0xF5, 0xB1, 0x05,
    0xC9, 0x2E, 0xF0, 0x04, 0xA4, 0x5E, 0x10, 0xE7, 0xE8, 0xBD, 0xFF, 0xBF,
    0x10, 0xFA, 0xC8, 0xC9, 0xFE, 0xB0, 0x3B, 0x85, 0x53, 0xBD, 0xEE, 0xC0,
    0x90, 0x29, 0xA6, 0x04, 0x60, 0xA2, 0x0E, 0xA4, 0x03, 0x88, 0xC8, 0xB1,
    0x05, 0xC9, 0x20, 0xF0, 0xF9, 0xDD, 0xDD, 0xC1, 0xF0, 0x0C, 0x85, 0x52,
    0xE8, 0xBD, 0xDD, 0xC1, 0x30, 0x16, 0xC5, 0x52, 0xD0, 0xF6, 0xBD, 0x12,
    0xC2, 0x85, 0x53, 0xBD, 0xF8, 0xC1, 0xC8, 0x85, 0x52, 0x84, 0x03, 0xA6,
    0x04, 0x6C, 0x52, 0x00, 0xC9, 0xFE, 0xF0, 0xCA, 0x00, 0x20, 0xE4, 0xC4,
    0xD0, 0x04, 0xA9, 0x29, 0x85, 0x12, 0xA9, 0x0D, 0xA4, 0x12, 0x84, 0x0E,
    0xA0, 0x00, 0x84, 0x0D, 0x91, 0x0D, 0xA9, 0xFF, 0xC8, 0x91, 0x0D, 0xC8,
    0x84, 0x0D, 0xA9, 0x08, 0x8D, 0x21, 0x03, 0xA9, 0x3E, 0xD8, 0x20, 0x0F,
    0xCD, 0xA2, 0x01, 0x86, 0x06, 0xCA, 0x86, 0x05, 0x86, 0x01, 0x86, 0x02,
    0xA9, 0xD8, 0x8D, 0x02, 0x02, 0xA9, 0xC9, 0x8D, 0x03, 0x02, 0xA9, 0xE7,
    0x85, 0x10, 0xA9, 0xC9, 0x85, 0x11, 0xA2, 0xFF, 0x9A, 0xA9, 0x00, 0x85,
    0x04, 0x85, 0x03, 0x85, 0x15, 0x85, 0x13, 0x85, 0x14, 0xA2, 0x34, 0x9D,
    0x8C, 0x03, 0xCA, 0xD0, 0xFA, 0x20, 0x34, 0xC4, 0xB0, 0x21, 0x20, 0x6A,
    0xC4, 0x90, 0x03, 0x4C, 0xC9, 0xCD, 0xA2, 0x7D, 0x4C, 0x33, 0xC2, 0x20,
    0x34, 0xC4, 0xB0, 0x0F, 0xA2, 0x7F, 0x4C, 0x33, 0xC2, 0x20, 0x34, 0xC4,
    0xB0, 0x05, 0xA2, 0x10, 0x4C, 0x7B, 0xC2, 0xA2, 0x14, 0x4C, 0x7B, 0xC2,
    0x38, 0x66, 0x0F, 0x20, 0x72, 0xC3, 0xA2, 0x2E, 0x4C, 0x33, 0xC2, 0x20,
    0x8B, 0xC7, 0x20, 0xCB, 0xC3, 0xA5, 0x0F, 0x30, 0x21, 0xA2, 0x00, 0x86,
    0x27, 0xA0, 0x00, 0xB9, 0x52, 0x00, 0x48, 0x29, 0x0F, 0x95, 0x45, 0x68,
    0x4A, 0x4A, 0x4A, 0x4A, 0xE8, 0x95, 0x45, 0xE8, 0xC8, 0xC0, 0x04, 0x90,
    0xEA, 0x20, 0xC8, 0xC5, 0x30, 0xCD, 0x20, 0x89, 0xC5, 0x30, 0xC8, 0x20,
    0x54, 0xCD, 0xA2, 0x18, 0x4C, 0x7B, 0xC2, 0x20, 0x4C, 0xCA, 0xB1, 0x05,
    0xC8, 0xC9, 0x0D, 0xF0, 0x1C, 0x84, 0x03, 0xC9, 0x22, 0xD0, 0xF0, 0xB1,
    0x05, 0xC9, 0x22, 0xD0, 0xE5, 0xC8, 0xB0, 0xE7, 0x20, 0x8B, 0xC7, 0x20,
    0xCB, 0xC3, 0x05, 0x54, 0x05, 0x53, 0xF0, 0x0E, 0xA0, 0x00, 0xB1, 0x52,
    0xC9, 0x0D, 0xF0, 0x93, 0x20, 0x4C, 0xCA, 0xC8, 0xD0, 0xF4, 0xA5, 0x52,
    0x20, 0x4C, 0xCA, 0x4C, 0x37, 0xC3, 0x20, 0xC8, 0xC3, 0x20, 0xE4, 0xC4,
    0xAD, 0x22, 0x03, 0xAE, 0x39, 0x03, 0xAC, 0x3A, 0x03, 0x20, 0xA5, 0xC2,
    0xD8, 0x4C, 0x5B, 0xC5, 0x20, 0xBC, 0xC8, 0xA0, 0x52, 0xCA, 0x86, 0x04,
    0xB5, 0x16, 0x99, 0x00, 0x00, 0xB5, 0x25, 0x99, 0x01, 0x00, 0xB5, 0x34,
    0x99, 0x02, 0x00, 0xB5, 0x43, 0x99, 0x03, 0x00, 0x60, 0x20, 0xE1, 0xC4,
    0x20, 0x2F, 0xCA, 0x4C, 0x5B, 0xC5, 0x20, 0xBC, 0xC8, 0x20, 0x93, 0xCE,
    0xB5, 0x26, 0xC8, 0x91, 0x52, 0xC8, 0xB5, 0x35, 0x91, 0x52, 0xC8, 0xB5,
    0x44, 0x91, 0x52, 0x4C, 0x5B, 0xC5, 0x20, 0xBC, 0xC8, 0x20, 0x93, 0xCE,
    0x4C, 0x5B, 0xC5, 0xA2, 0x00, 0xB1, 0x05, 0x9D, 0x00, 0x01, 0x84, 0x03,
    0xC8, 0xE8, 0xC9, 0x0D, 0xD0, 0xF3, 0x20, 0xF7, 0xFF, 0x4C, 0x58, 0xC5,
    0xAD, 0x00, 0xD0, 0xC9, 0xAA, 0xD0, 0x38, 0x4A, 0xCD, 0x01, 0xD0, 0xD0,
    0x32, 0xA4, 0x5E, 0x60, 0xA4, 0x03, 0x10, 0x03, 0xC8, 0x84, 0x03, 0xB1,
    0x05, 0xC9, 0x20, 0xF0, 0xF7, 0xC9, 0x5B, 0xB0, 0x1E, 0xE9, 0x3F, 0x90,
    0x1B, 0xA6, 0x04, 0x95, 0x16, 0xC8, 0xB1, 0x05, 0xC9, 0x2E, 0xF0, 0x0F,
    0xC9, 0x5B, 0xB0, 0x04, 0xC9, 0x40, 0xB0, 0x07, 0xE8, 0x86, 0x04, 0x38,
    0x84, 0x03, 0x60, 0x18, 0x60, 0x20, 0x34, 0xC4, 0xB0, 0xBB, 0xA2, 0x00,
    0xA4, 0x03, 0x86, 0x52, 0x86, 0x53, 0x86, 0x54, 0x86, 0x55, 0x88, 0xC8,
    0xB1, 0x05, 0x38, 0xE9, 0x30, 0x30, 0x54, 0xC9, 0x0A, 0xB0, 0x50, 0xA6,
    0x53, 0x48, 0xA5, 0x55, 0x48, 0xA5, 0x54, 0x48, 0xA5, 0x52, 0x0A, 0x26,
    0x53, 0x26, 0x54, 0x26, 0x55, 0x30, 0xD4, 0x0A, 0x26, 0x53, 0x26, 0x54,
    0x26, 0x55, 0x30, 0xCB, 0x65, 0x52, 0x85, 0x52, 0x8A, 0x65, 0x53, 0x85,
    0x53, 0x68, 0x65, 0x54, 0x85, 0x54, 0x68, 0x65, 0x55, 0x06, 0x52, 0x26,
    0x53, 0x26, 0x54, 0x2A, 0x30, 0xB1, 0x85, 0x55, 0x68, 0x65, 0x52, 0x85,
    0x52, 0x90, 0x0C, 0xE6, 0x53, 0xD0, 0x08, 0xE6, 0x54, 0xD0, 0x04, 0xE6,
    0x55, 0x30, 0x9C, 0xA2, 0xFF, 0xD0, 0xA4, 0x8A, 0xF0, 0x8D, 0x38, 0x84,
    0x03, 0xA0, 0x52, 0x4C, 0x9F, 0xC9, 0x20, 0x79, 0xC2, 0x20, 0x8B, 0xC7,
    0xA4, 0x03, 0x88, 0xC8, 0xB1, 0x05, 0xC9, 0x20, 0xF0, 0xF9, 0xC9, 0x3B,
    0xF0, 0x04, 0xC9, 0x0D, 0xD0, 0x66, 0x18, 0x98, 0x65, 0x05, 0x85, 0x05,
    0x90, 0x02, 0xE6, 0x06, 0xA0, 0x01, 0x84, 0x03, 0xAD, 0x01, 0xB0, 0x29,
    0x20, 0xF0, 0x3C, 0x60, 0x20, 0xE4, 0xC4, 0x88, 0xB1, 0x05, 0xC9, 0x3B,
    0xF0, 0xF5, 0xA5, 0x06, 0xC9, 0x01, 0xF0, 0x7A, 0xC8, 0xB1, 0x05, 0x30,
    0x3B, 0x85, 0x02, 0xC8, 0xB1, 0x05, 0x85, 0x01, 0xC8, 0xB1, 0x05, 0x88,
    0xC9, 0x61, 0x90, 0xC7, 0xE9, 0x61, 0xC9, 0x1B, 0xB0, 0xC0, 0xC8, 0x0A,
    0xAA, 0x20, 0xF6, 0xC4, 0xA5, 0x05, 0x9D, 0x8D, 0x03, 0xA5, 0x06, 0x9D,
    0x8E, 0x03, 0x60, 0x4C, 0xCF, 0xC2, 0x88, 0x20, 0xF6, 0xC4, 0xD0, 0x0B,
    0x20, 0x24, 0xC4, 0x90, 0x03, 0x6C, 0x02, 0xD0, 0x20, 0xE4, 0xC4, 0xA0,
    0x00, 0xB1, 0x05, 0xC9, 0x3B, 0xD0, 0x1A, 0x4C, 0x1B, 0xC3, 0x20, 0x0C,
    0xC7, 0xCA, 0x86, 0x04, 0xB5, 0x16, 0xF0, 0x05, 0xA2, 0x20, 0x4C, 0x33,
    0xC2, 0xA9, 0x0D, 0x88, 0xC8, 0xD1, 0x05, 0xD0, 0xFB, 0xA5, 0x06, 0xC9,
    0x01, 0xF0, 0xC4, 0x20, 0x1C, 0xC5, 0x4C, 0x1B, 0xC3, 0xA5, 0x43, 0x85,
    0x27, 0x10, 0x04, 0xE8, 0x20, 0xC4, 0xC8, 0xA2, 0x09, 0xA9, 0x00, 0x95,
    0x45, 0x38, 0xA5, 0x16, 0xFD, 0x08, 0xC6, 0x48, 0xA5, 0x25, 0xFD, 0x10,
    0xC6, 0x48, 0xA5, 0x34, 0xFD, 0x1A, 0xC6, 0xA8, 0xA5, 0x43, 0xFD, 0x24,
    0xC6, 0x90, 0x0E, 0x85, 0x43, 0x84, 0x34, 0x68, 0x85, 0x25, 0x68, 0x85,
    0x16, 0xF6, 0x45, 0xD0, 0xD8, 0x68, 0x68, 0xCA, 0x10, 0xCF, 0xA2, 0x0A,
    0xCA, 0xF0, 0x04, 0xB5, 0x45, 0xF0, 0xF9, 0x86, 0x52, 0x24, 0x27, 0x10,
    0x02, 0xE6, 0x52, 0x38, 0xAD, 0x21, 0x03, 0xF0, 0x02, 0xE9, 0x01, 0xE5,
    0x52, 0xF0, 0x0B, 0x90, 0x09, 0xA8, 0xA9, 0x20, 0x20, 0x4C, 0xCA, 0x88,
    0xD0, 0xF8, 0x24, 0x27, 0x10, 0x05, 0xA9, 0x2D, 0x20, 0x4C, 0xCA, 0xB5,
    0x45, 0xC9, 0x0A, 0x90, 0x02, 0x69, 0x06, 0x69, 0x30, 0x20, 0x4C, 0xCA,
    0xCA, 0x10, 0xF0, 0x60, 0x01, 0x0A, 0x64, 0xE8, 0x10, 0xA0, 0x40, 0x80,
    0x00, 0x00, 0x00, 0x03, 0x27, 0x86, 0x42, 0x96, 0xE1, 0xCA, 0x00, 0x00,
    0x00, 0x00, 0x00, 0x01, 0x0F, 0x98, 0xF5, 0x9A, 0x00, 0x00, 0x00, 0x00,
    0x00, 0x00, 0x00, 0x00, 0x05, 0x3B, 0xC6, 0x04, 0xA6, 0x04, 0xA0, 0x00,
    0x84, 0x58, 0xA5, 0x12, 0x85, 0x59, 0x88, 0xA9, 0x0D, 0xC8, 0xD1, 0x58,
    0xD0, 0xFB, 0x20, 0xA1, 0xCE, 0xB1, 0x58, 0xC8, 0xD5, 0x25, 0x90, 0xEF,
    0xD0, 0x12, 0xB1, 0x58, 0xD5, 0x16, 0x90, 0xE7, 0xD0, 0x0A, 0x85, 0x01,
    0xB5, 0x25, 0x85, 0x02, 0x20, 0xA1, 0xCE, 0x18, 0x60, 0x20, 0xBC, 0xC8,
    0xB5, 0x42, 0x55, 0x41, 0x85, 0x52, 0x20, 0x05, 0xC9, 0xA0, 0x53, 0x20,
    0xCD, 0xC3, 0xB5, 0x42, 0x95, 0x43, 0x20, 0x07, 0xC9, 0xA0, 0x57, 0x20,
    0xCD, 0xC3, 0xA0, 0x00, 0x84, 0x5B, 0x84, 0x5C, 0x84, 0x5D, 0x84, 0x5E,
    0x60, 0x20, 0x61, 0xC6, 0xA5, 0x54, 0x20, 0x05, 0xC7, 0xF0, 0xEC, 0xA0,
    0x20, 0x88, 0xF0, 0x41, 0x06, 0x57, 0x26, 0x58, 0x26, 0x59, 0x26, 0x5A,
    0x10, 0xF3, 0x26, 0x57, 0x26, 0x58, 0x26, 0x59, 0x26, 0x5A, 0x26, 0x5B,
    0x26, 0x5C, 0x26, 0x5D, 0x26, 0x5E, 0x38, 0xA5, 0x5B, 0xE5, 0x53, 0x48,
    0xA5, 0x5C, 0xE5, 0x54, 0x48, 0xA5, 0x5D, 0xE5, 0x55, 0xAA, 0xA5, 0x5E,
    0xE5, 0x56, 0x90, 0x0C, 0x85, 0x5E, 0x86, 0x5D, 0x68, 0x85, 0x5C, 0x68,
    0x85, 0x5B, 0xB0, 0x02, 0x68, 0x68, 0x88, 0xD0, 0xC9, 0x60, 0x20, 0x8B,
    0xC7, 0xCA, 0x86, 0x04, 0xB5, 0x42, 0x49, 0x80, 0x85, 0x52, 0xB5, 0x43,
    0x49, 0x80, 0x85, 0x54, 0xA0, 0x00, 0x38, 0xB5, 0x15, 0xF5, 0x16, 0x85,
    0x53, 0xB5, 0x24, 0xF5, 0x25, 0x85, 0x55, 0xB5, 0x33, 0xF5, 0x34, 0x85,
    0x56, 0xA5, 0x52, 0xE5, 0x54, 0x05, 0x53, 0x05, 0x55, 0x05, 0x56, 0x60,
    0x20, 0x2C, 0xC7, 0xA2, 0x43, 0x4C, 0x33, 0xC2, 0x20, 0x2C, 0xC7, 0xB5,
    0x14, 0x35, 0x15, 0x95, 0x14, 0xC6, 0x04, 0x4C, 0x0F, 0xC7, 0x20, 0x2C,
    0xC7, 0xB5, 0x14, 0x15, 0x15, 0x4C, 0x1B, 0xC7, 0xA2, 0x46, 0x4C, 0x33,
    0xC2, 0x20, 0x8B, 0xC7, 0x20, 0xAE, 0xCE, 0xB5, 0x15, 0x85, 0x54, 0xB5,
    0x24, 0x85, 0x55, 0xA0, 0xFF, 0xC8, 0xB1, 0x54, 0xD1, 0x52, 0xD0, 0x07,
    0x49, 0x0D, 0xD0, 0xF5, 0xA8, 0xF0, 0x11, 0xA0, 0x00, 0xF0, 0x0E, 0x20,
    0x8B, 0xC7, 0xA2, 0x00, 0x4C, 0x33, 0xC2, 0x20, 0xDA, 0xC6, 0xD0, 0x01,
    0xC8, 0x94, 0x15, 0x60, 0x20, 0xDA, 0xC6, 0xF0, 0xF7, 0x90, 0xF5, 0xB0,
    0xF4, 0x20, 0xDA, 0xC6, 0xD0, 0xEE, 0xF0, 0xED, 0x20, 0xDA, 0xC6, 0x90,
    0xE7, 0xB0, 0xE6, 0x20, 0xDA, 0xC6, 0xB0, 0xE0, 0x90, 0xDF, 0x20, 0xDA,
    0xC6, 0xF0, 0xDA, 0xB0, 0xD7, 0x90, 0xD6, 0x20, 0x0B, 0xC8, 0x4C, 0x95,
    0xC7, 0x95, 0x41, 0xC6, 0x04, 0xA2, 0x00, 0x4C, 0x7B, 0xC2, 0x20, 0x0B,
    0xC8, 0x18, 0xB5, 0x14, 0x75, 0x15, 0x95, 0x14, 0xB5, 0x23, 0x75, 0x24,
    0x95, 0x23, 0xB5, 0x32, 0x75, 0x33, 0x95, 0x32, 0xB5, 0x41, 0x75, 0x42,
    0x4C, 0x91, 0xC7, 0x20, 0x0B, 0xC8, 0xB5, 0x14, 0xF5, 0x15, 0x95, 0x14,
    0xB5, 0x23, 0xF5, 0x24, 0x95, 0x23, 0xB5, 0x32, 0xF5, 0x33, 0x95, 0x32,
    0xB5, 0x41, 0xF5, 0x42, 0x4C, 0x91, 0xC7, 0x20, 0x0B, 0xC8, 0xB5, 0x14,
    0x15, 0x15, 0x95, 0x14, 0xB5, 0x23, 0x15, 0x24, 0x95, 0x23, 0xB5, 0x32,
    0x15, 0x33, 0x95, 0x32, 0xB5, 0x41, 0x15, 0x42, 0x4C, 0x91, 0xC7, 0x20,
    0x0B, 0xC8, 0xB5, 0x14, 0x55, 0x15, 0x95, 0x14, 0xB5, 0x23, 0x55, 0x24,
    0x95, 0x23, 0xB5, 0x32, 0x55, 0x33, 0x95, 0x32, 0xB5, 0x41, 0x55, 0x42,
    0x4C, 0x91, 0xC7, 0x20, 0xBC, 0xC8, 0xA2, 0x05, 0x4C, 0x7B, 0xC2, 0x20,
    0x61, 0xC6, 0x46, 0x5A, 0x66, 0x59, 0x66, 0x58, 0x66, 0x57, 0x90, 0x19,
    0x18, 0x98, 0x65, 0x53, 0xA8, 0xA5, 0x5C, 0x65, 0x54, 0x85, 0x5C, 0xA5,
    0x5D, 0x65, 0x55, 0x85, 0x5D, 0xA5, 0x5E, 0x65, 0x56, 0x29, 0x7F, 0x85,
    0x5E, 0x06, 0x53, 0x26, 0x54, 0x26, 0x55, 0x26, 0x56, 0xA5, 0x57, 0x05,
    0x58, 0x05, 0x59, 0x05, 0x5A, 0xD0, 0xCB, 0x84, 0x5B, 0xA5, 0x52, 0x08,
    0xA0, 0x5B, 0x20, 0x9F, 0xC9, 0x28, 0x10, 0x03, 0x20, 0xC4, 0xC8, 0x4C,
    0x0E, 0xC8, 0x20, 0x89, 0xC6, 0x26, 0x57, 0x26, 0x58, 0x26, 0x59, 0x26,
    0x5A, 0x24, 0x52, 0x08, 0xA0, 0x57, 0xD0, 0xE2, 0x20, 0x89, 0xC6, 0xA6,
    0x04, 0xB5, 0x44, 0x08, 0x4C, 0x50, 0xC8, 0x20, 0xBC, 0xC8, 0xCA, 0x86,
    0x04, 0xB5, 0x15, 0x35, 0x16, 0x95, 0x15, 0xB5, 0x24, 0x35, 0x25, 0x95,
    0x24, 0xB5, 0x33, 0x35, 0x34, 0x95, 0x33, 0xB5, 0x42, 0x35, 0x43, 0x95,
    0x42, 0x4C, 0x0E, 0xC8, 0x20, 0xA2, 0xC8, 0x4C, 0x0E, 0xC8, 0x20, 0xBC,
    0xC8, 0x18, 0xB5, 0x15, 0x75, 0x14, 0xA8, 0xB5, 0x24, 0x75, 0x23, 0xCA,
    0x4C, 0x53, 0xC9, 0x20, 0xA2, 0xC8, 0x20, 0x62, 0xC9, 0x4C, 0x0E, 0xC8,
    0xA2, 0x04, 0x4C, 0x33, 0xC2, 0x20, 0xDC, 0xC8, 0x38, 0xA9, 0x00, 0xA8,
    0xF5, 0x15, 0x95, 0x15, 0x98, 0xF5, 0x24, 0x95, 0x24, 0x98, 0xF5, 0x33,
    0x95, 0x33, 0x98, 0xF5, 0x42, 0x95, 0x42, 0x60, 0x20, 0x34, 0xC4, 0x90,
    0x17, 0xB4, 0x15, 0xB9, 0x21, 0x03, 0x95, 0x15, 0xB9, 0x57, 0x03, 0x95,
    0x33, 0xB9, 0x3C, 0x03, 0x95, 0x24, 0xB9, 0x72, 0x03, 0x95, 0x42, 0x60,
    0x20, 0x6A, 0xC4, 0xB0, 0xFA, 0xA2, 0x07, 0x4C, 0x33, 0xC2, 0x20, 0xBC,
    0xC8, 0xB5, 0x42, 0x30, 0xBB, 0x60, 0xA2, 0x00, 0x86, 0x52, 0x86, 0x53,
    0x86, 0x54, 0x86, 0x55, 0x88, 0xC8, 0xB1, 0x05, 0xC9, 0x30, 0x90, 0x22,
    0xC9, 0x3A, 0x90, 0x0A, 0xE9, 0x37, 0xC9, 0x0A, 0x90, 0x18, 0xC9, 0x10,
    0xB0, 0x14, 0x0A, 0x0A, 0x0A, 0x0A, 0xA2, 0x03, 0x0A, 0x26, 0x52, 0x26,
    0x53, 0x26, 0x54, 0x26, 0x55, 0xCA, 0x10, 0xF4, 0x30, 0xD7, 0x8A, 0x10,
    0x18, 0x4C, 0xD6, 0xC4, 0x20, 0x0C, 0xC7, 0xA2, 0x0C, 0x4C, 0x7B, 0xC2,
    0x20, 0xBC, 0xC8, 0xB4, 0x15, 0xB5, 0x24, 0x85, 0x53, 0x84, 0x52, 0xCA,
    0xA0, 0x00, 0xB1, 0x52, 0x4C, 0x7C, 0xC9, 0x20, 0x4C, 0xC9, 0xA0, 0x01,
    0xB1, 0x52, 0x95, 0x24, 0xC8, 0xB1, 0x52, 0x95, 0x33, 0xC8, 0xB1, 0x52,
    0x95, 0x42, 0x60, 0xA0, 0x0D, 0x20, 0xA1, 0xC9, 0xF0, 0x07, 0xA5, 0x07,
    0x20, 0xB3, 0xC9, 0x95, 0x24, 0x95, 0x33, 0x95, 0x42, 0x60, 0xA0, 0x20,
    0xA5, 0x0A, 0x4A, 0x4A, 0x4A, 0x45, 0x0C, 0x6A, 0x26, 0x08, 0x26, 0x09,
    0x26, 0x0A, 0x26, 0x0B, 0x26, 0x0C, 0x88, 0xD0, 0xEB, 0xA0, 0x08, 0xA6,
    0x04, 0xB9, 0x01, 0x00, 0x95, 0x25, 0xB9, 0x02, 0x00, 0x95, 0x34, 0xB9,
    0x03, 0x00, 0x95, 0x43, 0xB9, 0x00, 0x00, 0x95, 0x16, 0xE8, 0x86, 0x04,
    0xA4, 0x03, 0xA9, 0x00, 0x60, 0x20, 0xBC, 0xC8, 0x20, 0xCB, 0xC3, 0xA0,
    0x00, 0xA9, 0x0D, 0xD1, 0x52, 0xF0, 0x03, 0xC8, 0xD0, 0xF9, 0x98, 0x4C,
    0x7C, 0xC9, 0x20, 0xB1, 0xCE, 0x4C, 0x58, 0xC9, 0x68, 0x68, 0x85, 0x00,
    0xA5, 0x10, 0x85, 0x05, 0xA5, 0x11, 0x85, 0x06, 0x4C, 0xF2, 0xC2, 0x40,
    0x3D, 0x31, 0x3B, 0x50, 0x2E, 0x24, 0x36, 0x24, 0x37, 0x27, 0x22, 0x45,
    0x52, 0x52, 0x4F, 0x52, 0x20, 0x22, 0x3F, 0x30, 0x3B, 0x40, 0x3D, 0x38,
    0x3B, 0x49, 0x46, 0x3F, 0x31, 0x7C, 0x3F, 0x32, 0x50, 0x2E, 0x22, 0x20,
    0x4C, 0x49, 0x4E, 0x45, 0x22, 0x21, 0x31, 0x26, 0x20, 0x23, 0x46, 0x46,
    0x46, 0x46, 0x0D, 0x00, 0x00, 0x50, 0x2E, 0x27, 0x3B, 0x45, 0x2E, 0x0D,
    0x20, 0x24, 0xC4, 0x90, 0xF2, 0x6C, 0x04, 0xD0, 0x20, 0x8B, 0xC7, 0xA6,
    0x04, 0xCA, 0xCA, 0x86, 0x04, 0xB4, 0x16, 0xB5, 0x17, 0x99, 0x21, 0x03,
    0xB5, 0x26, 0x99, 0x3C, 0x03, 0xB5, 0x35, 0x99, 0x57, 0x03, 0xB5, 0x44,
    0x99, 0x72, 0x03, 0x60, 0xE6, 0x07, 0x6C, 0x08, 0x02, 0xA9, 0x00, 0x20,
    0x7C, 0xC9, 0xA9, 0xFF, 0x20, 0x7C, 0xC9, 0x85, 0x04, 0xA0, 0x7F, 0x84,
    0x26, 0x20, 0x65, 0xC4, 0x90, 0x52, 0x20, 0x31, 0xC2, 0xB0, 0x58, 0x20,
    0x65, 0xC4, 0xA2, 0x01, 0x86, 0x04, 0x20, 0xE4, 0xC4, 0x20, 0x2E, 0xC6,
    0x90, 0x30, 0x88, 0xB0, 0x21, 0xA9, 0x05, 0x8D, 0x21, 0x03, 0x20, 0x89,
    0xC5, 0xA9, 0x08, 0x8D, 0x21, 0x03, 0xA4, 0x03, 0xB1, 0x58, 0xC9, 0x0D,
    0xF0, 0x06, 0x20, 0x4C, 0xCA, 0xC8, 0xD0, 0xF4, 0x20, 0x54, 0xCD, 0x20,
    0xA1, 0xCE, 0xB1, 0x58, 0x85, 0x25, 0xC8, 0xB1, 0x58, 0x85, 0x16, 0xC8,
    0x84, 0x03, 0xA5, 0x16, 0x18, 0xE5, 0x17, 0xA5, 0x25, 0xE5, 0x26, 0x90,
    0xC8, 0x4C, 0xCF, 0xC2, 0x20, 0x31, 0xC2, 0xE6, 0x04, 0x20, 0x65, 0xC4,
    0x4C, 0x6E, 0xCA, 0xA5, 0x16, 0xA4, 0x25, 0x85, 0x17, 0x84, 0x26, 0xB0,
    0xA1, 0x20, 0x34, 0xC4, 0xA4, 0x15, 0xF0, 0x10, 0x90, 0x0F, 0xC6, 0x04,
    0xB5, 0x15, 0xD9, 0x3F, 0x02, 0xF0, 0x06, 0x88, 0x84, 0x15, 0xD0, 0xF6,
    0x00, 0xBE, 0x3F, 0x02, 0x18, 0xBD, 0x21, 0x03, 0x79, 0x4A, 0x02, 0x9D,
    0x21, 0x03, 0x85, 0x52, 0xBD, 0x3C, 0x03, 0x79, 0x55, 0x02, 0x9D, 0x3C,
    0x03, 0x85, 0x53, 0xBD, 0x57, 0x03, 0x79, 0x60, 0x02, 0x9D, 0x57, 0x03,
    0x85, 0x54, 0xBD, 0x72, 0x03, 0x79, 0x6B, 0x02, 0x9D, 0x72, 0x03, 0xAA,
    0xA5, 0x52, 0x38, 0xF9, 0x76, 0x02, 0x85, 0x52, 0xA5, 0x53, 0xF9, 0x81,
    0x02, 0x85, 0x53, 0xA5, 0x54, 0xF9, 0x8C, 0x02, 0x85, 0x54, 0x8A, 0xF9,
    0x97, 0x02, 0x05, 0x52, 0x05, 0x53, 0x05, 0x54, 0xF0, 0x0F, 0x8A, 0x59,
    0x6B, 0x02, 0x59, 0x97, 0x02, 0x10, 0x04, 0xB0, 0x04, 0x90, 0x0F, 0xB0,
    0x0D, 0xB9, 0xA2, 0x02, 0x85, 0x05, 0xB9, 0xAD, 0x02, 0x85, 0x06, 0x4C,
    0xFF, 0xCB, 0xC6, 0x15, 0x4C, 0x58, 0xC5, 0x20, 0x34, 0xC4, 0x90, 0x11,
    0x20, 0x79, 0xC2, 0x20, 0x2C, 0xCA, 0x98, 0xA4, 0x15, 0xC0, 0x0B, 0xB0,
    0x04, 0x99, 0x40, 0x02, 0xA9, 0x00, 0x99, 0x6C, 0x02, 0x99, 0x61, 0x02,
    0x99, 0x56, 0x02, 0xA9, 0x01, 0x99, 0x4B, 0x02, 0xA2, 0x16, 0x4C, 0x33,
    0xC2, 0x20, 0x8B, 0xC7, 0xA4, 0x15, 0xCA, 0x86, 0x04, 0xB5, 0x16, 0x99,
    0x77, 0x02, 0xB5, 0x25, 0x99, 0x82, 0x02, 0xB5, 0x34, 0x99, 0x8D, 0x02,
    0xB5, 0x43, 0x99, 0x98, 0x02, 0xA2, 0x1A, 0x4C, 0x33, 0xC2, 0x20, 0x8B,
    0xC7, 0xA4, 0x15, 0xCA, 0x86, 0x04, 0xB5, 0x16, 0x99, 0x4B, 0x02, 0xB5,
    0x25, 0x99, 0x56, 0x02, 0xB5, 0x34, 0x99, 0x61, 0x02, 0xB5, 0x43, 0x99,
    0x6C, 0x02, 0x20, 0x0C, 0xC5, 0xA4, 0x15, 0xA5, 0x05, 0x99, 0xA3, 0x02,
    0xA5, 0x06, 0x99, 0xAE, 0x02, 0xE6, 0x15, 0x4C, 0x1B, 0xC3, 0x20, 0x1F,
    0xCC, 0x20, 0x0C, 0xC5, 0xA4, 0x14, 0xC0, 0x0E, 0xB0, 0x22, 0xA5, 0x05,
    0x99, 0xCF, 0x02, 0xA5, 0x06, 0x99, 0xDD, 0x02, 0xE6, 0x14, 0x90, 0x1F,
    0x20, 0xE4, 0xC4, 0xA4, 0x14, 0xF0, 0x2A, 0xC6, 0x14, 0xB9, 0xCE, 0x02,
    0x85, 0x05, 0xB9, 0xDC, 0x02, 0x85, 0x06, 0x20, 0x00, 0xC5, 0x4C, 0x1B,
    0xC3, 0x20, 0x1F, 0xCC, 0x20, 0xE4, 0xC4, 0xA5, 0x57, 0xD0, 0x05, 0x20,
    0x2E, 0xC6, 0xB0, 0x69, 0xA4, 0x58, 0xA5, 0x59, 0x84, 0x05, 0x4C, 0xFD,
    0xCB, 0x00, 0xC8, 0xB1, 0x05, 0xC9, 0x20, 0xF0, 0xF9, 0xC9, 0x61, 0x90,
    0x50, 0x85, 0x57, 0xE9, 0x61, 0xC9, 0x1B, 0xB0, 0x48, 0x0A, 0xAA, 0xBD,
    0x8D, 0x03, 0x85, 0x58, 0x20, 0xF6, 0xC4, 0xBD, 0x8E, 0x03, 0x85, 0x59,
    0x05, 0x58, 0xD0, 0x34, 0xA8, 0xA5, 0x12, 0x85, 0x59, 0x88, 0xA9, 0x0D,
    0xC8, 0xD1, 0x58, 0xD0, 0xFB, 0xC8, 0xB1, 0x58, 0x30, 0x45, 0x85, 0x02,
    0xC8, 0xB1, 0x58, 0x85, 0x01, 0xC8, 0xB1, 0x58, 0x88, 0xC5, 0x57, 0xF0,
    0x06, 0x20, 0xA1, 0xCE, 0x4C, 0x4A, 0xCC, 0x20, 0xA2, 0xCE, 0xA5, 0x58,
    0x9D, 0x8D, 0x03, 0xA5, 0x59, 0x9D, 0x8E, 0x03, 0x60, 0x20, 0xBC, 0xC8,
    0xA9, 0x00, 0x85, 0x57, 0x60, 0x20, 0x72, 0xC3, 0x20, 0x34, 0xC4, 0xB0,
    0x05, 0xA2, 0x2B, 0x4C, 0x33, 0xC2, 0x20, 0x09, 0xCD, 0xA5, 0x05, 0x48,
    0xA5, 0x06, 0x48, 0xA5, 0x03, 0x48, 0xA0, 0x00, 0x84, 0x03, 0xC8, 0x84,
    0x06, 0xA0, 0x40, 0x84, 0x05, 0x20, 0x2C, 0xCA, 0x68, 0x85, 0x03, 0x68,
    0x85, 0x06, 0x68, 0x85, 0x05, 0xA2, 0x2C, 0x4C, 0x33, 0xC2, 0x20, 0x8B,
    0xC7, 0xA0, 0x54, 0x20, 0xCD, 0xC3, 0x20, 0x09, 0xCD, 0xA2, 0x40, 0xA0,
    0x00, 0xBD, 0x00, 0x01, 0x91, 0x54, 0xC9, 0x0D, 0xF0, 0xB3, 0xE8, 0xC8,
    0xD0, 0xF3, 0x20, 0x0C, 0xC7, 0xA4, 0x13, 0xF0, 0xEB, 0xCA, 0x86, 0x04,
    0xB5, 0x16, 0xF0, 0x05, 0xC6, 0x13, 0x4C, 0x58, 0xC5, 0xB9, 0xB8, 0x02,
    0x85, 0x05, 0xB9, 0xC3, 0x02, 0x4C, 0xFD, 0xCB, 0xA6, 0x13, 0xE0, 0x0B,
    0xB0, 0x1A, 0x88, 0x20, 0xF6, 0xC4, 0xA5, 0x05, 0x9D, 0xB9, 0x02, 0xA5,
    0x06, 0x9D, 0xC4, 0x02, 0xE6, 0x13, 0x4C, 0x1B, 0xC3, 0xA9, 0x3F, 0xA0,
    0x40, 0xD0, 0x02, 0xA0, 0x00, 0x20, 0x4C, 0xCA, 0x84, 0x52, 0xA4, 0x52,
    0x20, 0xE6, 0xFF, 0xC9, 0x7F, 0xD0, 0x07, 0x88, 0xC4, 0x52, 0x10, 0xF4,
    0x30, 0xF0, 0xC9, 0x18, 0xD0, 0x06, 0x20, 0x54, 0xCD, 0x4C, 0x16, 0xCD,
    0xC9, 0x1B, 0xD0, 0x03, 0x4C, 0xCF, 0xC2, 0x99, 0x00, 0x01, 0xC9, 0x0D,
    0xF0, 0x19, 0xC8, 0x98, 0x38, 0xE5, 0x52, 0xC9, 0x40, 0x90, 0xD1, 0x20,
    0xE3, 0xFF, 0xC9, 0x7F, 0xD0, 0xF9, 0x20, 0xF4, 0xFF, 0x4C, 0x1F, 0xCD,
    0x20, 0xED, 0xFF, 0xA9, 0x00, 0x85, 0x07, 0x60, 0x20, 0x8B, 0xC7, 0x20,
    0xAE, 0xCE, 0xA0, 0x54, 0x20, 0xCD, 0xC3, 0xA0, 0xFF, 0xC8, 0xB1, 0x52,
    0x91, 0x54, 0xC9, 0x0D, 0xD0, 0xF7, 0x4C, 0x58, 0xC5, 0x20, 0x81, 0xCD,
    0x4C, 0xF1, 0xC3, 0x20, 0x81, 0xCD, 0x4C, 0x09, 0xC4, 0x20, 0xE1, 0xC8,
    0x20, 0xBC, 0xC8, 0xCA, 0x18, 0xB5, 0x16, 0x75, 0x15, 0x95, 0x15, 0xB5,
    0x25, 0x75, 0x24, 0x95, 0x24, 0x86, 0x04, 0x60, 0x20, 0xE4, 0xC4, 0xA5,
    0x12, 0x85, 0x0E, 0xA0, 0x00, 0x84, 0x0D, 0x88, 0xC8, 0xB1, 0x0D, 0xC9,
    0x0D, 0xD0, 0xF9, 0x20, 0xBC, 0xCD, 0xB1, 0x0D, 0x30, 0x03, 0xC8, 0xD0,
    0xEF, 0xC8, 0x20, 0xBC, 0xCD, 0x4C, 0xCF, 0xC2, 0x18, 0x98, 0x65, 0x0D,
    0x85, 0x0D, 0x90, 0x02, 0xE6, 0x0E, 0xA0, 0x01, 0x60, 0x84, 0x56, 0x20,
    0x2E, 0xC6, 0xB0, 0x48, 0xA5, 0x58, 0x85, 0x52, 0xE9, 0x01, 0x85, 0x58,
    0x85, 0x0D, 0xA5, 0x59, 0x85, 0x53, 0xE9, 0x00, 0x85, 0x0E, 0x85, 0x59,
    0xA9, 0x0D, 0xC8, 0xD1, 0x52, 0xD0, 0xFB, 0x18, 0x98, 0x65, 0x52, 0x85,
    0x52, 0x90, 0x02, 0xE6, 0x53, 0xA0, 0x00, 0xB1, 0x52, 0x91, 0x0D, 0xC9,
    0x0D, 0xF0, 0x09, 0xC8, 0xD0, 0xF5, 0xE6, 0x53, 0xE6, 0x0E, 0xD0, 0xEF,
    0xC8, 0xD0, 0x04, 0xE6, 0x53, 0xE6, 0x0E, 0xB1, 0x52, 0x91, 0x0D, 0x10,
    0xEA, 0x20, 0xBD, 0xCD, 0xA0, 0x01, 0x84, 0x57, 0x88, 0xA9, 0x0D, 0xD1,
    0x56, 0xF0, 0x5D, 0xC8, 0xD1, 0x56, 0xD0, 0xFB, 0xC8, 0xC8, 0xA5, 0x0D,
    0x85, 0x54, 0xA5, 0x0E, 0x85, 0x55, 0x20, 0xBD, 0xCD, 0x85, 0x52, 0xA5,
    0x0E, 0x85, 0x53, 0x88, 0xA9, 0x55, 0x91, 0x0D, 0xD1, 0x0D, 0xD0, 0xB2,
    0x0A, 0x91, 0x0D, 0xD1, 0x0D, 0xD0, 0xAB, 0xB1, 0x54, 0x91, 0x52, 0x98,
    0xD0, 0x04, 0xC6, 0x55, 0xC6, 0x53, 0x88, 0x98, 0x65, 0x54, 0xA6, 0x55,
    0x90, 0x01, 0xE8, 0xC5, 0x58, 0x8A, 0xE5, 0x59, 0xB0, 0xE5, 0xA0, 0x01,
    0xA5, 0x25, 0x91, 0x58, 0xC8, 0xA5, 0x16, 0x91, 0x58, 0x38, 0x20, 0xA2,
    0xCE, 0xA0, 0xFF, 0xC8, 0xB1, 0x56, 0x91, 0x58, 0xC9, 0x0D, 0xD0, 0xF7,
    0x4C, 0xCF, 0xC2, 0x20, 0xE4, 0xC4, 0xA0, 0x00, 0x84, 0x05, 0x84, 0x03,
    0xA5, 0x12, 0x85, 0x06, 0x4C, 0x5B, 0xC5, 0x20, 0xDE, 0xC4, 0xCA, 0x20,
    0xCB, 0xC3, 0xA0, 0x00, 0xB5, 0x17, 0x91, 0x52, 0x60, 0x18, 0x98, 0x65,
    0x58, 0x85, 0x58, 0x90, 0x02, 0xE6, 0x59, 0x4C, 0x00, 0xC5, 0x20, 0x79,
    0xC2, 0xA2, 0x26, 0x4C, 0x33, 0xC2, 0x20, 0x8B, 0xC7, 0x20, 0xCB, 0xC3,
    0xA4, 0x03, 0x60, 0x20, 0xF6, 0xC4, 0x84, 0x53, 0x88, 0xA2, 0x00, 0xB1,
    0x05, 0xC9, 0x0D, 0xF0, 0xF9, 0x9D, 0x40, 0x01, 0xE8, 0xC8, 0xC9, 0x22,
    0xD0, 0xF1, 0xB1, 0x05, 0xC9, 0x22, 0xF0, 0x0E, 0xA9, 0x0D, 0x9D, 0x3F,
    0x01, 0x84, 0x03, 0xA9, 0x40, 0x85, 0x52, 0xA6, 0x04, 0x60, 0xC8, 0xB0,
    0xDA, 0x20, 0xFA, 0xCE, 0x88, 0x84, 0x56, 0x38, 0x20, 0xE0, 0xFF, 0x4C,
    0x9B, 0xCD, 0x20, 0xB1, 0xCE, 0x20, 0xE4, 0xC4, 0x88, 0x84, 0x54, 0xA5,
    0x12, 0x85, 0x55, 0xA2, 0x52, 0x60, 0x20, 0xFA, 0xCE, 0x84, 0x58, 0x85,
    0x59, 0xA5, 0x0D, 0x85, 0x5A, 0xA5, 0x0E, 0x85, 0x5B, 0xA9, 0xB2, 0x85,
    0x56, 0xA9, 0xC2, 0x85, 0x57, 0x18, 0x20, 0xDD, 0xFF, 0x4C, 0x5B, 0xC5,
    0x38, 0xA9, 0x00, 0x2A, 0x48, 0x20, 0x3E, 0xCF, 0xA2, 0x52, 0x68, 0x20,
    0xDA, 0xFF, 0xA0, 0x52, 0x20, 0x9F, 0xC9, 0x95, 0x42, 0x60, 0x20, 0xBC,
    0xC8, 0xB4, 0x15, 0xCA, 0x86, 0x04, 0x60, 0x20, 0xBC, 0xC8, 0x20, 0xDE,
    0xC4, 0x20, 0xCB, 0xC3, 0x20, 0x41, 0xCF, 0xA2, 0x52, 0x20, 0xD7, 0xFF,
    0x4C, 0x5B, 0xC5, 0x20, 0x3E, 0xCF, 0x84, 0x52, 0x20, 0xD4, 0xFF, 0x4C,
    0x7C, 0xC9, 0x20, 0x5B, 0xCF, 0xA4, 0x52, 0x20, 0xD4, 0xFF, 0x95, 0x24,
    0x20, 0xD4, 0xFF, 0x95, 0x33, 0x20, 0xD4, 0xFF, 0x95, 0x42, 0x60, 0x20,
    0xBC, 0xC8, 0x20, 0x31, 0xC2, 0x20, 0xE1, 0xC4, 0x20, 0xCB, 0xC3, 0x20,
    0x41, 0xCF, 0xA5, 0x52, 0x6C, 0x16, 0x02, 0x20, 0x7B, 0xCF, 0x4C, 0x5B,
    0xC5, 0x20, 0x7B, 0xCF, 0xA2, 0x01, 0xB5, 0x52, 0x20, 0xD1, 0xFF, 0xE8,
    0xE0, 0x04, 0x90, 0xF6, 0xB0, 0xEC, 0x38, 0x08, 0x20, 0xB1, 0xCE, 0xA2,
    0x52, 0x28, 0x20, 0xCE, 0xFF, 0xA6, 0x04, 0x4C, 0x7C, 0xC9, 0x20, 0xBC,
    0xC8, 0x20, 0xE4, 0xC4, 0x20, 0x41, 0xCF, 0x20, 0xCB, 0xFF, 0x4C, 0x5B,
    0xC5, 0x20, 0x2C, 0xC2, 0x20, 0xB1, 0xCE, 0x20, 0xE4, 0xC4, 0x88, 0xB1,
    0x52, 0x84, 0x55, 0xA4, 0x0F, 0x48, 0x20, 0xD1, 0xFF, 0x68, 0xC9, 0x0D,
    0xF0, 0xE4, 0xA4, 0x55, 0xC8, 0xD0, 0xEC, 0x20, 0x2C, 0xC2, 0x20, 0xE1,
    0xC4, 0x20, 0xCB, 0xC3, 0xA0, 0x00, 0x84, 0x55, 0xA4, 0x0F, 0x20, 0xD4,
    0xFF, 0xA4, 0x55, 0x91, 0x52, 0xC8, 0xC9, 0x0D, 0xD0, 0xF0, 0xF0, 0xC2,
    0xAA, 0x55, 0x0E, 0xD1, 0x5E, 0xD1, 0x28, 0xD0, 0xE4, 0x41, 0x43, 0x53,
    0xD2, 0x1E, 0x41, 0x53, 0x4E, 0xD2, 0x24, 0x41, 0x54, 0x4E, 0xDC, 0x64,
    0x41, 0x42, 0x53, 0xD2, 0x15, 0x43, 0x4F, 0x53, 0xDC, 0xE3, 0x45, 0x58,
    0x50, 0xDD, 0xD4, 0x48, 0x54, 0x4E, 0xDE, 0x72, 0x4C, 0x4F, 0x47, 0xDB,
    0xB3, 0x50, 0x49, 0xD2, 0xC3, 0x53, 0x49, 0x4E, 0xDC, 0xEE, 0x53, 0x51,
    0x52, 0xDB, 0x6F, 0x54, 0x41, 0x4E, 0xDA, 0xC4, 0x44, 0x45, 0x47, 0xD2,
    0x73, 0x52, 0x41, 0x44, 0xD2, 0x65, 0x53, 0x47, 0x4E, 0xD2, 0x86, 0x56,
    0x41, 0x4C, 0xD2, 0xE0, 0x46, 0x4C, 0x54, 0xD2, 0x9A, 0x46, 0x47, 0x45,
    0x54, 0xD2, 0xCC, 0xD2, 0x96, 0x25, 0xD3, 0x0B, 0x46, 0x49, 0x46, 0xD3,
    0xA8, 0x46, 0x55, 0x4E, 0x54, 0x49, 0x4C, 0xD3, 0xAE, 0x43, 0x4F, 0x4C,
    0x4F, 0x55, 0x52, 0xDF, 0x02, 0x46, 0x44, 0x49, 0x4D, 0xD3, 0xD3, 0x53,
    0x54, 0x52, 0xD3, 0x1F, 0x46, 0x50, 0x52, 0x49, 0x4E, 0x54, 0xD3, 0x31,
    0x46, 0x49, 0x4E, 0x50, 0x55, 0x54, 0xD3, 0x6A, 0x46, 0x50, 0x55, 0x54,
    0xD3, 0xB4, 0xD4, 0xAF, 0x2B, 0xD1, 0x77, 0x2D, 0xD1, 0x83, 0xFE, 0x2A,
    0xD1, 0x8F, 0x2F, 0xD1, 0x9B, 0xFE, 0x5E, 0xD1, 0xA7, 0xFE, 0x2B, 0xD1,
    0xCB, 0x2D, 0xD1, 0xBC, 0xD1, 0xCB, 0x29, 0xC2, 0x78, 0xFF, 0x3B, 0xC5,
    0x4A, 0x0D, 0xC5, 0x4A, 0x2C, 0xD3, 0x31, 0xD3, 0x39, 0x2C, 0xD3, 0x6A,
    0xC5, 0x58, 0x3D, 0xD9, 0xF6, 0x3C, 0x3E, 0xD9, 0xFE, 0x3C, 0x3D, 0xD9,
    0xFA, 0x3C, 0xDA, 0x02, 0x3E, 0x3D, 0xDA, 0x06, 0x3E, 0xDA, 0x0A, 0xFF,
    0x20, 0xFC, 0xD0, 0xA2, 0xB4, 0xD0, 0x20, 0x18, 0x66, 0x73, 0xA2, 0xAC,
    0xD0, 0x19, 0x20, 0x5D, 0xD8, 0x20, 0x06, 0xD1, 0xA2, 0xA1, 0xD0, 0x0F,
    0x20, 0xF5, 0xD0, 0xA2, 0x9A, 0xD0, 0x08, 0x20, 0x5D, 0xD8, 0x20, 0xEB,
    0xD0, 0xA2, 0xA8, 0x18, 0x90, 0x05, 0xA2, 0x5F, 0x84, 0x03, 0x38, 0x66,
    0x53, 0xA4, 0x03, 0x88, 0xC8, 0xB1, 0x05, 0xC9, 0x20, 0xF0, 0xF9, 0x88,
    0x84, 0x52, 0xCA, 0xA4, 0x52, 0xE8, 0xC8, 0xBD, 0x06, 0xD0, 0x30, 0x1A,
    0xD1, 0x05, 0xF0, 0xF5, 0xCA, 0xE8, 0xBD, 0x06, 0xD0, 0x10, 0xFA, 0xE8,
    0x24, 0x53, 0x10, 0xE7, 0xB1, 0x05, 0xC9, 0x2E, 0xD0, 0xE1, 0xC8, 0xCA,
    0xB0, 0xE1, 0xC9, 0xFE, 0xB0, 0x11, 0x85, 0x53, 0xBD, 0x07, 0xD0, 0x85,
    0x52, 0x84, 0x03, 0xA6, 0x04, 0x6C, 0x52, 0x00, 0xA6, 0x04, 0x60, 0xF0,
    0xFB, 0x00, 0x84, 0x03, 0x20, 0xEC, 0xD0, 0x20, 0x9A, 0xD8, 0xA5, 0x5A,
    0x85, 0x60, 0xA5, 0x5B, 0x85, 0x5F, 0xA5, 0x5C, 0x85, 0x5E, 0xA0, 0x5D,
    0x4C, 0x9F, 0xC9, 0x20, 0xF2, 0xD0, 0x20, 0x70, 0xD8, 0x20, 0x3C, 0xD9,
    0x4C, 0xFF, 0xD0, 0x20, 0xF2, 0xD0, 0x20, 0x70, 0xD8, 0x20, 0x39, 0xD9,
    0x4C, 0xFF, 0xD0, 0x20, 0x03, 0xD1, 0x20, 0x70, 0xD8, 0x20, 0x45, 0xDA,
    0x4C, 0xF8, 0xD0, 0x20, 0x03, 0xD1, 0x20, 0x70, 0xD8, 0x20, 0xB6, 0xDA,
    0x4C, 0xF8, 0xD0, 0x20, 0xB6, 0xDB, 0x20, 0x5D, 0xD8, 0x20, 0xEB, 0xD0,
    0x20, 0x70, 0xD8, 0x20, 0x45, 0xDA, 0x20, 0xD7, 0xDD, 0x4C, 0x09, 0xD1,
    0x20, 0xCB, 0xD1, 0x20, 0x86, 0xD6, 0xF0, 0x06, 0xA5, 0x57, 0x49, 0x80,
    0x85, 0x57, 0x60, 0xA4, 0x03, 0x88, 0xC8, 0xB1, 0x05, 0xC9, 0x20, 0xF0,
    0xF9, 0xC9, 0x25, 0xD0, 0x32, 0xE6, 0x03, 0x20, 0x44, 0xD4, 0x90, 0x2B,
    0xA0, 0x6F, 0x20, 0xCD, 0xC3, 0xA0, 0x04, 0xA9, 0x00, 0x85, 0x5E, 0x85,
    0x58, 0x85, 0x57, 0xB1, 0x6F, 0x99, 0x59, 0x00, 0x05, 0x57, 0x85, 0x57,
    0x88, 0x10, 0xF4, 0xAA, 0xF0, 0x09, 0xA5, 0x5A, 0x85, 0x57, 0x09, 0x80,
    0x85, 0x5A, 0x8A, 0x60, 0x84, 0x03, 0x60, 0x20, 0xA5, 0xD5, 0xB0, 0xF8,
    0xA2, 0x00, 0x4C, 0x12, 0xD1, 0x20, 0xEB, 0xD0, 0x20, 0x86, 0xD6, 0x30,
    0xA7, 0x60, 0x20, 0x24, 0xD2, 0x4C, 0x86, 0xDC, 0x20, 0xEB, 0xD0, 0x20,
    0x86, 0xD6, 0x10, 0x0A, 0xA9, 0x00, 0x85, 0x57, 0x20, 0x36, 0xD2, 0x4C,
    0x75, 0xDC, 0x20, 0x2C, 0xD8, 0x20, 0x45, 0xDA, 0x20, 0x31, 0xD8, 0x20,
    0x8D, 0xDE, 0x20, 0x33, 0xD9, 0x20, 0x72, 0xDB, 0x20, 0x86, 0xD6, 0xF0,
    0x12, 0x20, 0x31, 0xD8, 0x20, 0xA6, 0xDB, 0x20, 0xE5, 0xD1, 0x20, 0xAA,
    0xDB, 0x20, 0xDC, 0xDA, 0x4C, 0x67, 0xDC, 0x20, 0x93, 0xDD, 0x4C, 0xE5,
    0xD1, 0x20, 0xEB, 0xD0, 0xA0, 0x7C, 0xA9, 0xD2, 0x84, 0x6F, 0x85, 0x70,
    0x4C, 0x45, 0xDA, 0x20, 0xEB, 0xD0, 0xA0, 0x81, 0xA9, 0xD2, 0xD0, 0xF0,
    0x7B, 0x0E, 0xFA, 0x35, 0x12, 0x86, 0x65, 0x2E, 0xE0, 0xD3, 0x20, 0xEB,
    0xD0, 0x20, 0x86, 0xD6, 0xF0, 0x07, 0x48, 0x20, 0x8D, 0xDE, 0x68, 0x85,
    0x57, 0x60, 0x24, 0x73, 0x30, 0x26, 0x20, 0xBC, 0xC8, 0xA0, 0x5D, 0x20,
    0xCD, 0xC3, 0x85, 0x5A, 0xA5, 0x5F, 0x85, 0x5B, 0xA5, 0x5E, 0x85, 0x5C,
    0xA9, 0xA0, 0x85, 0x59, 0xA0, 0x00, 0x84, 0x5E, 0xA5, 0x5A, 0x85, 0x57,
    0x10, 0x03, 0x20, 0xD5, 0xD8, 0x4C, 0xC8, 0xD7, 0x4C, 0x1B, 0xCA, 0x20,
    0x93, 0xDD, 0x20, 0xE5, 0xD1, 0xE6, 0x59, 0x60, 0x20, 0x3E, 0xCF, 0xA2,
    0x04, 0x20, 0xD4, 0xFF, 0x9D, 0xC5, 0x03, 0xCA, 0x10, 0xF7, 0x20, 0xAA,
    0xDB, 0x4C, 0xE5, 0xD1, 0x20, 0xB1, 0xCE, 0xA0, 0x00, 0x20, 0x04, 0xD3,
    0xC9, 0x2B, 0xF0, 0x0F, 0xC9, 0x2D, 0xD0, 0x0E, 0x20, 0x03, 0xD3, 0x84,
    0x54, 0x20, 0xB1, 0xD5, 0x4C, 0xBF, 0xD1, 0x20, 0x03, 0xD3, 0x84, 0x54,
    0x4C, 0xB1, 0xD5, 0xC8, 0xB1, 0x52, 0xC9, 0x20, 0xF0, 0xF9, 0x60, 0x20,
    0x44, 0xD4, 0x90, 0xD4, 0x20, 0x79, 0xC2, 0x20, 0xFC, 0xD0, 0x20, 0xE4,
    0xC4, 0x20, 0x36, 0xD8, 0x4C, 0x5B, 0xC5, 0x20, 0xFC, 0xD0, 0x20, 0x31,
    0xC2, 0x20, 0xE1, 0xC4, 0x20, 0xCB, 0xC3, 0x20, 0xD0, 0xD4, 0x4C, 0x5B,
    0xC5, 0x20, 0x72, 0xC3, 0xA2, 0xB8, 0x4C, 0x0B, 0xD1, 0x20, 0xFC, 0xD0,
    0xA9, 0xC5, 0x85, 0x52, 0xA9, 0x03, 0x85, 0x53, 0x20, 0xD0, 0xD4, 0xC6,
    0x6F, 0xAD, 0x21, 0x03, 0x38, 0xE5, 0x6F, 0x90, 0x0B, 0xF0, 0x09, 0xA8,
    0xA9, 0x20, 0x20, 0x4C, 0xCA, 0x88, 0xD0, 0xFA, 0xA0, 0x00, 0xB1, 0x52,
    0xC9, 0x0D, 0xF0, 0xCD, 0x20, 0x4C, 0xCA, 0xC8, 0xD0, 0xF4, 0x20, 0x72,
    0xC3, 0xB1, 0x05, 0xC9, 0x25, 0xD0, 0x08, 0xC8, 0x84, 0x03, 0x20, 0x44,
    0xD4, 0xB0, 0x05, 0xA2, 0xC3, 0x4C, 0x0B, 0xD1, 0x20, 0x09, 0xCD, 0xA8,
    0xA5, 0x05, 0x48, 0xA5, 0x06, 0x48, 0xA5, 0x03, 0x48, 0x84, 0x03, 0xC8,
    0x84, 0x06, 0xA9, 0x40, 0x85, 0x05, 0x20, 0xFC, 0xD0, 0x68, 0x85, 0x03,
    0x68, 0x85, 0x06, 0x68, 0x85, 0x05, 0x20, 0x36, 0xD8, 0x4C, 0x7B, 0xD3,
    0x20, 0xEB, 0xD9, 0x4C, 0x69, 0xC5, 0x20, 0xEB, 0xD9, 0x4C, 0xD5, 0xCC,
    0x20, 0x94, 0xD4, 0x20, 0xFC, 0xD0, 0x20, 0xE4, 0xC4, 0x20, 0x31, 0xD8,
    0xA6, 0x04, 0x20, 0x41, 0xCF, 0xA2, 0x04, 0xBD, 0xC5, 0x03, 0x20, 0xD1,
    0xFF, 0xCA, 0x10, 0xF7, 0x4C, 0x5B, 0xC5, 0xA5, 0x01, 0x05, 0x02, 0xF0,
    0x6A, 0x20, 0x34, 0xC4, 0xB0, 0x65, 0xA4, 0x03, 0xB1, 0x05, 0xC9, 0x25,
    0xD0, 0x5D, 0xC8, 0xB1, 0x05, 0xC8, 0xD1, 0x05, 0xD0, 0x55, 0xC9, 0x5B,
    0xB0, 0x51, 0xE9, 0x3F, 0x90, 0x4D, 0xC8, 0x84, 0x03, 0x48, 0x20, 0x8B,
    0xC7, 0xF6, 0x15, 0xD0, 0x02, 0xF6, 0x24, 0x20, 0x9A, 0xD4, 0x68, 0xA8,
    0x18, 0xA5, 0x23, 0x99, 0x87, 0x28, 0x65, 0x16, 0x85, 0x23, 0xA5, 0x24,
    0x99, 0xA2, 0x28, 0x65, 0x25, 0x85, 0x24, 0xA0, 0x00, 0x84, 0x04, 0xA9,
    0xAA, 0x91, 0x23, 0xD1, 0x23, 0xD0, 0x1C, 0x4A, 0x91, 0x23, 0xD1, 0x23,
    0xD0, 0x15, 0x20, 0x34, 0xC4, 0xB0, 0x10, 0xA4, 0x03, 0xB1, 0x05, 0xC9,
    0x2C, 0xD0, 0x05, 0xE6, 0x03, 0x4C, 0xD3, 0xD3, 0x4C, 0x58, 0xC5, 0x00,
    0x20, 0x34, 0xC4, 0x90, 0x0E, 0xB5, 0x15, 0x0A, 0x0A, 0x75, 0x15, 0x95,
    0x15, 0xA9, 0x28, 0x95, 0x24, 0x38, 0x60, 0xA4, 0x03, 0xB1, 0x05, 0xC9,
    0x21, 0xD0, 0x07, 0xE6, 0x03, 0x20, 0xBC, 0xC8, 0x38, 0x60, 0xC8, 0xD1,
    0x05, 0xD0, 0x08, 0xC9, 0x5B, 0xB0, 0x04, 0xE9, 0x3F, 0xB0, 0x02, 0x18,
    0x60, 0xC8, 0x84, 0x03, 0x48, 0x20, 0xBC, 0xC8, 0x20, 0x9A, 0xD4, 0x68,
    0xA8, 0xB0, 0x10, 0xB9, 0x87, 0x28, 0x75, 0x15, 0x95, 0x15, 0xB9, 0xA2,
    0x28, 0x75, 0x24, 0x95, 0x24, 0x90, 0xD1, 0x00, 0x20, 0xBC, 0xC8, 0x4C,
    0x31, 0xC2, 0xB4, 0x24, 0xB5, 0x15, 0x0A, 0x36, 0x24, 0x0A, 0x36, 0x24,
    0x18, 0x75, 0x15, 0x95, 0x15, 0x98, 0x75, 0x24, 0x95, 0x24, 0x60, 0xAD,
    0x20, 0xEB, 0xC9, 0x40, 0xF0, 0x0A, 0xAD, 0x01, 0xA0, 0xC9, 0xBF, 0xD0,
    0x83, 0x4C, 0x02, 0xA0, 0x4C, 0x22, 0xEB, 0xC9, 0x3A, 0xB0, 0x07, 0xC9,
    0x30, 0x90, 0x02, 0xE9, 0x30, 0x60, 0x18, 0x60, 0xA9, 0x00, 0x85, 0x6F,
    0x20, 0x86, 0xD6, 0xD0, 0x12, 0xA9, 0x30, 0x20, 0x8D, 0xD5, 0xA9, 0x2E,
    0x20, 0x8D, 0xD5, 0xA9, 0x30, 0x20, 0x8D, 0xD5, 0x4C, 0x71, 0xD5, 0x10,
    0x05, 0xA9, 0x2D, 0x20, 0x8D, 0xD5, 0xA9, 0x00, 0x85, 0x6D, 0xA5, 0x59,
    0xC9, 0x81, 0xB0, 0x08, 0x20, 0xA0, 0xD6, 0xC6, 0x6D, 0x4C, 0xF6, 0xD4,
    0xC9, 0x84, 0x90, 0x10, 0xD0, 0x06, 0xA5, 0x5A, 0xC9, 0xA0, 0x90, 0x08,
    0x20, 0x1B, 0xD7, 0xE6, 0x6D, 0x4C, 0xF6, 0xD4, 0xA5, 0x59, 0xC9, 0x84,
    0xB0, 0x07, 0x20, 0xD8, 0xD6, 0xE6, 0x59, 0xD0, 0xF3, 0x38, 0xA9, 0xFF,
    0x20, 0x36, 0xD6, 0xA5, 0x5A, 0xC9, 0xA0, 0xB0, 0xDF, 0xA9, 0x01, 0xA4,
    0x6D, 0x30, 0x0A, 0xC0, 0x08, 0xB0, 0x06, 0xC8, 0xA9, 0x00, 0x85, 0x6D,
    0x98, 0x85, 0x70, 0xA2, 0x09, 0x86, 0x54, 0x20, 0x75, 0xD5, 0xC6, 0x70,
    0xD0, 0x05, 0xA9, 0x2E, 0x20, 0x8D, 0xD5, 0xC6, 0x54, 0xD0, 0xF0, 0xA5,
    0x6D, 0xF0, 0x16, 0xA9, 0x45, 0x20, 0x8D, 0xD5, 0xA5, 0x6D, 0x10, 0x0A,
    0xA9, 0x2D, 0x20, 0x8D, 0xD5, 0x38, 0xA9, 0x00, 0xE5, 0x6D, 0x20, 0x87,
    0xD5, 0xA9, 0x0D, 0xD0, 0x18, 0xA5, 0x5A, 0x4A, 0x4A, 0x4A, 0x4A, 0x20,
    0x8B, 0xD5, 0xA5, 0x5A, 0x29, 0x0F, 0x85, 0x5A, 0x4C, 0x4E, 0xD6, 0xC9,
    0x0A, 0xB0, 0x09, 0x09, 0x30, 0xA4, 0x6F, 0x91, 0x52, 0xE6, 0x6F, 0x60,
    0xA2, 0xFF, 0xE8, 0xE9, 0x0A, 0xB0, 0xFB, 0x69, 0x0A, 0x48, 0x8A, 0x20,
    0x87, 0xD5, 0x68, 0x10, 0xE6, 0xA5, 0x03, 0x85, 0x54, 0xA5, 0x05, 0x85,
    0x52, 0xA5, 0x06, 0x85, 0x53, 0x20, 0xA4, 0xDA, 0x85, 0x6C, 0x85, 0x6D,
    0x20, 0x7B, 0xD6, 0xC9, 0x2E, 0xF0, 0x0E, 0x20, 0xC3, 0xD4, 0x90, 0x71,
    0x85, 0x5E, 0x20, 0x7B, 0xD6, 0xC9, 0x2E, 0xD0, 0x09, 0xA5, 0x6C, 0x18,
    0xD0, 0x3A, 0xE6, 0x6C, 0xD0, 0xF0, 0xC9, 0x45, 0xF0, 0x27, 0x20, 0xC3,
    0xD4, 0x90, 0x2D, 0x85, 0x6E, 0xA5, 0x5A, 0xC9, 0x18, 0x90, 0x08, 0xA5,
    0x6C, 0xD0, 0xDB, 0xE6, 0x6D, 0xB0, 0xD7, 0xA5, 0x6C, 0xF0, 0x02, 0xC6,
    0x6D, 0x20, 0x4E, 0xD6, 0x18, 0xA5, 0x6E, 0x20, 0x36, 0xD6, 0x4C, 0xC6,
    0xD5, 0x20, 0x7B, 0xD6, 0x20, 0x78, 0xD7, 0x18, 0x65, 0x6D, 0x85, 0x6D,
    0xA9, 0xA8, 0x85, 0x59, 0x20, 0x86, 0xD6, 0xF0, 0x1C, 0x20, 0xC8, 0xD7,
    0xA5, 0x6D, 0x30, 0x0B, 0xF0, 0x10, 0x20, 0xA0, 0xD6, 0xC6, 0x6D, 0xD0,
    0xF9, 0xF0, 0x07, 0x20, 0x1B, 0xD7, 0xE6, 0x6D, 0xD0, 0xF9, 0x20, 0x9B,
    0xDA, 0x38, 0xA4, 0x54, 0x88, 0x60, 0xA2, 0x05, 0x75, 0x59, 0x95, 0x59,
    0xA9, 0x00, 0xCA, 0xD0, 0xF7, 0x60, 0xA2, 0x05, 0xB5, 0x59, 0x75, 0x61,
    0x95, 0x59, 0xCA, 0xD0, 0xF7, 0x60, 0xA2, 0x05, 0xA9, 0x00, 0x85, 0x67,
    0xA9, 0x00, 0x85, 0x68, 0xB5, 0x59, 0x0A, 0x26, 0x68, 0x0A, 0x26, 0x68,
    0x18, 0x75, 0x59, 0x90, 0x02, 0xE6, 0x68, 0x0A, 0x26, 0x68, 0x18, 0x65,
    0x67, 0x90, 0x02, 0xE6, 0x68, 0x95, 0x59, 0xA5, 0x68, 0x85, 0x67, 0xCA,
    0xD0, 0xDA, 0x60, 0x84, 0x55, 0xA4, 0x54, 0xB1, 0x52, 0xA4, 0x55, 0xE6,
    0x54, 0x60, 0xA5, 0x5A, 0x05, 0x5B, 0x05, 0x5C, 0x05, 0x5D, 0x05, 0x5E,
    0xF0, 0x07, 0xA5, 0x57, 0xD0, 0x09, 0xA9, 0x01, 0x60, 0x85, 0x57, 0x85,
    0x59, 0x85, 0x58, 0x60, 0x18, 0xA5, 0x59, 0x69, 0x03, 0x85, 0x59, 0x90,
    0x02, 0xE6, 0x58, 0x20, 0xC3, 0xD6, 0x20, 0xFB, 0xD6, 0x20, 0xFB, 0xD6,
    0x20, 0x42, 0xD6, 0x90, 0x09, 0x20, 0xD8, 0xD6, 0xE6, 0x59, 0xD0, 0x02,
    0xE6, 0x58, 0x60, 0xA2, 0x08, 0xB5, 0x56, 0x95, 0x5E, 0xCA, 0xD0, 0xF9,
    0x60, 0x06, 0x5E, 0x26, 0x5D, 0x26, 0x5C, 0x26, 0x5B, 0x26, 0x5A, 0x60,
    0x66, 0x5A, 0x66, 0x5B, 0x66, 0x5C, 0x66, 0x5D, 0x66, 0x5E, 0x60, 0xA5,
    0x5D, 0x85, 0x5E, 0xA5, 0x5C, 0x85, 0x5D, 0xA5, 0x5B, 0x85, 0x5C, 0xA5,
    0x5A, 0x85, 0x5B, 0xA9, 0x00, 0x85, 0x5A, 0x60, 0x20, 0xC3, 0xD6, 0x46,
    0x62, 0x66, 0x63, 0x66, 0x64, 0x66, 0x65, 0x66, 0x66, 0x60, 0xA5, 0x65,
    0x85, 0x66, 0xA5, 0x64, 0x85, 0x65, 0xA5, 0x63, 0x85, 0x64, 0xA5, 0x62,
    0x85, 0x63, 0xA9, 0x00, 0x85, 0x62, 0x60, 0x38, 0xA5, 0x59, 0xE9, 0x04,
    0x85, 0x59, 0xB0, 0x02, 0xC6, 0x58, 0x20, 0xF8, 0xD6, 0x20, 0xB4, 0xD6,
    0x20, 0xF8, 0xD6, 0x20, 0xFB, 0xD6, 0x20, 0xFB, 0xD6, 0x20, 0xFB, 0xD6,
    0x20, 0xB4, 0xD6, 0xA9, 0x00, 0x85, 0x62, 0xA5, 0x5A, 0x85, 0x63, 0xA5,
    0x5B, 0x85, 0x64, 0xA5, 0x5C, 0x85, 0x65, 0xA5, 0x5D, 0x85, 0x66, 0xA5,
    0x5E, 0x2A, 0x20, 0xB4, 0xD6, 0xA9, 0x00, 0x85, 0x62, 0x85, 0x63, 0xA5,
    0x5A, 0x85, 0x64, 0xA5, 0x5B, 0x85, 0x65, 0xA5, 0x5C, 0x85, 0x66, 0xA5,
    0x5D, 0x2A, 0x20, 0xB4, 0xD6, 0xA5, 0x5B, 0x2A, 0xA5, 0x5A, 0x20, 0x36,
    0xD6, 0x4C, 0xB7, 0xD6, 0xA0, 0xFF, 0xC9, 0x2B, 0xF0, 0x05, 0xC9, 0x2D,
    0xD0, 0x04, 0xC8, 0x20, 0x7B, 0xD6, 0x20, 0xC3, 0xD4, 0x90, 0x24, 0xAA,
    0x20, 0x7B, 0xD6, 0x20, 0xC3, 0xD4, 0x90, 0x10, 0x85, 0x6E, 0x20, 0x7B,
    0xD6, 0x8A, 0x85, 0x67, 0x0A, 0x0A, 0x65, 0x67, 0x0A, 0x65, 0x6E, 0xAA,
    0x98, 0xD0, 0x06, 0x86, 0x6E, 0x38, 0xE5, 0x6E, 0x60, 0x8A, 0x60, 0xA9,
    0x00, 0x60, 0x48, 0x20, 0xA4, 0xDA, 0x68, 0xF0, 0xF8, 0x10, 0x07, 0x85,
    0x57, 0xA9, 0x00, 0x38, 0xE5, 0x57, 0x85, 0x5A, 0xA9, 0x88, 0x85, 0x59,
    0x20, 0x86, 0xD6, 0xF0, 0xE4, 0xA5, 0x5A, 0xD0, 0x21, 0xA5, 0x5B, 0x85,
    0x5A, 0xA5, 0x5C, 0x85, 0x5B, 0xA5, 0x5D, 0x85, 0x5C, 0xA5, 0x5E, 0x85,
    0x5D, 0xA9, 0x00, 0x85, 0x5E, 0x38, 0xA5, 0x59, 0xE9, 0x08, 0x85, 0x59,
    0xB0, 0xDF, 0xC6, 0x58, 0x90, 0xDB, 0xA5, 0x5A, 0x30, 0xBB, 0x20, 0xCD,
    0xD6, 0xA5, 0x59, 0xD0, 0x02, 0xC6, 0x58, 0xC6, 0x59, 0x4C, 0xF2, 0xD7,
    0xA0, 0x04, 0xA9, 0x00, 0x85, 0x66, 0x85, 0x60, 0x85, 0x5F, 0xB1, 0x6F,
    0x99, 0x61, 0x00, 0x05, 0x5F, 0x85, 0x5F, 0x88, 0x10, 0xF4, 0xAA, 0xF0,
    0x09, 0xA5, 0x62, 0x85, 0x5F, 0x09, 0x80, 0x85, 0x62, 0x8A, 0x60, 0x20,
    0xA2, 0xDB, 0xD0, 0x11, 0x20, 0xA6, 0xDB, 0xD0, 0x0C, 0x20, 0xAA, 0xDB,
    0xD0, 0x07, 0xA6, 0x04, 0xA0, 0x6F, 0x20, 0xCD, 0xC3, 0xA0, 0x00, 0xA5,
    0x59, 0x91, 0x6F, 0xC8, 0xA5, 0x57, 0x29, 0x80, 0x85, 0x57, 0xA5, 0x5A,
    0x29, 0x7F, 0x05, 0x57, 0x91, 0x6F, 0xC8, 0xB9, 0x59, 0x00, 0x91, 0x6F,
    0xC0, 0x04, 0xD0, 0xF6, 0x60, 0xA0, 0x52, 0x84, 0x6F, 0xA9, 0x00, 0x85,
    0x70, 0x20, 0x3D, 0xD8, 0x20, 0xD9, 0xC4, 0xA5, 0x56, 0x95, 0x73, 0x60,
    0xA6, 0x04, 0x20, 0xCB, 0xC3, 0xB5, 0x74, 0x85, 0x56, 0x84, 0x6F, 0xA9,
    0x00, 0x85, 0x70, 0x60, 0xA5, 0x5E, 0xC9, 0x80, 0x90, 0x07, 0xF0, 0x0A,
    0xA9, 0xFF, 0x20, 0x72, 0xD7, 0xA9, 0x00, 0x85, 0x5E, 0x60, 0xA5, 0x5D,
    0x09, 0x01, 0x85, 0x5D, 0xD0, 0xF3, 0x20, 0xC7, 0xD8, 0xF0, 0x06, 0xA5,
    0x59, 0xC9, 0xA0, 0xB0, 0x14, 0x46, 0x5A, 0x66, 0x5B, 0x66, 0x5C, 0x66,
    0x5D, 0x66, 0x62, 0x66, 0x63, 0x66, 0x64, 0x66, 0x65, 0xE6, 0x59, 0xD0,
    0xE6, 0xF0, 0x16, 0xA9, 0x7F, 0x85, 0x5A, 0xA9, 0xFF, 0x85, 0x5B, 0x85,
    0x5C, 0x85, 0x5D, 0xA2, 0x08, 0xA9, 0x00, 0x95, 0x5F, 0xCA, 0xD0, 0xFB,
    0x60, 0xA5, 0x57, 0x10, 0x0C, 0x38, 0xA2, 0x04, 0xA9, 0x00, 0xF5, 0x59,
    0x95, 0x59, 0xCA, 0xD0, 0xF7, 0x60, 0xA5, 0x62, 0x10, 0x23, 0xA2, 0x04,
    0xA9, 0x00, 0xF5, 0x61, 0x95, 0x61, 0xCA, 0xD0, 0xF7, 0xA5, 0x57, 0x49,
    0x80, 0x85, 0x57, 0x10, 0x11, 0xE6, 0x5D, 0xD0, 0x0C, 0xE6, 0x5C, 0xD0,
    0x08, 0xE6, 0x5B, 0xD0, 0x04, 0xE6, 0x5A, 0xF0, 0xB2, 0x60, 0x20, 0xD5,
    0xD8, 0x20, 0xF9, 0xD8, 0x4C, 0xD5, 0xD8, 0xA2, 0x05, 0xB5, 0x61, 0x95,
    0x59, 0xCA, 0xD0, 0xF9, 0xA9, 0x80, 0x85, 0x59, 0x4C, 0xC8, 0xD7, 0x20,
    0x04, 0xD8, 0x20, 0x3D, 0xD8, 0xA2, 0x08, 0xB5, 0x5E, 0x95, 0x56, 0xCA,
    0xD0, 0xF9, 0x60, 0x20, 0x39, 0xD9, 0x4C, 0xBF, 0xD1, 0x20, 0xBF, 0xD1,
    0x20, 0x04, 0xD8, 0xF0, 0xF1, 0x20, 0x86, 0xD6, 0xF0, 0xE3, 0xA5, 0x59,
    0xC5, 0x61, 0xF0, 0x26, 0x90, 0x0F, 0xE5, 0x61, 0xC9, 0x21, 0xB0, 0xDE,
    0xAA, 0x20, 0xFB, 0xD6, 0xCA, 0xD0, 0xFA, 0xF0, 0x15, 0x38, 0xA5, 0x61,
    0xE5, 0x59, 0xC9, 0x21, 0xB0, 0xC3, 0xAA, 0x18, 0x20, 0xD8, 0xD6, 0xCA,
    0xD0, 0xF9, 0xA5, 0x61, 0x85, 0x59, 0xA5, 0x57, 0x45, 0x5F, 0x10, 0x49,
    0xA5, 0x5A, 0xC5, 0x62, 0xD0, 0x1B, 0xA5, 0x5B, 0xC5, 0x63, 0xD0, 0x15,
    0xA5, 0x5C, 0xC5, 0x64, 0xD0, 0x0F, 0xA5, 0x5D, 0xC5, 0x65, 0xD0, 0x09,
    0xA5, 0x5E, 0xC5, 0x66, 0xD0, 0x03, 0x4C, 0xA4, 0xDA, 0xB0, 0x2D, 0x38,
    0xA5, 0x66, 0xE5, 0x5E, 0x85, 0x5E, 0xA5, 0x65, 0xE5, 0x5D, 0x85, 0x5D,
    0xA5, 0x64, 0xE5, 0x5C, 0x85, 0x5C, 0xA5, 0x63, 0xE5, 0x5B, 0x85, 0x5B,
    0xA5, 0x62, 0xE5, 0x5A, 0x85, 0x5A, 0xA5, 0x5F, 0x85, 0x57, 0x4C, 0x98,
    0xDA, 0x18, 0x20, 0xB4, 0xD6, 0x4C, 0x9B, 0xDA, 0x38, 0xA5, 0x5E, 0xE5,
    0x66, 0x85, 0x5E, 0xA5, 0x5D, 0xE5, 0x65, 0x85, 0x5D, 0xA5, 0x5C, 0xE5,
    0x64, 0x85, 0x5C, 0xA5, 0x5B, 0xE5, 0x63, 0x85, 0x5B, 0xA5, 0x5A, 0xE5,
    0x62, 0x85, 0x5A, 0x4C, 0x98, 0xDA, 0x00, 0x20, 0xFC, 0xD0, 0xA9, 0xC7,
    0x48, 0xA2, 0xC8, 0x4C, 0x0B, 0xD1, 0xA9, 0x5D, 0xD0, 0x12, 0xA9, 0x66,
    0xD0, 0x0E, 0xA9, 0x6F, 0xD0, 0x0A, 0xA9, 0x76, 0xD0, 0x06, 0xA9, 0x7D,
    0xD0, 0x02, 0xA9, 0x84, 0x48, 0x20, 0x5D, 0xD8, 0x20, 0xFC, 0xD0, 0x20,
    0x70, 0xD8, 0xE6, 0x04, 0x20, 0x04, 0xD8, 0xA5, 0x5F, 0x29, 0x80, 0x85,
    0x5F, 0xA0, 0x00, 0xA5, 0x57, 0x29, 0x80, 0xC5, 0x5F, 0xD0, 0x0D, 0xA2,
    0x00, 0xB5, 0x61, 0xD5, 0x59, 0xD0, 0x0A, 0xE8, 0xE0, 0x05, 0xD0, 0xF5,
    0x08, 0xA6, 0x04, 0x28, 0x60, 0x6A, 0x45, 0x5F, 0x2A, 0xA9, 0x01, 0xD0,
    0xF3, 0x20, 0x86, 0xD6, 0xF0, 0xF2, 0x20, 0x04, 0xD8, 0xD0, 0x03, 0x4C,
    0xA4, 0xDA, 0x18, 0xA5, 0x59, 0x65, 0x61, 0x85, 0x59, 0x90, 0x02, 0xE6,
    0x58, 0x38, 0xA5, 0x59, 0xE9, 0x80, 0x85, 0x59, 0xB0, 0x02, 0xC6, 0x58,
    0xA2, 0x05, 0xA0, 0x00, 0xB5, 0x59, 0x95, 0x66, 0x94, 0x59, 0xCA, 0xD0,
    0xF7, 0xA5, 0x57, 0x45, 0x5F, 0x85, 0x57, 0xA0, 0x20, 0x20, 0xFB, 0xD6,
    0xA5, 0x67, 0x10, 0x04, 0x18, 0x20, 0x42, 0xD6, 0x20, 0xFB, 0xD6, 0x06,
    0x6B, 0x26, 0x6A, 0x26, 0x69, 0x26, 0x68, 0x26, 0x67, 0x88, 0xD0, 0xE8,
    0x20, 0xC8, 0xD7, 0x20, 0x80, 0xD8, 0xA5, 0x58, 0xF0, 0x0B, 0x10, 0x03,
    0xA2, 0x08, 0xA9, 0x00, 0x95, 0x56, 0xCA, 0xD0, 0xFB, 0x60, 0x20, 0x31,
    0xD8, 0x20, 0x8D, 0xDE, 0xD0, 0x26, 0x20, 0x86, 0xD6, 0xF0, 0xEC, 0x20,
    0xC3, 0xD6, 0x20, 0xE5, 0xD1, 0xD0, 0x23, 0x60, 0x20, 0xEB, 0xD0, 0x20,
    0x9E, 0xDB, 0x20, 0x3D, 0xD8, 0x20, 0xE6, 0xDC, 0x20, 0x9E, 0xDB, 0x20,
    0x23, 0xD9, 0x20, 0xF1, 0xDC, 0x20, 0x9E, 0xDB, 0x20, 0x86, 0xD6, 0xF0,
    0xCC, 0x20, 0x04, 0xD8, 0xF0, 0xC1, 0xA5, 0x57, 0x45, 0x5F, 0x85, 0x57,
    0x38, 0xA5, 0x59, 0xE5, 0x61, 0x85, 0x59, 0xB0, 0x02, 0xC6, 0x58, 0x18,
    0xA5, 0x59, 0x69, 0x81, 0x85, 0x59, 0x90, 0x02, 0xE6, 0x58, 0xA2, 0x05,
    0xB5, 0x59, 0x95, 0x66, 0xCA, 0xD0, 0xF9, 0x46, 0x67, 0x66, 0x68, 0x66,
    0x69, 0x66, 0x6A, 0x66, 0x6B, 0x20, 0xFB, 0xD6, 0xA2, 0x27, 0xA5, 0x67,
    0xC5, 0x62, 0xD0, 0x16, 0xA5, 0x68, 0xC5, 0x63, 0xD0, 0x10, 0xA5, 0x69,
    0xC5, 0x64, 0xD0, 0x0A, 0xA5, 0x6A, 0xC5, 0x65, 0xD0, 0x04, 0xA5, 0x6B,
    0xC5, 0x66, 0x90, 0x24, 0xA5, 0x6B, 0xE5, 0x66, 0x85, 0x6B, 0xA5, 0x6A,
    0xE5, 0x65, 0x85, 0x6A, 0xA5, 0x69, 0xE5, 0x64, 0x85, 0x69, 0xA5, 0x68,
    0xE5, 0x63, 0x85, 0x68, 0xA5, 0x67, 0xE5, 0x62, 0x85, 0x67, 0xA5, 0x5E,
    0x09, 0x01, 0x85, 0x5E, 0x20, 0xCD, 0xD6, 0x06, 0x6B, 0x26, 0x6A, 0x26,
    0x69, 0x26, 0x68, 0x26, 0x67, 0xCA, 0xD0, 0xAE, 0x4C, 0x98, 0xDA, 0x20,
    0xEB, 0xD0, 0x20, 0x86, 0xD6, 0xF0, 0x26, 0x10, 0x01, 0x00, 0x20, 0x31,
    0xD8, 0xA5, 0x59, 0x4A, 0x69, 0x40, 0x85, 0x59, 0xA9, 0x05, 0x85, 0x6E,
    0x20, 0x27, 0xD8, 0x20, 0xAA, 0xDB, 0x20, 0xB6, 0xDA, 0x20, 0xA2, 0xDB,
    0x20, 0x3C, 0xD9, 0xC6, 0x59, 0xC6, 0x6E, 0xD0, 0xEB, 0x60, 0xA9, 0xD4,
    0xD0, 0x0A, 0xA9, 0xCA, 0xD0, 0x06, 0xA9, 0xCF, 0xD0, 0x02, 0xA9, 0xC5,
    0x85, 0x6F, 0xA9, 0x03, 0x85, 0x70, 0x60, 0x20, 0xEB, 0xD0, 0x20, 0x86,
    0xD6, 0xF0, 0x02, 0x10, 0x01, 0x00, 0xA5, 0x59, 0x48, 0xA9, 0x81, 0x85,
    0x59, 0x20, 0xC7, 0xD8, 0xA9, 0xC0, 0x85, 0x62, 0xA9, 0x81, 0x85, 0x61,
    0x85, 0x5F, 0x20, 0x41, 0xD9, 0xE6, 0x59, 0xA9, 0xFE, 0xA0, 0xDB, 0x20,
    0x27, 0xDC, 0x20, 0x31, 0xD8, 0x68, 0x38, 0xE9, 0x81, 0x20, 0xB2, 0xD7,
    0xA9, 0xF9, 0x85, 0x6F, 0xA9, 0xDB, 0x85, 0x70, 0x20, 0x45, 0xDA, 0x20,
    0xAA, 0xDB, 0x4C, 0x3C, 0xD9, 0x80, 0x31, 0x72, 0x17, 0xF8, 0x07, 0x85,
    0x17, 0x6E, 0xD4, 0x85, 0x80, 0x28, 0xC7, 0x12, 0xA0, 0x84, 0x70, 0x4E,
    0x5F, 0xF2, 0x81, 0x00, 0x00, 0xFE, 0xEF, 0x84, 0x0F, 0xFF, 0xDA, 0xE1,
    0x81, 0x7F, 0xFF, 0xFF, 0x93, 0x82, 0x40, 0x00, 0x00, 0x0C, 0x7F, 0x4F,
    0x99, 0x1F, 0x65, 0x85, 0x71, 0x84, 0x72, 0x20, 0x31, 0xD8, 0xA0, 0x00,
    0xB1, 0x71, 0x85, 0x6C, 0xE6, 0x71, 0xD0, 0x02, 0xE6, 0x72, 0xA5, 0x71,
    0x85, 0x6F, 0xA5, 0x72, 0x85, 0x70, 0x20, 0xE5, 0xD1, 0x20, 0xAA, 0xDB,
    0x20, 0xB6, 0xDA, 0x18, 0xA5, 0x71, 0x69, 0x05, 0x85, 0x71, 0x85, 0x6F,
    0xA5, 0x72, 0x69, 0x00, 0x85, 0x72, 0x85, 0x70, 0x20, 0x3C, 0xD9, 0xC6,
    0x6C, 0xD0, 0xE2, 0x60, 0x20, 0xEB, 0xD0, 0x20, 0x86, 0xD6, 0xF0, 0x0D,
    0x10, 0x0C, 0xA9, 0x00, 0x85, 0x57, 0x20, 0x7A, 0xDC, 0xA9, 0x80, 0x85,
    0x57, 0x60, 0xA5, 0x59, 0xC9, 0x81, 0x90, 0x0C, 0x20, 0xAE, 0xDA, 0x20,
    0x8C, 0xDC, 0x20, 0x93, 0xDD, 0x4C, 0x39, 0xD9, 0xA5, 0x59, 0xC9, 0x73,
    0x90, 0xE7, 0x20, 0x2C, 0xD8, 0x20, 0xC7, 0xD8, 0xA9, 0x80, 0x85, 0x61,
    0x85, 0x62, 0x85, 0x5F, 0x20, 0x41, 0xD9, 0xA9, 0xB0, 0xA0, 0xDC, 0x20,
    0x27, 0xDC, 0x20, 0xA6, 0xDB, 0x4C, 0x45, 0xDA, 0x09, 0x85, 0xA3, 0x59,
    0xE8, 0x67, 0x80, 0x1C, 0x9D, 0x07, 0x36, 0x80, 0x57, 0xBB, 0x78, 0xDF,
    0x80, 0xCA, 0x9A, 0x0E, 0x83, 0x84, 0x8C, 0xBB, 0xCA, 0x6E, 0x81, 0x95,
    0x96, 0x06, 0xDE, 0x81, 0x0A, 0xC7, 0x6C, 0x52, 0x7F, 0x7D, 0xAD, 0x90,
    0xA1, 0x82, 0xFB, 0x62, 0x57, 0x2F, 0x80, 0x6D, 0x63, 0x38, 0x2C, 0x20,
    0xEB, 0xD0, 0x20, 0x24, 0xDD, 0xE6, 0x6E, 0x4C, 0xF4, 0xDC, 0x20, 0xEB,
    0xD0, 0x20, 0x24, 0xDD, 0x46, 0x6E, 0x90, 0x03, 0x20, 0x86, 0xDC, 0x46,
    0x6E, 0x90, 0x06, 0x20, 0x05, 0xDD, 0x4C, 0xBF, 0xD1, 0x20, 0x2C, 0xD8,
    0x20, 0x93, 0xDD, 0x20, 0x04, 0xD8, 0xC6, 0x61, 0xA9, 0x80, 0x85, 0x5F,
    0x20, 0x41, 0xD9, 0xA9, 0xA6, 0xA0, 0xDD, 0x20, 0x27, 0xDC, 0x20, 0xA6,
    0xDB, 0x4C, 0x45, 0xDA, 0xA5, 0x59, 0xC9, 0x98, 0xB0, 0x54, 0x20, 0x31,
    0xD8, 0x20, 0x93, 0xDD, 0x20, 0xDC, 0xDA, 0x20, 0x9A, 0xD8, 0xA5, 0x5D,
    0x85, 0x6E, 0x05, 0x5C, 0x05, 0x5B, 0x05, 0x5A, 0xF0, 0x3E, 0x20, 0xAC,
    0xD2, 0x20, 0x27, 0xD8, 0x20, 0x86, 0xDD, 0x20, 0x45, 0xDA, 0x20, 0xAA,
    0xDB, 0x20, 0x3C, 0xD9, 0x20, 0x3D, 0xD8, 0x20, 0xA2, 0xDB, 0x20, 0xE5,
    0xD1, 0x20, 0x8A, 0xDD, 0x20, 0x45, 0xDA, 0x20, 0xAA, 0xDB, 0x20, 0x3C,
    0xD9, 0xA5, 0x57, 0x10, 0x12, 0x20, 0x8A, 0xDD, 0x20, 0x33, 0xD9, 0x20,
    0x86, 0xDD, 0x20, 0x33, 0xD9, 0xC6, 0x6E, 0x4C, 0x69, 0xDD, 0x00, 0x60,
    0x20, 0xDA, 0xD2, 0x4C, 0x69, 0xDD, 0xA9, 0x97, 0xD0, 0x02, 0xA9, 0x9C,
    0x85, 0x6F, 0xA9, 0xDD, 0x85, 0x70, 0x60, 0xA9, 0xA1, 0xD0, 0xF5, 0x81,
    0xC9, 0x00, 0x00, 0x00, 0x75, 0xFD, 0xAA, 0x22, 0x17, 0x81, 0x49, 0x0F,
    0xDA, 0xA2, 0x08, 0x84, 0x04, 0xC7, 0x3C, 0xFB, 0x81, 0xE0, 0x4F, 0x5D,
    0xAD, 0x82, 0x80, 0x00, 0x69, 0xB8, 0x82, 0x5B, 0xCF, 0x1D, 0xB5, 0x82,
    0xBF, 0xCE, 0x82, 0x1E, 0x82, 0x45, 0x44, 0x7F, 0x32, 0x7F, 0x62, 0x44,
    0x5A, 0xD2, 0x83, 0x82, 0x14, 0x8A, 0x27, 0x80, 0x66, 0x7B, 0x21, 0x4D,
    0x20, 0xEB, 0xD0, 0xA5, 0x59, 0xC9, 0x87, 0x90, 0x10, 0xD0, 0x06, 0xA5,
    0x5A, 0xC9, 0xB3, 0x90, 0x08, 0xA5, 0x57, 0x10, 0x03, 0x4C, 0xA4, 0xDA,
    0x00, 0xA5, 0x59, 0xC9, 0x80, 0x90, 0x29, 0x20, 0x9A, 0xD8, 0x20, 0xE2,
    0xD8, 0xA5, 0x5D, 0x85, 0x6E, 0x20, 0x13, 0xD9, 0x20, 0x1C, 0xDE, 0x20,
    0x2C, 0xD8, 0xA9, 0x23, 0x85, 0x6F, 0xA9, 0xDE, 0x85, 0x70, 0x20, 0xE5,
    0xD1, 0xA5, 0x6E, 0x20, 0x51, 0xDE, 0x20, 0xA6, 0xDB, 0x4C, 0x45, 0xDA,
    0xA9, 0x28, 0xA0, 0xDE, 0x4C, 0x27, 0xDC, 0x82, 0x2D, 0xF8, 0x54, 0x58,
    0x07, 0x83, 0xE0, 0x20, 0x86, 0x5B, 0x82, 0x80, 0x53, 0x93, 0xB8, 0x83,
    0x20, 0x00, 0x06, 0xA1, 0x82, 0x00, 0x00, 0x21, 0x63, 0x82, 0xC0, 0x00,
    0x00, 0x02, 0x82, 0x80, 0x00, 0x00, 0x0C, 0x81, 0x00, 0x00, 0x00, 0x00,
    0x81, 0x00, 0x00, 0x00, 0x00, 0xAA, 0x10, 0x09, 0xCA, 0x8A, 0x49, 0xFF,
    0x48, 0x20, 0xAE, 0xDA, 0x68, 0x48, 0x20, 0x31, 0xD8, 0x20, 0x8D, 0xDE,
    0x68, 0xF0, 0x0A, 0x38, 0xE9, 0x01, 0x48, 0x20, 0x45, 0xDA, 0x4C, 0x64,
    0xDE, 0x60, 0x20, 0xEB, 0xD0, 0xA5, 0x57, 0x10, 0x0A, 0xA9, 0x00, 0x85,
    0x57, 0x20, 0x83, 0xDE, 0x4C, 0xBF, 0xD1, 0xA5, 0x59, 0xC9, 0x81, 0x90,
    0x33, 0xC9, 0x85, 0x90, 0x0B, 0x20, 0xA4, 0xDA, 0xA0, 0x80, 0x84, 0x5A,
    0xC8, 0x84, 0x59, 0x60, 0xE6, 0x59, 0xA9, 0x80, 0x85, 0x57, 0x20, 0xD7,
    0xDD, 0x20, 0x31, 0xD8, 0x20, 0x8D, 0xDE, 0x20, 0x3C, 0xD9, 0x20, 0x27,
    0xD8, 0x20, 0x8D, 0xDE, 0x20, 0xAA, 0xDB, 0x20, 0x33, 0xD9, 0x20, 0xA2,
    0xDB, 0x4C, 0xDC, 0xDA, 0x20, 0x2C, 0xD8, 0x20, 0x8D, 0xDE, 0xC6, 0x59,
    0x20, 0x33, 0xD9, 0xA9, 0xD4, 0xA0, 0xDE, 0x20, 0x27, 0xDC, 0x20, 0xA6,
    0xDB, 0x4C, 0x45, 0xDA, 0x08, 0x7E, 0x85, 0x51, 0xB3, 0x0C, 0x86, 0xDE,
    0xB0, 0x7D, 0x73, 0x7C, 0x23, 0xD8, 0xE9, 0x9A, 0x87, 0x34, 0x82, 0x1D,
    0x80, 0x81, 0x9A, 0x20, 0x6C, 0xED, 0x81, 0xBD, 0x32, 0x34, 0x2E, 0x7F,
    0x5D, 0x46, 0x87, 0xB4, 0x82, 0x68, 0x3E, 0x43, 0xF7, 0x80, 0x6C, 0x9A,
    0x9E, 0xBB, 0x20, 0xC8, 0xC3, 0xA5, 0x52, 0x29, 0x03, 0xA8, 0xB9, 0x4E,
    0xDF, 0x8D, 0xFD, 0x03, 0xAD, 0x00, 0xB0, 0x29, 0xF0, 0xC9, 0x70, 0xD0,
    0x0C, 0xA9, 0x00, 0xA8, 0x99, 0x00, 0x86, 0x99, 0x00, 0x87, 0x88, 0xD0,
    0xF7, 0xAD, 0x00, 0xB0, 0x29, 0xDF, 0x8D, 0x00, 0xB0, 0x2A, 0x2A, 0x2A,
    0x29, 0x03, 0xA8, 0xB9, 0x42, 0xDF, 0x8D, 0xFE, 0x03, 0xB9, 0x46, 0xDF,
    0x8D, 0xFF, 0x03, 0x4C, 0x58, 0xC5, 0x52, 0x70, 0x88, 0xA0, 0xDF, 0xDF,
    0xDF, 0xDF, 0x3F, 0xCF, 0xF3, 0xFC, 0x00, 0x55, 0xAA, 0xFF, 0xA5, 0x5B,
    0x05, 0x5D, 0xD0, 0x47, 0xA5, 0x5A, 0xC9, 0x40, 0xB0, 0x41, 0x4A, 0x4A,
    0x85, 0x5F, 0xA0, 0x00, 0x84, 0x60, 0xA9, 0x3F, 0x38, 0xE5, 0x5C, 0xC9,
    0x40, 0x90, 0x4F, 0x60, 0xA5, 0x5B, 0x05, 0x5D, 0xD0, 0x29, 0xA5, 0x5A,
    0x30, 0x25, 0x4A, 0x4A, 0x85, 0x5F, 0xA9, 0x3F, 0x38, 0xE5, 0x5C, 0xC9,
    0x40, 0x90, 0x30, 0x60, 0xA5, 0x5B, 0x05, 0x5D, 0xD0, 0x11, 0xA5, 0x5A,
    0x30, 0x0D, 0x4A, 0x4A, 0x85, 0x5F, 0xA9, 0x5F, 0x38, 0xE5, 0x5C, 0xC9,
    0x60, 0x90, 0x18, 0x60, 0xA5, 0x5B, 0x05, 0x5D, 0xD0, 0xF9, 0xA5, 0x5A,
    0x30, 0xF5, 0x4A, 0x4A, 0x85, 0x5F, 0xA9, 0xBF, 0x38, 0xE5, 0x5C, 0xC9,
    0xC0, 0xB0, 0xE8, 0xA0, 0x00, 0x84, 0x60, 0x0A, 0x26, 0x60, 0x0A, 0x26,
    0x60, 0x0A, 0x26, 0x60, 0x0A, 0x26, 0x60, 0x0A, 0x26, 0x60, 0x65, 0x5F,
    0x85, 0x5F, 0xA5, 0x60, 0x69, 0x80, 0x85, 0x60, 0xA5, 0x5A, 0x29, 0x03,
    0xAA, 0xBD, 0x4A, 0xDF, 0xA6, 0x5E, 0xCA, 0xF0, 0x0F, 0xCA, 0xF0, 0x05,
    0x31, 0x5F, 0x91, 0x5F, 0x60, 0x49, 0xFF, 0x51, 0x5F, 0x91, 0x5F, 0x60,
    0xAA, 0x31, 0x5F, 0x91, 0x5F, 0x8A, 0x49, 0xFF, 0x2D, 0xFD, 0x03, 0x11,
    0x5F, 0x91, 0x5F, 0x60, 0x2C, 0x01, 0xB0, 0x70, 0x03, 0x4C, 0xB2, 0xC2,
    0x98, 0x48, 0x8A, 0x48, 0x20, 0x9D, 0xE0, 0xA8, 0xA2, 0x00, 0x8E, 0xCA,
    0x03, 0xA9, 0x2B, 0x8D, 0x0B, 0x80, 0xBD, 0xD0, 0xEF, 0x29, 0xBF, 0x9D,
    0x0D, 0x80, 0xE8, 0xC9, 0x20, 0xD0, 0xF3, 0x2C, 0x02, 0xB0, 0x70, 0x22,
    0xCA, 0x29, 0xBF, 0x9D, 0x0D, 0x80, 0xE8, 0xBD, 0xD0, 0xEF, 0xC9, 0x0D,
    0xD0, 0xF3, 0x98, 0x20, 0x75, 0xE0, 0xA0, 0x00, 0xBD, 0x1D, 0xE9, 0x29,
    0xBF, 0x99, 0x1C, 0x80, 0xE8, 0xC8, 0xC0, 0x04, 0xD0, 0xF2, 0x20, 0x91,
    0xE0, 0xA9, 0xF0, 0x8D, 0x00, 0xB4, 0x20, 0x47, 0xE6, 0xAD, 0x00, 0xB4,
    0x0A, 0x4D, 0x01, 0xB0, 0x10, 0x0A, 0xA9, 0xC1, 0x8D, 0x0A, 0x02, 0xA9,
    0xE0, 0x8D, 0x0B, 0x02, 0x68, 0xAA, 0x68, 0xA8, 0x4C, 0xB2, 0xC2, 0x68,
    0x40, 0x09, 0x08, 0x85, 0xAE, 0xA9, 0xFC, 0x18, 0x69, 0x04, 0x46, 0xAE,
    0x90, 0xFA, 0xAA, 0x60, 0xA2, 0x00, 0xBD, 0xD0, 0xEF, 0x20, 0xF4, 0xFF,
    0xE8, 0xE0, 0x10, 0xD0, 0xF5, 0xA2, 0x17, 0xBD, 0x2D, 0xE9, 0x9D, 0x04,
    0x02, 0xCA, 0x10, 0xF7, 0x60, 0xA9, 0xFE, 0x8D, 0x00, 0xB4, 0x20, 0x47,
    0xE6, 0xAD, 0x00, 0xB4, 0xC9, 0xAA, 0xD0, 0xF1, 0xA9, 0xFE, 0x8D, 0x00,
    0xB4, 0x20, 0x47, 0xE6, 0xAD, 0x00, 0xB4, 0xC9, 0x55, 0xD0, 0xE2, 0xA9,
    0x80, 0x20, 0x4F, 0xE6, 0x60, 0x08, 0xD8, 0x86, 0xE4, 0x84, 0xE5, 0xAE,
    0xCA, 0x03, 0xBD, 0x45, 0xE9, 0xC9, 0x0D, 0xF0, 0x0A, 0xE8, 0x8E, 0xCA,
    0x03, 0xA6, 0xE4, 0xA4, 0xE5, 0x28, 0x60, 0xA9, 0x94, 0x8D, 0x0A, 0x02,
    0xA9, 0xFE, 0x8D, 0x0B, 0x02, 0xA9, 0x0D, 0x48, 0x4C, 0x5C, 0xFE, 0xA2,
    0xFF, 0xD8, 0xA0, 0x00, 0x20, 0x76, 0xF8, 0x88, 0xC8, 0xE8, 0xBD, 0x4C,
    0xE9, 0x30, 0x18, 0xD9, 0x00, 0x01, 0xF0, 0xF4, 0xCA, 0xE8, 0xBD, 0x4C,
    0xE9, 0x10, 0xFA, 0xE8, 0xB9, 0x00, 0x01, 0xC9, 0x2E, 0xD0, 0xDF, 0xC8,
    0xCA, 0xB0, 0xE3, 0x84, 0x9A, 0xA4, 0x03, 0x84, 0xD5, 0xA4, 0x05, 0x84,
    0xD6, 0xA4, 0x06, 0x84, 0xD7, 0xA0, 0x00, 0x84, 0x05, 0xA0, 0x01, 0x84,
    0x06, 0xA4, 0x9A, 0x84, 0x03, 0x85, 0x53, 0xBD, 0x4D, 0xE9, 0x85, 0x52,
    0xA2, 0x00, 0x20, 0x4A, 0xE1, 0xA4, 0xD6, 0x84, 0x05, 0xA4, 0xD7, 0x84,
    0x06, 0xA4, 0xD5, 0x84, 0x03, 0xA9, 0x0D, 0x91, 0x05, 0x60, 0x6C, 0x52,
    0x00, 0xA9, 0x00, 0x8D, 0xCD, 0x03, 0xA9, 0x0D, 0x8D, 0x40, 0x01, 0x20,
    0x76, 0xF8, 0xC9, 0x0D, 0xF0, 0x2D, 0xC9, 0x40, 0xF0, 0x1B, 0xA2, 0x00,
    0x9D, 0x40, 0x01, 0xC9, 0x0D, 0xF0, 0x20, 0xC9, 0x20, 0xF0, 0x07, 0xC8,
    0xB9, 0x00, 0x01, 0xE8, 0xD0, 0xEE, 0xA9, 0x0D, 0x9D, 0x40, 0x01, 0xD0,
    0xDA, 0xC8, 0xB9, 0x00, 0x01, 0xC9, 0x0D, 0xF0, 0x06, 0x8D, 0xCD, 0x03,
    0xC8, 0xD0, 0xCC, 0x20, 0x62, 0xE5, 0xA9, 0x00, 0x20, 0x4F, 0xE6, 0x20,
    0x8D, 0xE6, 0xA9, 0x01, 0x20, 0x4F, 0xE6, 0x20, 0x8D, 0xE6, 0xC9, 0x40,
    0xD0, 0x01, 0x60, 0x20, 0x6F, 0xE6, 0xAD, 0x02, 0xB4, 0x29, 0x02, 0xD0,
    0x1B, 0xAD, 0x40, 0x01, 0xA0, 0x00, 0xAE, 0xCD, 0x03, 0xF0, 0x05, 0xEC,
    0x40, 0x01, 0xD0, 0xDA, 0x20, 0xF4, 0xFF, 0xC8, 0xB9, 0x40, 0x01, 0xD0,
    0xF7, 0x20, 0xED, 0xFF, 0x2C, 0x02, 0xB0, 0x50, 0xFB, 0xAD, 0x01, 0xB0,
    0x2A, 0x90, 0xF5, 0x2A, 0x90, 0xF2, 0x2A, 0xB0, 0xBD, 0x4C, 0xED, 0xFF,
    0x60, 0x20, 0x76, 0xF8, 0xD0, 0x03, 0x4C, 0x7D, 0xFA, 0x20, 0x1F, 0xE7,
    0x20, 0x44, 0xF8, 0x20, 0x76, 0xFA, 0xA2, 0xC9, 0x20, 0x4F, 0xF8, 0x20,
    0x62, 0xE5, 0xA9, 0x02, 0x20, 0x4F, 0xE6, 0x4C, 0x8D, 0xE6, 0x60, 0xA9,
    0xA0, 0x85, 0xCE, 0x4C, 0x11, 0xE2, 0xA9, 0xA2, 0x85, 0xCE, 0x4C, 0x11,
    0xE2, 0xA9, 0xF0, 0x85, 0xCE, 0xA2, 0xCB, 0x20, 0x93, 0xF8, 0xD0, 0x11,
    0xA5, 0xCE, 0x8D, 0x00, 0xB4, 0x20, 0x47, 0xE6, 0xAD, 0x00, 0xB4, 0x20,
    0x02, 0xF8, 0x4C, 0xED, 0xFF, 0xA5, 0xCB, 0x8D, 0x01, 0xB4, 0x20, 0x47,
    0xE6, 0xA6, 0xCE, 0xE8, 0x8A, 0x8D, 0x00, 0xB4, 0x60, 0xA2, 0xCF, 0x20,
    0x65, 0xFA, 0xA2, 0xD1, 0x20, 0x65, 0xFA, 0xA0, 0xFF, 0x84, 0xC9, 0x84,
    0xCA, 0xC8, 0xF0, 0x09, 0xA9, 0x00, 0x20, 0x68, 0xE2, 0xE6, 0xD0, 0xC6,
    0xD2, 0xA5, 0xD2, 0xD0, 0xF3, 0xA5, 0xD1, 0xF0, 0x03, 0x20, 0x68, 0xE2,
    0xA2, 0xC9, 0x20, 0xF1, 0xF7, 0x4C, 0xED, 0xFF, 0x85, 0xCB, 0xB1, 0xCF,
    0x84, 0xCC, 0x45, 0xCA, 0x85, 0xCA, 0x4A, 0x4A, 0x4A, 0x4A, 0xAA, 0x0A,
    0x45, 0xC9, 0x85, 0xC9, 0x8A, 0x45, 0xCA, 0x85, 0xCA, 0x0A, 0x0A, 0x0A,
    0xAA, 0x0A, 0x0A, 0x45, 0xCA, 0xA8, 0x8A, 0x2A, 0x45, 0xC9, 0x85, 0xCA,
    0x84, 0xC9, 0xA4, 0xCC, 0xC8, 0xC6, 0xCB, 0xD0, 0xD1, 0x60, 0x20, 0x1F,
    0xE7, 0x20, 0x4F, 0xE5, 0x20, 0xB1, 0xE2, 0x48, 0x20, 0xED, 0xFF, 0x68,
    0xC9, 0x59, 0xF0, 0x01, 0x60, 0x20, 0x3F, 0xE6, 0x60, 0x20, 0xD1, 0xF7,
    0x43, 0x4F, 0x4E, 0x46, 0x49, 0x52, 0x4D, 0x20, 0x28, 0x59, 0x29, 0x3A,
    0xEA, 0x20, 0xE3, 0xFF, 0x4C, 0xF4, 0xFF, 0x20, 0x1F, 0xE7, 0x20, 0x4F,
    0xE5, 0xA9, 0x40, 0x85, 0xAC, 0xA9, 0x01, 0x85, 0xAD, 0xA9, 0x15, 0x20,
    0x4F, 0xE6, 0xA2, 0x0D, 0x20, 0x7E, 0xE6, 0xAD, 0x40, 0x01, 0x85, 0xCA,
    0xAD, 0x41, 0x01, 0x85, 0xCB, 0xA9, 0x00, 0x85, 0xC9, 0xA9, 0xF8, 0x8D,
    0x0A, 0x02, 0xA9, 0xE2, 0x8D, 0x0B, 0x02, 0x60, 0x08, 0xD8, 0xA5, 0xC9,
    0xD0, 0x30, 0xA5, 0xCB, 0xD0, 0x06, 0xA5, 0xCA, 0xC9, 0x11, 0x90, 0x02,
    0xA9, 0x10, 0x85, 0xC9, 0xA5, 0xCA, 0x38, 0xE5, 0xC9, 0x85, 0xCA, 0xB0,
    0x02, 0xC6, 0xCB, 0xA5, 0xC9, 0x8D, 0x01, 0xB4, 0x20, 0x47, 0xE6, 0xA9,
    0x22, 0x20, 0x4F, 0xE6, 0xC9, 0x40, 0xF0, 0x03, 0x4C, 0xDB, 0xE0, 0x20,
    0x5F, 0xE6, 0xC6, 0xC9, 0xD0, 0x15, 0xA5, 0xCA, 0x05, 0xCB, 0xD0, 0x0F,
    0xA9, 0x94, 0x8D, 0x0A, 0x02, 0xA9, 0xFE, 0x8D, 0x0B, 0x02, 0xAD, 0x02,
    0xB4, 0x28, 0x60, 0xAD, 0x02, 0xB4, 0xC9, 0x0A, 0xF0, 0xAC, 0x28, 0x60,
    0x20, 0x1F, 0xE7, 0x20, 0x4F, 0xE5, 0xA9, 0x40, 0x85, 0xAC, 0xA9, 0x01,
    0x85, 0xAD, 0xA9, 0x15, 0x20, 0x4F, 0xE6, 0xA2, 0x0D, 0x20, 0x7E, 0xE6,
    0x24, 0xEA, 0x10, 0x01, 0x60, 0xA2, 0x03, 0x20, 0x85, 0xE3, 0xA2, 0x07,
    0x20, 0x85, 0xE3, 0xA2, 0x0B, 0x20, 0x85, 0xE3, 0xAD, 0x4C, 0x01, 0x20,
    0x02, 0xF8, 0x4C, 0xED, 0xFF, 0xBD, 0x40, 0x01, 0x20, 0x02, 0xF8, 0xCA,
    0xBD, 0x40, 0x01, 0x20, 0x02, 0xF8, 0xCA, 0xBD, 0x40, 0x01, 0x20, 0x02,
    0xF8, 0xCA, 0xBD, 0x40, 0x01, 0x4C, 0xFA, 0xF7, 0xA2, 0x00, 0xBD, 0xD0,
    0xEF, 0x20, 0xF4, 0xFF, 0xE8, 0xE0, 0x30, 0xD0, 0xF5, 0x20, 0xED, 0xFF,
    0x20, 0xD1, 0xF7, 0x49, 0x4E, 0x54, 0x45, 0x52, 0x46, 0x41, 0x43, 0x45,
    0x20, 0x46, 0x2F, 0x57, 0x20, 0x56, 0x45, 0x52, 0x53, 0x49, 0x4F, 0x4E,
    0x20, 0xEA, 0xA9, 0xE0, 0x8D, 0x00, 0xB4, 0x20, 0x47, 0xE6, 0xAD, 0x00,
    0xB4, 0x20, 0x2D, 0xE4, 0x20, 0xED, 0xFF, 0x20, 0xD1, 0xF7, 0x42, 0x4F,
    0x4F, 0x54, 0x4C, 0x4F, 0x41, 0x44, 0x45, 0x52, 0x20, 0x56, 0x45, 0x52,
    0x53, 0x49, 0x4F, 0x4E, 0x20, 0xEA, 0xA9, 0xE1, 0x8D, 0x00, 0xB4, 0x20,
    0x47, 0xE6, 0xAD, 0x00, 0xB4, 0x20, 0x2D, 0xE4, 0x20, 0xED, 0xFF, 0x20,
    0xD1, 0xF7, 0x43, 0x41, 0x52, 0x44, 0x20, 0x54, 0x59, 0x50, 0x45, 0x3A,
    0x20, 0xEA, 0xA9, 0x80, 0x20, 0x4F, 0xE6, 0x20, 0x75, 0xE0, 0xA0, 0x04,
    0xBD, 0x1D, 0xE9, 0xC9, 0x20, 0xF0, 0x03, 0x20, 0xF4, 0xFF, 0xE8, 0x88,
    0xD0, 0xF2, 0x4C, 0xED, 0xFF, 0x48, 0x4A, 0x4A, 0x4A, 0x4A, 0x20, 0x0B,
    0xF8, 0xA9, 0x2E, 0x20, 0xF4, 0xFF, 0x68, 0x4C, 0x0B, 0xF8, 0xA9, 0x00,
    0x85, 0xCD, 0x20, 0x1F, 0xE7, 0x20, 0x4F, 0xE5, 0x20, 0x7C, 0xE5, 0x20,
    0xE2, 0xE6, 0x20, 0x01, 0xE7, 0x4C, 0xED, 0xFF, 0x20, 0x1F, 0xE7, 0x20,
    0x44, 0xF8, 0x4C, 0x5B, 0xF9, 0x20, 0x4F, 0xF8, 0x20, 0x4F, 0xE5, 0x20,
    0x7C, 0xE5, 0x24, 0xEA, 0x30, 0x06, 0x20, 0x01, 0xE7, 0x20, 0xED, 0xFF,
    0x4C, 0xA7, 0xE5, 0x20, 0x1F, 0xE7, 0x20, 0x76, 0xF8, 0xA2, 0x00, 0xB9,
    0x00, 0x01, 0x9D, 0x00, 0x01, 0xE8, 0xC8, 0xC9, 0x0D, 0xD0, 0xF4, 0x88,
    0xA5, 0xEA, 0x48, 0xA9, 0xFF, 0x85, 0xEA, 0x20, 0x44, 0xF8, 0x20, 0x5B,
    0xF9, 0x68, 0x85, 0xEA, 0xA5, 0xCD, 0xC9, 0xB2, 0xD0, 0x11, 0xA5, 0xCE,
    0xC9, 0xC2, 0xD0, 0x0B, 0xA9, 0xB2, 0x85, 0x05, 0xA9, 0xE4, 0x85, 0x06,
    0x4C, 0xF2, 0xC2, 0x6C, 0xCD, 0x00, 0x52, 0x55, 0x4E, 0x0D, 0x20, 0x1F,
    0xE7, 0x20, 0x44, 0xF8, 0x4C, 0xBE, 0xFA, 0x20, 0x4F, 0xF8, 0x20, 0x57,
    0xE5, 0x29, 0x3F, 0xF0, 0x1D, 0xC9, 0x08, 0xF0, 0x03, 0x4C, 0x8D, 0xE6,
    0x20, 0x37, 0xE5, 0x48, 0x20, 0xED, 0xFF, 0x68, 0xC9, 0x59, 0xF0, 0x01,
    0x60, 0x20, 0x3F, 0xE6, 0x20, 0x57, 0xE5, 0x20, 0x8D, 0xE6, 0xA5, 0xCB,
    0x8D, 0x50, 0x01, 0xA5, 0xCC, 0x8D, 0x51, 0x01, 0xA5, 0xCD, 0x8D, 0x52,
    0x01, 0xA5, 0xCE, 0x8D, 0x53, 0x01, 0x38, 0xA5, 0xD2, 0xE5, 0xD0, 0x8D,
    0x55, 0x01, 0xA5, 0xD1, 0xE5, 0xCF, 0x8D, 0x54, 0x01, 0xA2, 0xFF, 0xE8,
    0xBD, 0x40, 0x01, 0xC9, 0x0D, 0xD0, 0xF8, 0xA9, 0x00, 0x9D, 0x40, 0x01,
    0xE8, 0xE0, 0x10, 0xD0, 0xF8, 0x20, 0xEA, 0xE5, 0x20, 0xFE, 0xE5, 0x24,
    0xEA, 0x30, 0x0D, 0xA2, 0x05, 0xBD, 0x50, 0x01, 0x95, 0xCB, 0xCA, 0x10,
    0xF8, 0x20, 0x01, 0xE7, 0x4C, 0xED, 0xFF, 0x20, 0xD1, 0xF7, 0x4F, 0x56,
    0x45, 0x52, 0x57, 0x52, 0x49, 0x54, 0x45, 0x20, 0x28, 0x59, 0x29, 0x3A,
    0xEA, 0x20, 0xE3, 0xFF, 0x4C, 0xF4, 0xFF, 0xA9, 0x11, 0x20, 0x59, 0xE5,
    0x4C, 0x8D, 0xE6, 0xA9, 0x13, 0x48, 0x20, 0x62, 0xE5, 0x68, 0x20, 0x4F,
    0xE6, 0x60, 0x20, 0x67, 0xE6, 0xA2, 0x00, 0xF0, 0x04, 0x8D, 0x03, 0xB4,
    0xE8, 0xBD, 0x40, 0x01, 0xC9, 0x0D, 0xD0, 0xF5, 0xA9, 0x00, 0x8D, 0x03,
    0xB4, 0x4C, 0x47, 0xE6, 0xA9, 0x40, 0x85, 0xAC, 0xA9, 0x01, 0x85, 0xAD,
    0xA9, 0x16, 0x20, 0xCC, 0xE5, 0xA0, 0x05, 0xA2, 0x03, 0x24, 0xCD, 0x30,
    0x02, 0xA2, 0x05, 0xB9, 0x50, 0x01, 0x99, 0xCB, 0x00, 0x88, 0xCA, 0x10,
    0xF6, 0x60, 0xA9, 0x00, 0x20, 0xC2, 0xE5, 0xE6, 0xCC, 0xC6, 0xD0, 0xA5,
    0xD0, 0xD0, 0xF3, 0xA5, 0xCF, 0xF0, 0x10, 0x20, 0xC2, 0xE5, 0xA5, 0xCB,
    0x18, 0x65, 0xCF, 0x85, 0xCB, 0x90, 0x02, 0xE6, 0xCC, 0x86, 0xCF, 0x4C,
    0x10, 0xE6, 0x48, 0xA5, 0xCB, 0x85, 0xAC, 0xA5, 0xCC, 0x85, 0xAD, 0x68,
    0xAA, 0x8D, 0x01, 0xB4, 0x20, 0x47, 0xE6, 0xA9, 0x22, 0x20, 0x4F, 0xE6,
    0x20, 0x8D, 0xE6, 0x20, 0x5F, 0xE6, 0xA0, 0x00, 0xAD, 0x02, 0xB4, 0x91,
    0xAC, 0xC8, 0xCA, 0xD0, 0xF7, 0x60, 0xA9, 0x40, 0x85, 0xAC, 0xA9, 0x01,
    0x85, 0xAD, 0xA9, 0x16, 0x4C, 0x20, 0xE6, 0xA9, 0x00, 0x20, 0x18, 0xE6,
    0xE6, 0xD0, 0xA5, 0xD0, 0xC5, 0xD2, 0xD0, 0xF3, 0xA5, 0xD1, 0xC5, 0xCF,
    0xF0, 0x06, 0x38, 0xE5, 0xCF, 0x20, 0x18, 0xE6, 0xA9, 0x10, 0x20, 0x4F,
    0xE6, 0x4C, 0x8D, 0xE6, 0xA4, 0xCF, 0x84, 0xAC, 0xA4, 0xD0, 0x84, 0xAD,
    0xAA, 0x48, 0x20, 0x67, 0xE6, 0xA0, 0x00, 0xB1, 0xAC, 0x8D, 0x03, 0xB4,
    0xC8, 0xCA, 0xD0, 0xF7, 0x68, 0x8D, 0x01, 0xB4, 0x20, 0x47, 0xE6, 0xA9,
    0x23, 0x20, 0x4F, 0xE6, 0x4C, 0x8D, 0xE6, 0xA9, 0x14, 0x20, 0x4F, 0xE6,
    0x4C, 0x8D, 0xE6, 0xA9, 0x08, 0x38, 0xE9, 0x01, 0xD0, 0xFC, 0x60, 0x8D,
    0x00, 0xB4, 0xA9, 0x00, 0x38, 0xE9, 0x01, 0xD0, 0xFC, 0xAD, 0x00, 0xB4,
    0x30, 0xF4, 0x60, 0xA9, 0x20, 0x8D, 0x00, 0xB4, 0x4C, 0x47, 0xE6, 0xA9,
    0x21, 0x8D, 0x00, 0xB4, 0x4C, 0x47, 0xE6, 0x20, 0x5F, 0xE6, 0xA0, 0xFF,
    0xC8, 0xAD, 0x02, 0xB4, 0x99, 0x40, 0x01, 0xD0, 0xF7, 0x60, 0x20, 0x5F,
    0xE6, 0xA0, 0x00, 0xAD, 0x02, 0xB4, 0x91, 0xAC, 0xC8, 0xCA, 0xD0, 0xF7,
    0x60, 0xC9, 0x41, 0xB0, 0x29, 0x60, 0x20, 0xA2, 0xE6, 0x29, 0xDF, 0x4C,
    0xAE, 0xE6, 0x20, 0xA2, 0xE6, 0x09, 0x20, 0x4C, 0xAE, 0xE6, 0xA9, 0xF0,
    0x8D, 0x00, 0xB4, 0x20, 0x47, 0xE6, 0xAD, 0x00, 0xB4, 0x60, 0x8D, 0x01,
    0xB4, 0x20, 0x47, 0xE6, 0xA9, 0xF1, 0x8D, 0x00, 0xB4, 0x60, 0x29, 0x3F,
    0xAA, 0xA0, 0xFF, 0xC8, 0xB9, 0xB3, 0xE9, 0xC9, 0x0D, 0xD0, 0xF8, 0xCA,
    0xD0, 0xF5, 0xC8, 0x98, 0x18, 0x69, 0xB3, 0x85, 0xD5, 0xA9, 0xE9, 0x69,
    0x00, 0x85, 0xD6, 0xA9, 0x7F, 0x85, 0x05, 0xA9, 0xEA, 0x85, 0x06, 0x4C,
    0xF2, 0xC2, 0xA2, 0x00, 0xF0, 0x04, 0x20, 0xF4, 0xFF, 0xE8, 0xBD, 0x40,
    0x01, 0xC9, 0x20, 0x90, 0x0B, 0xE0, 0x10, 0xD0, 0xF1, 0x60, 0xA9, 0x20,
    0x20, 0xF4, 0xFF, 0xE8, 0xE0, 0x10, 0xD0, 0xF6, 0x60, 0xA5, 0xCC, 0x20,
    0x02, 0xF8, 0xA5, 0xCB, 0x20, 0xFA, 0xF7, 0xA5, 0xCE, 0x20, 0x02, 0xF8,
    0xA5, 0xCD, 0x20, 0xFA, 0xF7, 0xA5, 0xD0, 0x20, 0x02, 0xF8, 0xA5, 0xCF,
    0x4C, 0xFA, 0xF7, 0xA2, 0x00, 0xA4, 0x9A, 0x20, 0x76, 0xF8, 0xC9, 0x22,
    0xF0, 0x1A, 0xC9, 0x0D, 0xF0, 0x0C, 0x9D, 0x40, 0x01, 0xE8, 0xC8, 0xB9,
    0x00, 0x01, 0xC9, 0x20, 0xD0, 0xF0, 0xA9, 0x0D, 0x9D, 0x40, 0x01, 0xE0,
    0x00, 0xF0, 0x1D, 0x60, 0xC8, 0xB9, 0x00, 0x01, 0xC9, 0x0D, 0xF0, 0x14,
    0x9D, 0x40, 0x01, 0xE8, 0xC9, 0x22, 0xD0, 0xF0, 0xCA, 0xC8, 0xB9, 0x00,
    0x01, 0xC9, 0x22, 0xD0, 0xDD, 0xE8, 0xB0, 0xE4, 0x4C, 0x7D, 0xFA, 0x20,
    0x76, 0xF8, 0x20, 0x7E, 0xF8, 0xB0, 0x1B, 0x85, 0xCB, 0xC8, 0xB9, 0x00,
    0x01, 0x20, 0x7E, 0xF8, 0xB0, 0x0D, 0xC8, 0x06, 0xCB, 0x06, 0xCB, 0x06,
    0xCB, 0x06, 0xCB, 0x05, 0xCB, 0x85, 0xCB, 0xA5, 0xCB, 0x18, 0x60, 0x20,
    0xD1, 0xF7, 0x3C, 0x50, 0x52, 0x45, 0x53, 0x53, 0x20, 0x41, 0x20, 0x4B,
    0x45, 0x59, 0x3E, 0xEA, 0x20, 0xE3, 0xFF, 0x48, 0xA9, 0x00, 0x85, 0xE0,
    0x20, 0xD1, 0xF7, 0x20, 0x20, 0x20, 0x20, 0x20, 0x20, 0x20, 0x20, 0x20,
    0x20, 0x20, 0x20, 0x20, 0xEA, 0xA9, 0x00, 0x85, 0xE0, 0x68, 0x60, 0xA9,
    0x20, 0x20, 0xF4, 0xFF, 0xE4, 0xE0, 0xB0, 0xF7, 0x60, 0xA2, 0x0A, 0x4C,
    0xBC, 0xE7, 0xA2, 0x10, 0x4C, 0xBC, 0xE7, 0x20, 0x54, 0xE4, 0x20, 0xE0,
    0xE7, 0xA5, 0x70, 0x85, 0x0D, 0x85, 0x23, 0xA5, 0x71, 0x85, 0x0E, 0x85,
    0x24, 0x4C, 0x86, 0xCE, 0xA5, 0x12, 0x85, 0x71, 0xA0, 0x00, 0x84, 0x70,
    0xA4, 0x03, 0xB1, 0x70, 0xC8, 0xC9, 0x0D, 0xD0, 0xF9, 0x88, 0x18, 0x98,
    0x65, 0x70, 0x85, 0x70, 0x90, 0x02, 0xE6, 0x71, 0xA0, 0x01, 0xB1, 0x70,
    0x10, 0xE6, 0x18, 0xA5, 0x70, 0x69, 0x02, 0x85, 0x70, 0x90, 0x02, 0xE6,
    0x71, 0x60, 0x08, 0xB5, 0x00, 0x85, 0xC9, 0xB5, 0x01, 0x85, 0xCA, 0xA0,
    0x00, 0xB1, 0xC9, 0x99, 0x40, 0x01, 0xC8, 0xC9, 0x0D, 0xD0, 0xF6, 0x28,
    0x08, 0xB0, 0x05, 0xA9, 0x37, 0x4C, 0x2E, 0xE8, 0xA9, 0x31, 0x20, 0x59,
    0xE5, 0xC9, 0x61, 0xB0, 0x09, 0x28, 0x90, 0x03, 0x4C, 0x8D, 0xE6, 0xA9,
    0x00, 0x60, 0x28, 0x60, 0x48, 0x98, 0xF0, 0x03, 0x4C, 0x53, 0xE8, 0xA0,
    0x61, 0x20, 0x58, 0xE8, 0xA0, 0x62, 0x20, 0x58, 0xE8, 0xA0, 0x63, 0x20,
    0x58, 0xE8, 0x68, 0x60, 0x20, 0xFA, 0xE8, 0x69, 0x10, 0x20, 0x4F, 0xE6,
    0x60, 0x48, 0x98, 0xF0, 0x17, 0x20, 0x67, 0xE6, 0x68, 0x20, 0x10, 0xE9,
    0xA9, 0x01, 0x20, 0x0A, 0xE9, 0x20, 0x04, 0xE9, 0x69, 0x23, 0x20, 0x4F,
    0xE6, 0x4C, 0x8D, 0xE6, 0x68, 0x4C, 0xE9, 0xFF, 0x98, 0xF0, 0x23, 0xA9,
    0x01, 0x20, 0x0A, 0xE9, 0x20, 0x04, 0xE9, 0x69, 0x22, 0x20, 0x4F, 0xE6,
    0xC9, 0x60, 0xF0, 0x06, 0x20, 0x8D, 0xE6, 0x4C, 0x9E, 0xE8, 0xA9, 0xFF,
    0x38, 0x60, 0x20, 0x5F, 0xE6, 0x20, 0x16, 0xE9, 0x18, 0x60, 0x20, 0xE6,
    0xFF, 0x60, 0x48, 0x20, 0xFA, 0xE8, 0x69, 0x15, 0x20, 0x4F, 0xE6, 0x20,
    0x5F, 0xE6, 0x20, 0xC3, 0xE8, 0x68, 0xD0, 0x06, 0x20, 0xC3, 0xE8, 0x20,
    0xC3, 0xE8, 0x60, 0x20, 0x16, 0xE9, 0x95, 0x00, 0x20, 0x16, 0xE9, 0x95,
    0x01, 0x20, 0x16, 0xE9, 0x95, 0x02, 0x20, 0x16, 0xE9, 0x60, 0x98, 0xF0,
    0x20, 0x20, 0x67, 0xE6, 0xB5, 0x00, 0x20, 0x10, 0xE9, 0xB5, 0x01, 0x20,
    0x10, 0xE9, 0xB5, 0x02, 0x20, 0x10, 0xE9, 0xA9, 0x00, 0x20, 0x10, 0xE9,
    0x20, 0xFA, 0xE8, 0x69, 0x16, 0x20, 0x4F, 0xE6, 0x60, 0x00, 0x98, 0x29,
    0x03, 0x0A, 0x0A, 0x0A, 0x0A, 0x0A, 0x18, 0x60, 0x98, 0x29, 0x03, 0x4C,
    0x00, 0xE9, 0x8D, 0x01, 0xB4, 0x4C, 0x47, 0xE6, 0x8D, 0x03, 0xB4, 0x4C,
    0x47, 0xE6, 0x20, 0x47, 0xE6, 0xAD, 0x02, 0xB4, 0x60, 0x20, 0x4D, 0x4D,
    0x43, 0x20, 0x20, 0x53, 0x44, 0x53, 0x44, 0x48, 0x43, 0x20, 0x4E, 0x2F,
    0x41, 0x73, 0xE0, 0xEB, 0xE0, 0x52, 0xFE, 0x94, 0xFE, 0x5D, 0xE4, 0xBF,
    0xE4, 0xAA, 0xE8, 0xD6, 0xE8, 0x80, 0xE8, 0x61, 0xE8, 0x0E, 0xE8, 0x40,
    0xE8, 0x2A, 0x4D, 0x45, 0x4E, 0x55, 0x0D, 0x00, 0x43, 0x41, 0x54, 0xE1,
    0x4D, 0x43, 0x57, 0x44, 0xE1, 0xDD, 0x44, 0x45, 0x4C, 0x45, 0x54, 0x45,
    0xE2, 0x9A, 0x45, 0x58, 0x45, 0x43, 0xE2, 0xC7, 0x52, 0x55, 0x4E, 0xE4,
    0x73, 0x48, 0x45, 0x4C, 0x50, 0xE3, 0xA0, 0x49, 0x4E, 0x46, 0x4F, 0xE4,
    0x3E, 0x4C, 0x4F, 0x41, 0x44, 0xE4, 0x54, 0x4D, 0x4F, 0x4E, 0xFA, 0x1A,
    0x4E, 0x4F, 0x4D, 0x4F, 0x4E, 0xFA, 0x19, 0x43, 0x46, 0x47, 0xE2, 0x0D,
    0x50, 0x42, 0x44, 0xE1, 0xFF, 0x50, 0x42, 0x56, 0xE2, 0x06, 0x53, 0x41,
    0x56, 0x45, 0xE4, 0xB6, 0x46, 0x41, 0x54, 0x49, 0x4E, 0x46, 0x4F, 0xE3,
    0x50, 0x43, 0x52, 0x43, 0xE2, 0x39, 0x43, 0x48, 0x41, 0x49, 0x4E, 0xE7,
    0xCB, 0xE4, 0x73, 0x0D, 0x44, 0x49, 0x53, 0x4B, 0x20, 0x46, 0x41, 0x55,
    0x4C, 0x54, 0x0D, 0x49, 0x4E, 0x54, 0x45, 0x52, 0x4E, 0x41, 0x4C, 0x20,
    0x45, 0x52, 0x52, 0x4F, 0x52, 0x0D, 0x4E, 0x4F, 0x54, 0x20, 0x52, 0x45,
    0x41, 0x44, 0x59, 0x0D, 0x4E, 0x4F, 0x54, 0x20, 0x46, 0x4F, 0x55, 0x4E,
    0x44, 0x0D, 0x4E, 0x4F, 0x20, 0x50, 0x41, 0x54, 0x48, 0x0D, 0x49, 0x4E,
    0x56, 0x41, 0x4C, 0x49, 0x44, 0x20, 0x4E, 0x41, 0x4D, 0x45, 0x0D, 0x41,
    0x43, 0x43, 0x45, 0x53, 0x53, 0x20, 0x44, 0x45, 0x4E, 0x49, 0x45, 0x44,
    0x0D, 0x45, 0x58, 0x49, 0x53, 0x54, 0x53, 0x0D, 0x49, 0x4E, 0x56, 0x41,
    0x4C, 0x49, 0x44, 0x20, 0x4F, 0x42, 0x4A, 0x45, 0x43, 0x54, 0x0D, 0x57,
    0x52, 0x49, 0x54, 0x45, 0x20, 0x50, 0x52, 0x4F, 0x54, 0x45, 0x43, 0x54,
    0x45, 0x44, 0x0D, 0x49, 0x4E, 0x56, 0x41, 0x4C, 0x49, 0x44, 0x20, 0x44,
    0x52, 0x49, 0x56, 0x45, 0x0D, 0x4E, 0x4F, 0x54, 0x20, 0x45, 0x4E, 0x41,
    0x42, 0x4C, 0x45, 0x44, 0x0D, 0x4E, 0x4F, 0x20, 0x46, 0x49, 0x4C, 0x45,
    0x53, 0x59, 0x53, 0x54, 0x45, 0x4D, 0x0D, 0x0D, 0x54, 0x49, 0x4D, 0x45,
    0x4F, 0x55, 0x54, 0x0D, 0x45, 0x45, 0x50, 0x52, 0x4F, 0x4D, 0x20, 0x45,
    0x52, 0x52, 0x4F, 0x52, 0x0D, 0x46, 0x41, 0x49, 0x4C, 0x45, 0x44, 0x0D,
    0x54, 0x4F, 0x4F, 0x20, 0x4D, 0x41, 0x4E, 0x59, 0x0D, 0x53, 0x49, 0x4C,
    0x4C, 0x59, 0x0D, 0x40, 0x3D, 0x38, 0x3B, 0x50, 0x2E, 0x24, 0x36, 0x24,
    0x37, 0x27, 0x22, 0x45, 0x52, 0x52, 0x4F, 0x52, 0x20, 0x2D, 0x20, 0x22,
    0x24, 0x21, 0x23, 0x44, 0x35, 0x26, 0x23, 0x46, 0x46, 0x46, 0x46, 0x3B,
    0x49, 0x46, 0x3F, 0x31, 0x7C, 0x3F, 0x32, 0x50, 0x2E, 0x22, 0x20, 0x2D,
    0x20, 0x4C, 0x49, 0x4E, 0x45, 0x20, 0x22, 0x21, 0x31, 0x26, 0x20, 0x23,
    0x46, 0x46, 0x46, 0x46, 0x0D, 0x00, 0x00, 0x50, 0x2E, 0x27, 0x3B, 0x45,
    0x2E, 0x0D, 0xFF, 0xFF, 0xFF, 0xFF, 0xFF, 0xFF, 0xFF, 0xFF, 0xFF, 0xFF,
    0xFF, 0xFF, 0xFF, 0xFF, 0xFF, 0xFF, 0xFF, 0xFF, 0xFF, 0xFF, 0xFF, 0xFF,
    0xFF, 0xFF, 0xFF, 0xFF, 0xFF, 0xFF, 0xFF, 0xFF, 0xFF, 0xFF, 0xFF, 0xFF,
    0xFF, 0xFF, 0xFF, 0xFF, 0xFF, 0xFF, 0xFF, 0xFF, 0xFF, 0xFF, 0xFF, 0xFF,
    0xFF, 0xFF, 0xFF, 0xFF, 0xFF, 0xFF, 0xFF, 0xFF, 0xFF, 0xFF, 0xFF, 0xFF,
    0xFF, 0xFF, 0xFF, 0xFF, 0xFF, 0xFF, 0xFF, 0xFF, 0xFF, 0xFF, 0xFF, 0xFF,
    0xFF, 0xFF, 0xFF, 0xFF, 0xFF, 0xFF, 0xFF, 0xFF, 0xFF, 0xFF, 0xFF, 0xFF,
    0xFF, 0xFF, 0xFF, 0xFF, 0xFF, 0xFF, 0xFF, 0xFF, 0x40, 0xBF, 0xA5, 0x06,
    0xC9, 0x01, 0xD0, 0x10, 0x2C, 0x01, 0xB0, 0x30, 0x0B, 0xA2, 0x00, 0xA1,
    0x05, 0xC9, 0x0D, 0xD0, 0x03, 0x4C, 0x72, 0xED, 0x24, 0xFD, 0x50, 0x03,
    0x4C, 0x85, 0xEC, 0xA5, 0xFD, 0x8D, 0x03, 0x04, 0x20, 0x8E, 0xED, 0x20,
    0x4D, 0xEC, 0xAD, 0x03, 0x02, 0xC9, 0xEB, 0xF0, 0x0E, 0x8D, 0x01, 0x04,
    0xAD, 0x02, 0x02, 0x8D, 0x00, 0x04, 0xA5, 0xFD, 0x8D, 0x02, 0x04, 0x4C,
    0x81, 0xEB, 0xE6, 0xFD, 0xA5, 0xFD, 0x8D, 0xFF, 0xBF, 0xC9, 0x08, 0xD0,
    0x07, 0xA9, 0x00, 0x85, 0xFD, 0x8D, 0xFF, 0xBF, 0x20, 0x69, 0xEC, 0xA5,
    0xFD, 0xCD, 0x03, 0x04, 0xD0, 0x03, 0x4C, 0xB8, 0xEC, 0xA9, 0xEB, 0x8D,
    0x03, 0x02, 0xA9, 0x9C, 0x8D, 0x02, 0x02, 0xAD, 0x00, 0xA0, 0xC9, 0x40,
    0xD0, 0xD0, 0xAD, 0x01, 0xA0, 0xC9, 0xBF, 0xD0, 0xC9, 0x4C, 0x02, 0xA0,
    0x68, 0x8D, 0x04, 0x04, 0x68, 0x85, 0x00, 0x24, 0xFD, 0x50, 0x03, 0x4C,
    0x39, 0xEC, 0xC9, 0x5E, 0xD0, 0x11, 0xA4, 0x5E, 0xB1, 0x05, 0xC9, 0x2E,
    0xD0, 0x03, 0x4C, 0xB8, 0xEC, 0xA2, 0xFF, 0x9A, 0x4C, 0x62, 0xEB, 0xAD,
    0x00, 0x04, 0x8D, 0x02, 0x02, 0xAD, 0x01, 0x04, 0x8D, 0x03, 0x02, 0xA5,
    0x00, 0xC9, 0xAE, 0xF0, 0x04, 0xC9, 0x1D, 0xD0, 0x49, 0xBA, 0x8E, 0xB7,
    0x04, 0xA2, 0xFF, 0xBD, 0x00, 0x01, 0xEC, 0xB7, 0x04, 0x90, 0x3B, 0xF0,
    0x39, 0xCA, 0xCA, 0x29, 0xF0, 0xC9, 0xA0, 0xF0, 0xEE, 0xE0, 0xFD, 0xF0,
    0x2D, 0x8A, 0x18, 0x69, 0x03, 0x8D, 0xB7, 0x04, 0x48, 0x48, 0x48, 0xBA,
    0xBD, 0x03, 0x01, 0x9D, 0x00, 0x01, 0xE8, 0xEC, 0xB7, 0x04, 0xD0, 0xF4,
    0xAD, 0xB7, 0x04, 0xAA, 0xCA, 0xA5, 0xFD, 0x9D, 0x00, 0x01, 0xCA, 0xA9,
    0xEF, 0x9D, 0x00, 0x01, 0xA9, 0x9E, 0xCA, 0x9D, 0x00, 0x01, 0x20, 0x4D,
    0xEC, 0x20, 0x8E, 0xED, 0xAD, 0x02, 0x04, 0x85, 0xFD, 0x8D, 0xFF, 0xBF,
    0x20, 0x69, 0xEC, 0xA5, 0x00, 0x48, 0xAD, 0x04, 0x04, 0x48, 0x6C, 0x02,
    0x02, 0xA5, 0xFD, 0x8D, 0x02, 0x04, 0xA5, 0x00, 0xC9, 0x5E, 0xF0, 0x03,
    0x4C, 0xBF, 0xEB, 0xA2, 0xFF, 0x9A, 0x4C, 0xB8, 0xEC, 0xA5, 0xFD, 0x29,
    0x0F, 0xAA, 0xE8, 0xA9, 0x00, 0x18, 0x69, 0x10, 0xCA, 0xD0, 0xFA, 0xA2,
    0x0F, 0xA8, 0x88, 0xB5, 0x90, 0x99, 0x05, 0x04, 0x88, 0xCA, 0x10, 0xF7,
    0x60, 0xA5, 0xFD, 0x29, 0x0F, 0xAA, 0xE8, 0xA9, 0x00, 0x18, 0x69, 0x10,
    0xCA, 0xD0, 0xFA, 0xA2, 0x0F, 0xA8, 0x88, 0xB9, 0x05, 0x04, 0x95, 0x90,
    0x88, 0xCA, 0x10, 0xF7, 0x60, 0xAD, 0x03, 0x02, 0xC9, 0xEB, 0xF0, 0x18,
    0x8D, 0x01, 0x04, 0xAD, 0x02, 0x02, 0x8D, 0x00, 0x04, 0xA9, 0xEB, 0x8D,
    0x03, 0x02, 0xA9, 0x9C, 0x8D, 0x02, 0x02, 0xA5, 0xFD, 0x8D, 0x02, 0x04,
    0xAD, 0x00, 0xA0, 0xC9, 0x40, 0xD0, 0x0A, 0xAD, 0x01, 0xA0, 0xC9, 0xBF,
    0xD0, 0x03, 0x4C, 0x02, 0xA0, 0x4C, 0x58, 0xC5, 0xAD, 0x00, 0x04, 0x8D,
    0x02, 0x02, 0xAD, 0x01, 0x04, 0x8D, 0x03, 0x02, 0x20, 0x4D, 0xEC, 0xAD,
    0x02, 0x04, 0x85, 0xFD, 0x8D, 0xFF, 0xBF, 0x20, 0x69, 0xEC, 0xA2, 0xFF,
    0xA4, 0x5E, 0xB1, 0x05, 0xC9, 0x2E, 0xD0, 0x03, 0x4C, 0x58, 0xC5, 0x88,
    0xE8, 0xC8, 0xBD, 0x7E, 0xED, 0xC9, 0xFF, 0xF0, 0xF3, 0xC9, 0xFE, 0xF0,
    0x21, 0xD1, 0x05, 0xF0, 0xEF, 0xCA, 0xB1, 0x05, 0xC9, 0x2E, 0xF0, 0x0D,
    0xE8, 0xBD, 0x7E, 0xED, 0xC9, 0xFE, 0xD0, 0xF8, 0xE8, 0xE8, 0x4C, 0xD4,
    0xEC, 0xE8, 0xBD, 0x7E, 0xED, 0xC9, 0xFE, 0xD0, 0xF8, 0xC8, 0xBD, 0x7F,
    0xED, 0x85, 0x53, 0xBD, 0x80, 0xED, 0x85, 0x52, 0x84, 0x03, 0xA6, 0x04,
    0x6C, 0x52, 0x00, 0x20, 0xE1, 0xC4, 0x20, 0x8E, 0xED, 0xA6, 0x04, 0xCA,
    0x86, 0x04, 0xB5, 0x16, 0x29, 0x0F, 0x09, 0x40, 0x85, 0xFD, 0x8D, 0xFF,
    0xBF, 0xAD, 0x00, 0xA0, 0xC9, 0x40, 0xD0, 0x07, 0xAD, 0x01, 0xA0, 0xC9,
    0xBF, 0xF0, 0x16, 0x20, 0xD1, 0xF7, 0x4E, 0x4F, 0x20, 0x52, 0x4F, 0x4D,
    0x20, 0x41, 0x56, 0x41, 0x49, 0x4C, 0x41, 0x42, 0x4C, 0x45, 0x0D, 0x0A,
    0xEA, 0xAD, 0x02, 0x04, 0x09, 0x40, 0xC5, 0xFD, 0xF0, 0x0A, 0xA9, 0xD8,
    0x8D, 0x02, 0x02, 0xA9, 0xC9, 0x8D, 0x03, 0x02, 0x4C, 0x5B, 0xC5, 0x20,
    0xE4, 0xC4, 0xA5, 0xFD, 0x29, 0x0F, 0x85, 0xFD, 0x8D, 0xFF, 0xBF, 0x4C,
    0x5B, 0xC5, 0x52, 0x4F, 0x4D, 0xFE, 0xED, 0x1F, 0x55, 0x4E, 0x4C, 0x4F,
    0x43, 0x4B, 0xFE, 0xED, 0x6F, 0xFF, 0x08, 0x78, 0xA2, 0x00, 0xA0, 0x00,
    0xBD, 0x01, 0x02, 0x29, 0xF0, 0xC9, 0xA0, 0xD0, 0x25, 0xE0, 0x02, 0xF0,
    0x21, 0xBD, 0x00, 0x02, 0x99, 0x87, 0x04, 0xBD, 0x01, 0x02, 0x99, 0x86,
    0x04, 0xA5, 0xFD, 0x99, 0x88, 0x04, 0x8A, 0x0A, 0x0A, 0x18, 0x69, 0xF1,
    0x9D, 0x00, 0x02, 0xA9, 0xED, 0x69, 0x00, 0x9D, 0x01, 0x02, 0xE8, 0xE8,
    0xC8, 0xC8, 0xC8, 0xE0, 0x1C, 0xD0, 0xC9, 0xAD, 0xFF, 0x03, 0x29, 0xF0,
    0xC9, 0xA0, 0xD0, 0x1B, 0xAD, 0xFF, 0x03, 0x99, 0x86, 0x04, 0xAD, 0xFE,
    0x03, 0x99, 0x87, 0x04, 0xA9, 0xEE, 0x8D, 0xFF, 0x03, 0xA9, 0x61, 0x8D,
    0xFE, 0x03, 0xA5, 0xFD, 0x99, 0x88, 0x04, 0x28, 0x60, 0x20, 0x78, 0xEE,
    0xA2, 0x00, 0x4C, 0xA5, 0xEE, 0xEA, 0xEA, 0xEA, 0xEA, 0xEA, 0x4C, 0x58,
    0xC5, 0x20, 0x78, 0xEE, 0xA2, 0x06, 0x4C, 0xA5, 0xEE, 0x20, 0x69, 0xEE,
    0xA2, 0x09, 0x4C, 0xEB, 0xEE, 0x20, 0x69, 0xEE, 0xA2, 0x0C, 0x4C, 0xEB,
    0xEE, 0x20, 0x69, 0xEE, 0xA2, 0x0F, 0x4C, 0xEB, 0xEE, 0x20, 0x69, 0xEE,
    0xA2, 0x12, 0x4C, 0xEB, 0xEE, 0x20, 0x69, 0xEE, 0xA2, 0x15, 0x4C, 0xEB,
    0xEE, 0x20, 0x69, 0xEE, 0xA2, 0x18, 0x4C, 0xEB, 0xEE, 0x20, 0x69, 0xEE,
    0xA2, 0x1B, 0x4C, 0xEB, 0xEE, 0x20, 0x69, 0xEE, 0xA2, 0x1E, 0x4C, 0xEB,
    0xEE, 0x20, 0x69, 0xEE, 0xA2, 0x21, 0x4C, 0xEB, 0xEE, 0x20, 0x69, 0xEE,
    0xA2, 0x24, 0x4C, 0xEB, 0xEE, 0x20, 0x69, 0xEE, 0xA2, 0x27, 0x4C, 0xEB,
    0xEE, 0x20, 0x69, 0xEE, 0xA2, 0x2A, 0x4C, 0xEB, 0xEE, 0x08, 0x8D, 0xB4,
    0x04, 0x68, 0x8D, 0xB5, 0x04, 0x8E, 0xB7, 0x04, 0x8C, 0xB6, 0x04, 0x60,
    0x08, 0x8D, 0xBC, 0x04, 0x68, 0x8D, 0xBD, 0x04, 0x8E, 0xBF, 0x04, 0x8C,
    0xC0, 0x04, 0x60, 0xAC, 0xB6, 0x04, 0xAE, 0xB7, 0x04, 0xAD, 0xB5, 0x04,
    0x48, 0xAD, 0xB4, 0x04, 0x28, 0x60, 0xAE, 0xBF, 0x04, 0xAC, 0xC0, 0x04,
    0xAD, 0xBD, 0x04, 0x48, 0xAD, 0xBC, 0x04, 0x28, 0x60, 0x68, 0x8D, 0xBC,
    0x04, 0x68, 0x48, 0x8D, 0xBE, 0x04, 0xA5, 0xFD, 0x48, 0xBD, 0x88, 0x04,
    0x85, 0xFD, 0x8D, 0xFF, 0xBF, 0xBD, 0x86, 0x04, 0x8D, 0xBB, 0x04, 0xBD,
    0x87, 0x04, 0x8D, 0xBA, 0x04, 0xA9, 0xEE, 0x48, 0xA9, 0xD9, 0x48, 0xAD,
    0xBE, 0x04, 0x48, 0xAD, 0xBC, 0x04, 0x48, 0x20, 0x96, 0xEE, 0x6C, 0xBA,
    0x04, 0x20, 0x78, 0xEE, 0x68, 0x85, 0xFD, 0x8D, 0xFF, 0xBF, 0x28, 0xAD,
    0xBE, 0x04, 0x48, 0x20, 0x96, 0xEE, 0x40, 0x8E, 0x04, 0x04, 0x8A, 0x48,
    0xA5, 0x60, 0x8D, 0xC1, 0x04, 0xBD, 0x88, 0x04, 0xC5, 0xFD, 0xF0, 0x6B,
    0xE0, 0x15, 0xD0, 0x06, 0x20, 0x8E, 0xED, 0xAE, 0x04, 0x04, 0xE0, 0x1E,
    0xF0, 0x5D, 0xE0, 0x21, 0xF0, 0x59, 0x20, 0x4D, 0xEC, 0xAE, 0x04, 0x04,
    0xA5, 0xFD, 0x48, 0xBD, 0x87, 0x04, 0x8D, 0xB8, 0x04, 0xBD, 0x86, 0x04,
    0x8D, 0xB9, 0x04, 0xBD, 0x88, 0x04, 0x85, 0xFD, 0x8D, 0xFF, 0xBF, 0x20,
    0x69, 0xEC, 0x20, 0x87, 0xEE, 0x20, 0x37, 0xEF, 0x4C, 0x3A, 0xEF, 0x6C,
    0xB8, 0x04, 0x20, 0x69, 0xEE, 0x20, 0x4D, 0xEC, 0x68, 0x85, 0xFD, 0x8D,
    0xFF, 0xBF, 0x20, 0x69, 0xEC, 0xAD, 0xC1, 0x04, 0x85, 0x60, 0x68, 0xC9,
    0x15, 0xD0, 0x11, 0xAD, 0x93, 0x04, 0xC9, 0xCE, 0xD0, 0x0A, 0xA9, 0xCE,
    0x8D, 0x08, 0x02, 0xA9, 0xAC, 0x8D, 0x09, 0x02, 0x4C, 0x87, 0xEE, 0x68,
    0xAE, 0x04, 0x04, 0xA5, 0xFD, 0x48, 0xBD, 0x88, 0x04, 0x85, 0xFD, 0x8D,
    0xFF, 0xBF, 0xBD, 0x86, 0x04, 0x8D, 0xB9, 0x04, 0xBD, 0x87, 0x04, 0x8D,
    0xB8, 0x04, 0x20, 0x87, 0xEE, 0x20, 0x8B, 0xEF, 0x4C, 0x8E, 0xEF, 0x6C,
    0xB8, 0x04, 0x20, 0x69, 0xEE, 0x68, 0x85, 0xFD, 0x8D, 0xFF, 0xBF, 0xAD,
    0xC1, 0x04, 0x85, 0x60, 0x4C, 0x87, 0xEE, 0x20, 0x69, 0xEE, 0x20, 0x4D,
    0xEC, 0x68, 0x85, 0xFD, 0x8D, 0xFF, 0xBF, 0x20, 0x69, 0xEC, 0xA9, 0xEB,
    0x8D, 0x03, 0x02, 0xA9, 0x9C, 0x8D, 0x02, 0x02, 0x4C, 0x87, 0xEE, 0xFF,
    0xFF, 0xFF, 0xFF, 0xFF, 0xFF, 0xFF, 0xFF, 0xFF, 0xFF, 0xFF, 0xFF, 0xFF,
    0xFF, 0xFF, 0xFF, 0xFF, 0x4C, 0x84, 0xE0, 0xFF, 0x41, 0x54, 0x4F, 0x4D,
    0x4D, 0x43, 0x32, 0x20, 0x56, 0x32, 0x2E, 0x39, 0x37, 0x45, 0x0D, 0x0A,
    0x20, 0x28, 0x43, 0x29, 0x20, 0x32, 0x30, 0x30, 0x38, 0x2D, 0x32, 0x30,
    0x31, 0x33, 0x20, 0x20, 0x43, 0x48, 0x41, 0x52, 0x4C, 0x49, 0x45, 0x20,
    0x52, 0x4F, 0x42, 0x53, 0x4F, 0x4E, 0x2E, 0x20, 0x50, 0x4C, 0x4F, 0x54,
    0xF5, 0x4E, 0x44, 0x52, 0x41, 0x57, 0xF5, 0x42, 0x4D, 0x4F, 0x56, 0x45,
    0xF5, 0x46, 0x43, 0x4C, 0x45, 0x41, 0x52, 0xF6, 0x7B, 0x44, 0x49, 0x4D,
    0xF0, 0xAE, 0x5B, 0xF2, 0xA1, 0x4F, 0x4C, 0x44, 0xF5, 0x31, 0x57, 0x41,
    0x49, 0x54, 0xF1, 0x4C, 0xC5, 0x50, 0xA4, 0x5E, 0xB1, 0x05, 0xC9, 0x40,
    0x90, 0x12, 0xC9, 0x5B, 0xB0, 0x0E, 0xC8, 0xD1, 0x05, 0xD0, 0x09, 0x20,
    0x8B, 0xF0, 0x20, 0x4F, 0xC9, 0x4C, 0x62, 0xC9, 0x4C, 0x24, 0xCA, 0xA2,
    0xFF, 0xA4, 0x5E, 0xC6, 0x5E, 0xB1, 0x05, 0xC9, 0x40, 0x90, 0x09, 0xC9,
    0x5B, 0xB0, 0x05, 0xC8, 0xD1, 0x05, 0xF0, 0x25, 0xA4, 0x5E, 0xE8, 0xC8,
    0xBD, 0x00, 0xF0, 0x30, 0x0C, 0xD1, 0x05, 0xF0, 0xF5, 0xE8, 0xBD, 0xFF,
    0xEF, 0x10, 0xFA, 0xD0, 0xEB, 0x85, 0x53, 0xBD, 0x01, 0xF0, 0x85, 0x52,
    0x84, 0x03, 0xA6, 0x04, 0xE6, 0x5E, 0x6C, 0x52, 0x00, 0x20, 0x8B, 0xF0,
    0x4C, 0xF1, 0xC3, 0xC8, 0x84, 0x03, 0xE9, 0x40, 0x48, 0x20, 0xBC, 0xC8,
    0x68, 0xA8, 0xB5, 0x15, 0x0A, 0x36, 0x24, 0x0A, 0x36, 0x24, 0x18, 0x79,
    0xEB, 0x02, 0x95, 0x15, 0xB5, 0x24, 0x79, 0x06, 0x03, 0x95, 0x24, 0xB0,
    0xD7, 0x60, 0xA5, 0x01, 0x05, 0x02, 0xF0, 0x22, 0x20, 0x34, 0xC4, 0x90,
    0x1E, 0x20, 0xBC, 0xC8, 0xCA, 0xCA, 0x86, 0x04, 0xB4, 0x16, 0x38, 0xA5,
    0x23, 0x99, 0x21, 0x03, 0x75, 0x17, 0x85, 0x23, 0xA5, 0x24, 0x99, 0x3C,
    0x03, 0x75, 0x26, 0x4C, 0x19, 0xF1, 0x00, 0xA4, 0x03, 0xB1, 0x05, 0xC9,
    0x40, 0x90, 0xF7, 0xC9, 0x5B, 0xB0, 0xF3, 0xC8, 0xD1, 0x05, 0xD0, 0xEE,
    0xE9, 0x40, 0x48, 0xC8, 0x84, 0x03, 0x20, 0xBC, 0xC8, 0x68, 0xA8, 0xA5,
    0x23, 0x99, 0xEB, 0x02, 0xA5, 0x24, 0x99, 0x06, 0x03, 0xCA, 0x86, 0x04,
    0xB4, 0x16, 0xC8, 0xD0, 0x02, 0xF6, 0x25, 0x98, 0x0A, 0x36, 0x25, 0x0A,
    0x36, 0x25, 0x18, 0x65, 0x23, 0x85, 0x23, 0xB5, 0x25, 0x65, 0x24, 0xB0,
    0xBD, 0x85, 0x24, 0xA0, 0x00, 0xA9, 0xAA, 0x91, 0x23, 0xD1, 0x23, 0xD0,
    0xF7, 0x4A, 0x91, 0x23, 0xD1, 0x23, 0xD0, 0xF0, 0x20, 0x34, 0xC4, 0xB0,
    0xA5, 0xA4, 0x03, 0xB1, 0x05, 0xC9, 0x2C, 0xD0, 0x05, 0xE6, 0x03, 0x4C,
    0xAE, 0xF0, 0x4C, 0x58, 0xC5, 0xA5, 0x0D, 0x85, 0x23, 0xA5, 0x0E, 0x85,
    0x24, 0x4C, 0x83, 0xCE, 0x20, 0xE4, 0xC4, 0x20, 0x66, 0xFE, 0x4C, 0x5B,
    0xC5, 0x1C, 0x8A, 0x1C, 0x23, 0x5D, 0x8B, 0x1B, 0xA1, 0x9D, 0x8A, 0x1D,
    0x23, 0x9D, 0x8B, 0x1D, 0xA1, 0x00, 0x29, 0x19, 0xAE, 0x69, 0xA8, 0x19,
    0x23, 0x24, 0x53, 0x1B, 0x23, 0x24, 0x53, 0x19, 0xA1, 0x00, 0x1A, 0x5B,
    0x5B, 0xA5, 0x69, 0x24, 0x24, 0xAE, 0xAE, 0xA8, 0xAD, 0x29, 0x00, 0x7C,
    0x00, 0x15, 0x9C, 0x6D, 0x9C, 0xA5, 0x69, 0x29, 0x53, 0x84, 0x13, 0x34,
    0x11, 0xA5, 0x69, 0x23, 0xA0, 0xD8, 0x62, 0x5A, 0x48, 0x26, 0x62, 0x94,
    0x88, 0x54, 0x44, 0xC8, 0x54, 0x68, 0x44, 0xE8, 0x94, 0x00, 0xB4, 0x08,
    0x84, 0x74, 0xB4, 0x28, 0x6E, 0x74, 0xF4, 0xCC, 0x4A, 0x72, 0xF2, 0xA4,
    0x8A, 0x00, 0xAA, 0xA2, 0xA2, 0x74, 0x74, 0x74, 0x72, 0x44, 0x68, 0xB2,
    0x32, 0xB2, 0x00, 0x22, 0x00, 0x1A, 0x1A, 0x26, 0x26, 0x72, 0x72, 0x88,
    0xC8, 0xC4, 0xCA, 0x26, 0x48, 0x44, 0x44, 0xA2, 0xC8, 0x00, 0x02, 0x00,
    0x08, 0xF2, 0xFF, 0x80, 0x01, 0xC0, 0xE2, 0xC0, 0xC0, 0xFF, 0x00, 0x00,
    0x08, 0x00, 0x10, 0x80, 0x40, 0xC0, 0x00, 0xC0, 0x00, 0x40, 0x00, 0x00,
    0xE4, 0x20, 0x80, 0x00, 0xFC, 0x00, 0x08, 0x08, 0xF8, 0xFC, 0xF4, 0x0C,
    0x10, 0x04, 0xF4, 0x00, 0x20, 0x10, 0x00, 0x00, 0x0F, 0x01, 0x01, 0x01,
    0x11, 0x11, 0x02, 0x02, 0x11, 0x11, 0x02, 0x12, 0x02, 0x00, 0x08, 0x10,
    0x18, 0x20, 0x28, 0x30, 0x38, 0x40, 0x48, 0x50, 0x58, 0x60, 0x68, 0x70,
    0x78, 0x80, 0x88, 0x90, 0x98, 0xA0, 0xA8, 0xB0, 0xB8, 0xC0, 0xC8, 0xD0,
    0xD8, 0xE0, 0xE8, 0xF0, 0xF8, 0x0C, 0x2C, 0x4C, 0x4C, 0x8C, 0xAC, 0xCC,
    0xEC, 0x8A, 0x9A, 0xAA, 0xBA, 0xCA, 0xDA, 0xEA, 0xFA, 0x0E, 0x2E, 0x4E,
    0x6E, 0x8E, 0xAE, 0xCE, 0xEE, 0x0D, 0x2D, 0x4D, 0x6D, 0x8D, 0xAD, 0xCD,
    0xED, 0x0D, 0x0D, 0x0C, 0x0D, 0x0E, 0x0D, 0x0C, 0x0D, 0x0D, 0x0D, 0x0C,
    0x0D, 0x0D, 0x0D, 0x0C, 0x0D, 0x0F, 0x0D, 0x0C, 0x0D, 0x09, 0x0D, 0x0C,
    0x0D, 0x08, 0x0D, 0x0C, 0x0D, 0x08, 0x0D, 0x0C, 0x0D, 0x0F, 0x06, 0x0B,
    0x0B, 0x04, 0x0A, 0x08, 0x08, 0x0D, 0x0D, 0x0D, 0x0D, 0x0D, 0x0F, 0x0D,
    0x0F, 0x07, 0x07, 0x07, 0x07, 0x05, 0x09, 0x03, 0x03, 0x01, 0x01, 0x01,
    0x01, 0x02, 0x01, 0x01, 0x01, 0xA4, 0x03, 0xB1, 0x05, 0xE6, 0x03, 0xC9,
    0x20, 0xF0, 0xF6, 0x60, 0xE6, 0x03, 0x4C, 0x1B, 0xC3, 0xB1, 0x05, 0xC9,
    0x5D, 0xF0, 0xF5, 0x20, 0xF6, 0xC4, 0xC6, 0x03, 0x20, 0x8E, 0xF3, 0xC6,
    0x03, 0xA5, 0x52, 0x48, 0xA5, 0x53, 0x48, 0xAD, 0x21, 0x03, 0x48, 0xA9,
    0x00, 0x85, 0x34, 0x85, 0x43, 0xA9, 0x05, 0x8D, 0x21, 0x03, 0xA5, 0x01,
    0x85, 0x16, 0xA5, 0x02, 0x85, 0x25, 0x20, 0x89, 0xC5, 0x20, 0x79, 0xF3,
    0x68, 0x8D, 0x21, 0x03, 0x68, 0x20, 0x7E, 0xF3, 0x68, 0x20, 0x76, 0xF3,
    0xA0, 0x00, 0xC4, 0x00, 0xF0, 0x09, 0xB9, 0x66, 0x00, 0x20, 0x76, 0xF3,
    0xC8, 0xD0, 0xF3, 0xC0, 0x03, 0xF0, 0x0C, 0x20, 0x79, 0xF3, 0x20, 0x4C,
    0xCA, 0x20, 0x4C, 0xCA, 0xC8, 0xD0, 0xF0, 0xA0, 0x00, 0xB1, 0x05, 0xC9,
    0x3B, 0xF0, 0x0A, 0xC9, 0x0D, 0xF0, 0x06, 0x20, 0x4C, 0xCA, 0xC8, 0xD0,
    0xF0, 0x20, 0x54, 0xCD, 0x20, 0xE4, 0xC4, 0x88, 0xB1, 0x05, 0xC8, 0xC9,
    0x3B, 0xF0, 0x0C, 0xA5, 0x06, 0xC9, 0x01, 0xD0, 0x03, 0x4C, 0xCF, 0xC2,
    0x20, 0x1D, 0xC5, 0x4C, 0xA1, 0xF2, 0x20, 0x91, 0xF2, 0x85, 0x66, 0x20,
    0x91, 0xF2, 0xC5, 0x66, 0xD0, 0x10, 0xC9, 0x40, 0x90, 0x0C, 0xC9, 0x5B,
    0xB0, 0x08, 0x38, 0x20, 0x8E, 0xF0, 0x20, 0xCB, 0xC3, 0xA0, 0x00, 0xAD,
    0x31, 0x03, 0x91, 0x52, 0xAD, 0x4C, 0x03, 0xC8, 0x91, 0x52, 0xA9, 0x00,
    0xC8, 0x91, 0x52, 0xC8, 0x91, 0x52, 0xD0, 0x36, 0x20, 0x91, 0xF2, 0xC9,
    0x3B, 0xF0, 0x04, 0xC9, 0x0D, 0xD0, 0xF5, 0xAD, 0x31, 0x03, 0x85, 0x52,
    0xAD, 0x4C, 0x03, 0x85, 0x53, 0x60, 0x20, 0x7E, 0xF3, 0xA9, 0x20, 0x4C,
    0x4C, 0xCA, 0xA2, 0xFF, 0x48, 0x4A, 0x4A, 0x4A, 0x4A, 0x20, 0xF9, 0xC5,
    0x68, 0x29, 0x0F, 0x4C, 0xF9, 0xC5, 0xA2, 0x00, 0x86, 0x00, 0x86, 0x64,
    0x86, 0x65, 0x20, 0x91, 0xF2, 0xC9, 0x3A, 0xF0, 0x91, 0xC9, 0x3B, 0xF0,
    0xCA, 0xC9, 0x0D, 0xF0, 0xC6, 0xC9, 0x5C, 0xF0, 0xB7, 0xA0, 0x05, 0x38,
    0x69, 0x00, 0x0A, 0x0A, 0x0A, 0x0A, 0x26, 0x6A, 0x26, 0x69, 0x88, 0xD0,
    0xF8, 0xE8, 0xE0, 0x03, 0xD0, 0xD8, 0x06, 0x6A, 0x26, 0x69, 0xA2, 0x40,
    0xA5, 0x69, 0xDD, 0x54, 0xF1, 0xF0, 0x04, 0xCA, 0xD0, 0xF8, 0x00, 0xBC,
    0x94, 0xF1, 0xC4, 0x6A, 0xD0, 0xF5, 0xBD, 0x10, 0xF2, 0x85, 0x66, 0xBC,
    0x50, 0xF2, 0x84, 0x0F, 0x66, 0x64, 0x66, 0x65, 0x88, 0xD0, 0xF9, 0xA4,
    0x0F, 0xC0, 0x0D, 0xD0, 0x05, 0xA2, 0x00, 0x4C, 0x9B, 0xF4, 0x20, 0x91,
    0xF2, 0xC9, 0x40, 0xF0, 0x5B, 0xC9, 0x28, 0xF0, 0x65, 0xA2, 0x01, 0xC9,
    0x41, 0xF0, 0xEC, 0xC6, 0x03, 0x20, 0x8B, 0xC7, 0x20, 0x91, 0xF2, 0xC9,
    0x2C, 0xD0, 0x31, 0x20, 0x91, 0xF2, 0xA4, 0x25, 0xF0, 0x15, 0xA2, 0x09,
    0xC9, 0x58, 0xF0, 0x7F, 0xCA, 0xC9, 0x59, 0xD0, 0x79, 0xA5, 0x0F, 0xC9,
    0x09, 0xD0, 0x74, 0xA2, 0x0E, 0xD0, 0x70, 0xA2, 0x04, 0xC9, 0x58, 0xF0,
    0x6A, 0xC9, 0x59, 0xD0, 0x65, 0xCA, 0xA4, 0x0F, 0xC0, 0x03, 0xB0, 0x5F,
    0xA2, 0x08, 0xD0, 0x5B, 0xC6, 0x03, 0xA2, 0x02, 0xA4, 0x0F, 0xC0, 0x0C,
    0xF0, 0x51, 0xA2, 0x05, 0xA5, 0x25, 0xF0, 0x4B, 0xA2, 0x0C, 0xD0, 0x47,
    0x20, 0x8B, 0xC7, 0xA5, 0x0F, 0xA2, 0x06, 0xC9, 0x01, 0xF0, 0x3C, 0xE8,
    0xD0, 0x39, 0x20, 0x8B, 0xC7, 0x20, 0x91, 0xF2, 0xC9, 0x29, 0xF0, 0x16,
    0xC9, 0x2C, 0xD0, 0x2A, 0x20, 0x91, 0xF2, 0xC9, 0x58, 0xD0, 0x23, 0x20,
    0x91, 0xF2, 0xC9, 0x29, 0xD0, 0x1C, 0xA2, 0x0B, 0xD0, 0x19, 0xA2, 0x0D,
    0xA5, 0x0F, 0xC9, 0x0B, 0xF0, 0x11, 0xA2, 0x0A, 0x20, 0x91, 0xF2, 0xC9,
    0x2C, 0xD0, 0x07, 0x20, 0x91, 0xF2, 0xC9, 0x59, 0xF0, 0x01, 0x00, 0x20,
    0x60, 0xF3, 0xBD, 0xD5, 0xF1, 0xF0, 0x04, 0x25, 0x64, 0xD0, 0x07, 0xBD,
    0xE4, 0xF1, 0x25, 0x65, 0xF0, 0xEC, 0x18, 0xBD, 0xF3, 0xF1, 0x65, 0x66,
    0x85, 0x66, 0xBD, 0x02, 0xF2, 0xA2, 0x00, 0x86, 0x04, 0xA4, 0x16, 0x84,
    0x67, 0xA4, 0x25, 0x84, 0x68, 0xC9, 0x0F, 0xF0, 0x23, 0x29, 0x0F, 0xA8,
    0xC8, 0x84, 0x00, 0xC0, 0x02, 0xD0, 0x04, 0xA4, 0x68, 0xD0, 0xC3, 0xA0,
    0x00, 0xB9, 0x66, 0x00, 0x91, 0x52, 0xC8, 0xEE, 0x31, 0x03, 0xD0, 0x03,
    0xEE, 0x4C, 0x03, 0xC4, 0x00, 0xD0, 0xEE, 0x60, 0xA9, 0x02, 0x85, 0x00,
    0x38, 0xA5, 0x67, 0xED, 0x31, 0x03, 0x85, 0x67, 0xA5, 0x68, 0xED, 0x4C,
    0x03, 0x85, 0x68, 0x38, 0xA5, 0x67, 0xE9, 0x02, 0x85, 0x67, 0xA8, 0xA5,
    0x68, 0xE9, 0x00, 0xF0, 0x1F, 0xC9, 0xFF, 0xF0, 0x16, 0x20, 0xD1, 0xF7,
    0x4F, 0x55, 0x54, 0x20, 0x4F, 0x46, 0x20, 0x52, 0x41, 0x4E, 0x47, 0x45,
    0x3A, 0x0A, 0x0D, 0x84, 0x67, 0x30, 0xB0, 0x98, 0x30, 0xAD, 0x10, 0xE5,
    0x98, 0x10, 0xA8, 0x30, 0xE0, 0x20, 0xE4, 0xC4, 0x88, 0x84, 0x52, 0xA5,
    0x12, 0x85, 0x53, 0x98, 0xC8, 0x91, 0x52, 0x4C, 0x9B, 0xCD, 0xA2, 0x05,
    0xD0, 0x02, 0xA2, 0x0C, 0x86, 0x16, 0xE6, 0x04, 0xD0, 0x06, 0x20, 0xBC,
    0xC8, 0x20, 0x31, 0xC2, 0x20, 0xBC, 0xC8, 0x20, 0x31, 0xC2, 0x20, 0xBC,
    0xC8, 0x20, 0xE4, 0xC4, 0xB5, 0x15, 0x85, 0x5C, 0xB5, 0x24, 0x85, 0x5D,
    0xB5, 0x14, 0x85, 0x5A, 0xB5, 0x23, 0x85, 0x5B, 0xA2, 0x00, 0x86, 0x04,
    0xA2, 0x03, 0xBD, 0xC1, 0x03, 0x95, 0x52, 0xCA, 0x10, 0xF8, 0xA5, 0x16,
    0x29, 0x04, 0xD0, 0x13, 0xA2, 0x02, 0x18, 0xB5, 0x5A, 0x75, 0x52, 0x95,
    0x5A, 0xB5, 0x5B, 0x75, 0x53, 0x95, 0x5B, 0xCA, 0xCA, 0x10, 0xEF, 0xA2,
    0x03, 0xB5, 0x5A, 0x9D, 0xC1, 0x03, 0xCA, 0x10, 0xF8, 0xA5, 0x16, 0x29,
    0x03, 0xF0, 0x0B, 0x85, 0x5E, 0xA5, 0x16, 0x29, 0x08, 0xF0, 0x06, 0x20,
    0x78, 0xF6, 0x4C, 0x5B, 0xC5, 0xA2, 0x02, 0x38, 0xB5, 0x5A, 0xF5, 0x52,
    0xB4, 0x52, 0x94, 0x5A, 0x95, 0x52, 0xB4, 0x53, 0xB5, 0x5B, 0xF5, 0x53,
    0x94, 0x5B, 0x95, 0x53, 0x95, 0x56, 0x10, 0x0D, 0xA9, 0x00, 0x38, 0xF5,
    0x52, 0x95, 0x52, 0xA9, 0x00, 0xF5, 0x53, 0x95, 0x53, 0xCA, 0xCA, 0x10,
    0xD6, 0xA5, 0x54, 0xC5, 0x52, 0xA5, 0x55, 0xE5, 0x53, 0x90, 0x31, 0xA9,
    0x00, 0xE5, 0x54, 0x85, 0x57, 0xA9, 0x00, 0xE5, 0x55, 0x38, 0x6A, 0x85,
    0x59, 0x66, 0x57, 0x20, 0x78, 0xF6, 0xA5, 0x5C, 0xCD, 0xC3, 0x03, 0xD0,
    0x0A, 0xA5, 0x5D, 0xCD, 0xC4, 0x03, 0xD0, 0x03, 0x4C, 0x5B, 0xC5, 0x20,
    0x55, 0xF6, 0xA5, 0x59, 0x30, 0xE5, 0x20, 0x44, 0xF6, 0x4C, 0xFB, 0xF5,
    0xA5, 0x53, 0x4A, 0x85, 0x59, 0xA5, 0x52, 0x6A, 0x85, 0x57, 0x20, 0x78,
    0xF6, 0xA5, 0x5A, 0xCD, 0xC1, 0x03, 0xD0, 0x07, 0xA5, 0x5B, 0xCD, 0xC2,
    0x03, 0xF0, 0xD5, 0x20, 0x44, 0xF6, 0xA5, 0x59, 0x10, 0xE8, 0x20, 0x55,
    0xF6, 0x4C, 0x26, 0xF6, 0x38, 0xA5, 0x57, 0xE5, 0x54, 0x85, 0x57, 0xA5,
    0x59, 0xE5, 0x55, 0x85, 0x59, 0xA2, 0x00, 0xF0, 0x0F, 0x18, 0xA5, 0x57,
    0x65, 0x52, 0x85, 0x57, 0xA5, 0x59, 0x65, 0x53, 0x85, 0x59, 0xA2, 0x02,
    0xB5, 0x56, 0x10, 0x09, 0xB5, 0x5A, 0xD0, 0x02, 0xD6, 0x5B, 0xD6, 0x5A,
    0x60, 0xF6, 0x5A, 0xD0, 0xFB, 0xF6, 0x5B, 0x60, 0x6C, 0xFE, 0x03, 0x20,
    0xC8, 0xC3, 0xA0, 0x00, 0xA5, 0x52, 0xF0, 0x3E, 0xC9, 0x05, 0x90, 0x02,
    0xA9, 0x04, 0xA2, 0x80, 0x86, 0x54, 0x84, 0x53, 0x85, 0x52, 0xAA, 0xBD,
    0xCE, 0xF6, 0xA6, 0x12, 0x10, 0x04, 0xC5, 0x12, 0xB0, 0xE1, 0xAA, 0x98,
    0x91, 0x53, 0x88, 0xD0, 0xFB, 0xE6, 0x54, 0xE4, 0x54, 0xD0, 0xF5, 0xA4,
    0x52, 0xB9, 0xD8, 0xF6, 0x8D, 0xFF, 0x03, 0xB9, 0xD3, 0xF6, 0x8D, 0xFE,
    0x03, 0xB9, 0xDD, 0xF6, 0x8D, 0x00, 0xB0, 0x4C, 0x58, 0xC5, 0xA9, 0x40,
    0x99, 0x00, 0x80, 0x99, 0x00, 0x81, 0x88, 0xD0, 0xF7, 0xF0, 0xDC, 0x84,
    0x86, 0x8C, 0x98, 0xE2, 0x3B, 0x54, 0x6D, 0xAA, 0xF6, 0xF7, 0xF7, 0xF7,
    0xF7, 0x00, 0x30, 0x70, 0xB0, 0xF0, 0xA5, 0x5B, 0x05, 0x5D, 0xD0, 0x52,
    0xA5, 0x5A, 0xC9, 0x40, 0xB0, 0x4C, 0x4A, 0x85, 0x5F, 0xA9, 0x2F, 0x38,
    0xE5, 0x5C, 0xC9, 0x30, 0xB0, 0x40, 0xA2, 0xFF, 0x38, 0xE8, 0xE9, 0x03,
    0xB0, 0xFB, 0x69, 0x03, 0x85, 0x61, 0x8A, 0x0A, 0x0A, 0x0A, 0x0A, 0x0A,
    0x05, 0x5F, 0x85, 0x5F, 0xA9, 0x80, 0x69, 0x00, 0x85, 0x60, 0xA5, 0x5A,
    0x4A, 0xA5, 0x61, 0x2A, 0xA8, 0xB9, 0xCB, 0xF7, 0xA0, 0x00, 0xA6, 0x5E,
    0xCA, 0xF0, 0x0F, 0xCA, 0xF0, 0x07, 0x49, 0xFF, 0x31, 0x5F, 0x91, 0x5F,
    0x60, 0x51, 0x5F, 0x91, 0x5F, 0x60, 0x11, 0x5F, 0x91, 0x5F, 0x60, 0xA5,
    0x5B, 0x05, 0x5D, 0xD0, 0xF9, 0xA5, 0x5A, 0x30, 0xF5, 0x4A, 0x4A, 0x4A,
    0x85, 0x5F, 0xA9, 0x3F, 0x38, 0xE5, 0x5C, 0xC9, 0x40, 0x90, 0x32, 0x60,
    0xA5, 0x5B, 0x05, 0x5D, 0xD0, 0xE0, 0xA5, 0x5A, 0x30, 0xDC, 0x4A, 0x4A,
    0x4A, 0x85, 0x5F, 0xA9, 0x5F, 0x38, 0xE5, 0x5C, 0xC9, 0x60, 0x90, 0x19,
    0x60, 0xA5, 0x5B, 0x05, 0x5D, 0xD0, 0xC7, 0xA5, 0x5A, 0x30, 0xC3, 0x4A,
    0x4A, 0x4A, 0x85, 0x5F, 0xA9, 0xBF, 0x38, 0xE5, 0x5C, 0xC9, 0xC0, 0xB0,
    0xB5, 0xA0, 0x00, 0x84, 0x60, 0x0A, 0x26, 0x60, 0x0A, 0x26, 0x60, 0x0A,
    0x26, 0x60, 0x0A, 0x26, 0x60, 0x65, 0x5F, 0x85, 0x5F, 0xA5, 0x60, 0x69,
    0x80, 0x85, 0x60, 0xA5, 0x5A, 0x29, 0x07, 0xA8, 0xB9, 0xC9, 0xF7, 0x4C,
    0x20, 0xF7, 0xA5, 0x5B, 0x05, 0x5D, 0xD0, 0xBC, 0xA5, 0x5A, 0x4A, 0x4A,
    0x4A, 0x85, 0x5F, 0xA9, 0xBF, 0x38, 0xE5, 0x5C, 0xC9, 0xC0, 0xB0, 0xAC,
    0xA0, 0x00, 0x84, 0x60, 0x0A, 0x26, 0x60, 0x10, 0xC0, 0x80, 0x40, 0x20,
    0x10, 0x08, 0x04, 0x02, 0x01, 0x68, 0x85, 0xE8, 0x68, 0x85, 0xE9, 0xA0,
    0x00, 0xE6, 0xE8, 0xD0, 0x02, 0xE6, 0xE9, 0xB1, 0xE8, 0x30, 0x06, 0x20,
    0xF4, 0xFF, 0x4C, 0xD7, 0xF7, 0x6C, 0xE8, 0x00, 0xA2, 0xD4, 0x20, 0xF1,
    0xF7, 0xB5, 0x01, 0x20, 0x02, 0xF8, 0xE8, 0xE8, 0xB5, 0xFE, 0x20, 0x02,
    0xF8, 0xA9, 0x20, 0x4C, 0xF4, 0xFF, 0x48, 0x4A, 0x4A, 0x4A, 0x4A, 0x20,
    0x0B, 0xF8, 0x68, 0x29, 0x0F, 0xC9, 0x0A, 0x90, 0x02, 0x69, 0x06, 0x69,
    0x30, 0x4C, 0xF4, 0xFF, 0x20, 0x76, 0xF8, 0xA2, 0x00, 0xC9, 0x22, 0xF0,
    0x06, 0xE8, 0xD0, 0x1B, 0x4C, 0x7D, 0xFA, 0xC8, 0xB9, 0x00, 0x01, 0xC9,
    0x0D, 0xF0, 0xF5, 0x9D, 0x40, 0x01, 0xE8, 0xC9, 0x22, 0xD0, 0xF0, 0xC8,
    0xB9, 0x00, 0x01, 0xC9, 0x22, 0xF0, 0xE8, 0xA9, 0x0D, 0x9D, 0x3F, 0x01,
    0xA9, 0x40, 0x85, 0xC9, 0xA9, 0x01, 0x85, 0xCA, 0xA2, 0xC9, 0x60, 0xA0,
    0x00, 0xB5, 0x00, 0x99, 0xC9, 0x00, 0xE8, 0xC8, 0xC0, 0x0A, 0x90, 0xF5,
    0xA0, 0xFF, 0xA9, 0x0D, 0xC8, 0xC0, 0x0E, 0xB0, 0x07, 0xD1, 0xC9, 0xD0,
    0xF7, 0xC0, 0x00, 0x60, 0x20, 0xD1, 0xF7, 0x4E, 0x41, 0x4D, 0x45, 0xEA,
    0x00, 0xC8, 0xB9, 0x00, 0x01, 0xC9, 0x20, 0xF0, 0xF8, 0x60, 0xC9, 0x30,
    0x90, 0x0F, 0xC9, 0x3A, 0x90, 0x08, 0xE9, 0x07, 0x90, 0x07, 0xC9, 0x40,
    0xB0, 0x02, 0x29, 0x0F, 0x60, 0x38, 0x60, 0xA9, 0x00, 0x95, 0x00, 0x95,
    0x01, 0x95, 0x02, 0x20, 0x76, 0xF8, 0xB9, 0x00, 0x01, 0x20, 0x7E, 0xF8,
    0xB0, 0x15, 0x0A, 0x0A, 0x0A, 0x0A, 0x94, 0x02, 0xA0, 0x04, 0x0A, 0x36,
    0x00, 0x36, 0x01, 0x88, 0xD0, 0xF8, 0xB4, 0x02, 0xC8, 0xD0, 0xE3, 0xB5,
    0x02, 0x60, 0x43, 0x41, 0x54, 0xFA, 0x2A, 0x4C, 0x4F, 0x41, 0x44, 0xF9,
    0x58, 0x53, 0x41, 0x56, 0x45, 0xFA, 0xBB, 0x52, 0x55, 0x4E, 0xFA, 0x20,
    0x4D, 0x4F, 0x4E, 0xFA, 0x1A, 0x4E, 0x4F, 0x4D, 0x4F, 0x4E, 0xFA, 0x19,
    0x46, 0x4C, 0x4F, 0x41, 0x44, 0xF9, 0x55, 0x44, 0x4F, 0x53, 0xCC, 0xEF,
    0x00, 0xF9, 0x26, 0xA2, 0xFF, 0xD8, 0xA0, 0x00, 0x84, 0xDD, 0x20, 0x76,
    0xF8, 0x88, 0xC8, 0xE8, 0xBD, 0xBE, 0xF8, 0x30, 0x18, 0xD9, 0x00, 0x01,
    0xF0, 0xF4, 0xCA, 0xE8, 0xBD, 0xBE, 0xF8, 0x10, 0xFA, 0xE8, 0xB9, 0x00,
    0x01, 0xC9, 0x2E, 0xD0, 0xDD, 0xC8, 0xCA, 0xB0, 0xE3, 0x85, 0xCA, 0xBD,
    0xBF, 0xF8, 0x85, 0xC9, 0x18, 0xA2, 0x00, 0x6C, 0xC9, 0x00, 0x20, 0xD1,
    0xF7, 0x43, 0x4F, 0x4D, 0x3F, 0xEA, 0x00, 0x20, 0x8E, 0xFB, 0x50, 0xFA,
    0xF0, 0xF9, 0x20, 0x2B, 0xFC, 0xA0, 0x00, 0x20, 0xD4, 0xFF, 0x91, 0xCB,
    0xE6, 0xCB, 0xD0, 0x02, 0xE6, 0xCC, 0xA2, 0xD4, 0x20, 0x08, 0xFA, 0xD0,
    0xEE, 0x38, 0x66, 0xDD, 0x18, 0x66, 0xDD, 0x28, 0x60, 0x38, 0x66, 0xDD,
    0x20, 0x18, 0xF8, 0xA2, 0xCB, 0x20, 0x93, 0xF8, 0xF0, 0x04, 0xA9, 0xFF,
    0x85, 0xCD, 0x20, 0x76, 0xFA, 0xA2, 0xC9, 0x6C, 0x0C, 0x02, 0x08, 0x78,
    0x20, 0x4F, 0xF8, 0x08, 0x20, 0x3E, 0xFC, 0x28, 0xF0, 0xB5, 0xA9, 0x00,
    0x85, 0xD0, 0x85, 0xD1, 0x20, 0xA2, 0xF9, 0x90, 0xC9, 0xE6, 0xD0, 0xE6,
    0xCC, 0xD0, 0xF5, 0x18, 0x90, 0xC0, 0x20, 0xF4, 0xFF, 0xC8, 0xB9, 0xED,
    0x00, 0xC9, 0x0D, 0xD0, 0xF5, 0xC8, 0x20, 0xFD, 0xF7, 0xC0, 0x0E, 0x90,
    0xF8, 0x60, 0xA9, 0x00, 0x85, 0xDC, 0x20, 0x8E, 0xFB, 0x50, 0xF8, 0xD0,
    0xF5, 0x20, 0xC9, 0xFB, 0x08, 0x20, 0xE2, 0xFB, 0x28, 0xF0, 0x10, 0xA5,
    0xDB, 0x29, 0x20, 0x05, 0xEA, 0xD0, 0xE3, 0x20, 0x92, 0xF9, 0x20, 0xED,
    0xFF, 0xD0, 0xDB, 0xA2, 0x02, 0xA5, 0xDD, 0x30, 0x13, 0xB5, 0xCF, 0xD5,
    0xD8, 0xB0, 0x08, 0xA9, 0x05, 0x20, 0x40, 0xFC, 0x20, 0x3E, 0xFC, 0xD0,
    0xC5, 0xCA, 0xD0, 0xED, 0x20, 0x2B, 0xFC, 0x24, 0xDB, 0x50, 0x0B, 0x88,
    0xC8, 0x20, 0xD4, 0xFF, 0x91, 0xCB, 0xC4, 0xD8, 0xD0, 0xF6, 0xA5, 0xDC,
    0x85, 0xCE, 0x20, 0xD4, 0xFF, 0xC5, 0xCE, 0xF0, 0x08, 0x20, 0xD1, 0xF7,
    0x53, 0x55, 0x4D, 0xEA, 0x00, 0x26, 0xDB, 0x60, 0xF6, 0x00, 0xD0, 0x02,
    0xF6, 0x01, 0xB5, 0x00, 0xD5, 0x02, 0xD0, 0x04, 0xB5, 0x01, 0xD5, 0x03,
    0x60, 0xCA, 0x20, 0x76, 0xFA, 0x86, 0xEA, 0x60, 0x20, 0x58, 0xF9, 0x24,
    0xDD, 0x70, 0x4C, 0x6C, 0xD6, 0x00, 0x08, 0x20, 0x76, 0xFA, 0x20, 0x3E,
    0xFC, 0x20, 0x8E, 0xFB, 0x70, 0x02, 0x28, 0x60, 0xF0, 0x0A, 0xA0, 0x00,
    0x20, 0x99, 0xF9, 0x20, 0xEC, 0xF7, 0xD0, 0x19, 0x20, 0xC9, 0xFB, 0x20,
    0xE2, 0xFB, 0x20, 0x92, 0xF9, 0x20, 0xEC, 0xF7, 0x26, 0xDB, 0x10, 0x09,
    0xE8, 0x20, 0xF1, 0xF7, 0xB5, 0xFD, 0x20, 0x02, 0xF8, 0x20, 0xED, 0xFF,
    0xD0, 0xCF, 0x4C, 0xED, 0xFF, 0x20, 0x93, 0xF8, 0xF0, 0x13, 0x60, 0xA2,
    0xCB, 0x20, 0x65, 0xFA, 0x20, 0x76, 0xFA, 0x6C, 0xCB, 0x00, 0x20, 0x76,
    0xF8, 0xC9, 0x0D, 0xF0, 0xA2, 0x20, 0xD1, 0xF7, 0x53, 0x59, 0x4E, 0x3F,
    0xEA, 0x00, 0x38, 0xA5, 0xD1, 0xE5, 0xCF, 0x48, 0xA5, 0xD2, 0xE5, 0xD0,
    0xA8, 0x68, 0x18, 0x65, 0xCB, 0x85, 0xCD, 0x98, 0x65, 0xCC, 0x85, 0xCE,
    0xA0, 0x04, 0xB9, 0xCA, 0x00, 0x20, 0xD1, 0xFF, 0x88, 0xD0, 0xF7, 0xB1,
    0xCF, 0x20, 0xD1, 0xFF, 0xE6, 0xCF, 0xD0, 0x02, 0xE6, 0xD0, 0xA2, 0xCB,
    0x20, 0x08, 0xFA, 0xD0, 0xEE, 0x28, 0x60, 0x20, 0x18, 0xF8, 0xA2, 0xCB,
    0x20, 0x65, 0xFA, 0xA2, 0xD1, 0x20, 0x65, 0xFA, 0xA2, 0xCD, 0x20, 0x93,
    0xF8, 0x08, 0xA5, 0xCB, 0xA6, 0xCC, 0x28, 0xD0, 0x04, 0x85, 0xCD, 0x86,
    0xCE, 0x85, 0xCF, 0x86, 0xD0, 0x20, 0x76, 0xFA, 0xA2, 0xC9, 0x6C, 0x0E,
    0x02, 0x08, 0x78, 0x20, 0x4F, 0xF8, 0x08, 0xA9, 0x06, 0x20, 0x40, 0xFC,
    0xA2, 0x07, 0x20, 0x7A, 0xFB, 0x28, 0xF0, 0x8E, 0xA2, 0x04, 0xB5, 0xCE,
    0x95, 0xD2, 0xCA, 0xD0, 0xF9, 0x86, 0xD0, 0x86, 0xD1, 0xA5, 0xD5, 0xD0,
    0x02, 0xC6, 0xD6, 0xC6, 0xD5, 0x18, 0x66, 0xD2, 0x38, 0xA2, 0xFF, 0xA5,
    0xD5, 0xE5, 0xD3, 0x85, 0xCF, 0xA5, 0xD6, 0xE5, 0xD4, 0x08, 0x66, 0xD2,
    0x28, 0x90, 0x06, 0x18, 0xF0, 0x03, 0x86, 0xCF, 0x38, 0x66, 0xD2, 0xE8,
    0x20, 0x3B, 0xFB, 0xE6, 0xD0, 0xE6, 0xD4, 0xE6, 0xCC, 0x26, 0xD2, 0xB0,
    0xD5, 0x28, 0x60, 0xA2, 0x07, 0x20, 0x7A, 0xFB, 0x86, 0xDC, 0xA0, 0x04,
    0xA9, 0x2A, 0x20, 0xD1, 0xFF, 0x88, 0xD0, 0xF8, 0xB1, 0xC9, 0x20, 0xD1,
    0xFF, 0xC8, 0xC9, 0x0D, 0xD0, 0xF6, 0xA0, 0x08, 0xB9, 0xCA, 0x00, 0x20,
    0xD1, 0xFF, 0x88, 0xD0, 0xF7, 0x20, 0x81, 0xFB, 0x24, 0xD2, 0x50, 0x0B,
    0x88, 0xC8, 0xB1, 0xD3, 0x20, 0xD1, 0xFF, 0xC4, 0xCF, 0xD0, 0xF6, 0xA5,
    0xDC, 0x20, 0xD1, 0xFF, 0xA2, 0x04, 0x8E, 0x02, 0xB0, 0xA2, 0x78, 0xD0,
    0x02, 0xA2, 0x1E, 0x20, 0x66, 0xFE, 0xCA, 0xD0, 0xFA, 0x60, 0xA2, 0x06,
    0xD0, 0xF5, 0x2C, 0x01, 0xB0, 0x10, 0xFB, 0x50, 0xF9, 0xA0, 0x00, 0x85,
    0xC3, 0xA9, 0x10, 0x85, 0xC2, 0x2C, 0x01, 0xB0, 0x10, 0x0F, 0x50, 0x0D,
    0x20, 0xBD, 0xFC, 0xB0, 0xEC, 0xC6, 0xC3, 0xD0, 0xF0, 0xC6, 0xC2, 0xD0,
    0xEC, 0x70, 0x01, 0x60, 0xA0, 0x04, 0x08, 0x20, 0xE4, 0xFB, 0x28, 0xA0,
    0x04, 0xA9, 0x2A, 0xD9, 0xD3, 0x00, 0xD0, 0x03, 0x88, 0xD0, 0xF8, 0x60,
    0xC8, 0x20, 0xD4, 0xFF, 0x99, 0xED, 0x00, 0xC9, 0x0D, 0xD0, 0xF5, 0xA0,
    0xFF, 0xC8, 0xB1, 0xC9, 0xD9, 0xED, 0x00, 0xD0, 0xEA, 0xC9, 0x0D, 0xD0,
    0xF4, 0x60, 0xA0, 0x08, 0x20, 0xD4, 0xFF, 0x99, 0xD3, 0x00, 0x88, 0xD0,
    0xF7, 0x60, 0x86, 0xEC, 0x84, 0xC3, 0x08, 0x78, 0xA9, 0x78, 0x85, 0xC0,
    0x20, 0xBD, 0xFC, 0x90, 0xF7, 0xE6, 0xC0, 0x10, 0xF7, 0xA9, 0x53, 0x85,
    0xC4, 0xA2, 0x00, 0xAC, 0x02, 0xB0, 0x20, 0xCD, 0xFC, 0xF0, 0x00, 0xF0,
    0x01, 0xE8, 0xC6, 0xC4, 0xD0, 0xF4, 0xE0, 0x0C, 0x66, 0xC0, 0x90, 0xE5,
    0xA5, 0xC0, 0x28, 0xA4, 0xC3, 0xA6, 0xEC, 0x48, 0x18, 0x65, 0xDC, 0x85,
    0xDC, 0x68, 0x60, 0xA5, 0xCD, 0x30, 0x08, 0xA5, 0xD4, 0x85, 0xCB, 0xA5,
    0xD5, 0x85, 0xCC, 0x60, 0xB0, 0x04, 0xA9, 0x06, 0xD0, 0x02, 0xA9, 0x04,
    0xA2, 0x07, 0x8E, 0x02, 0xB0, 0x24, 0xEA, 0xD0, 0x2D, 0xC9, 0x05, 0xF0,
    0x16, 0xB0, 0x09, 0x20, 0xD1, 0xF7, 0x50, 0x4C, 0x41, 0x59, 0xD0, 0x15,
    0x20, 0xD1, 0xF7, 0x52, 0x45, 0x43, 0x4F, 0x52, 0x44, 0xD0, 0x0A, 0x20,
    0xD1, 0xF7, 0x52, 0x45, 0x57, 0x49, 0x4E, 0x44, 0xEA, 0x20, 0xD1, 0xF7,
    0x20, 0x54, 0x41, 0x50, 0x45, 0xEA, 0x20, 0xE3, 0xFF, 0x4C, 0xED, 0xFF,
    0x86, 0xEC, 0x84, 0xC3, 0x08, 0x78, 0x48, 0x20, 0x23, 0xFC, 0x85, 0xC0,
    0x20, 0xD8, 0xFC, 0xA9, 0x0A, 0x85, 0xC1, 0x18, 0x90, 0x0A, 0xA2, 0x07,
    0x8E, 0x02, 0xB0, 0x20, 0xDA, 0xFC, 0x30, 0x13, 0xA0, 0x04, 0xA9, 0x04,
    0x8D, 0x02, 0xB0, 0x20, 0xD8, 0xFC, 0xEE, 0x02, 0xB0, 0x20, 0xD8, 0xFC,
    0x88, 0xD0, 0xEF, 0x38, 0x66, 0xC0, 0xC6, 0xC1, 0xD0, 0xDA, 0xA4, 0xC3,
    0xA6, 0xEC, 0x68, 0x28, 0x60, 0xA2, 0x00, 0xAC, 0x02, 0xB0, 0xE8, 0xF0,
    0x07, 0x20, 0xCD, 0xFC, 0xF0, 0xF8, 0xE0, 0x08, 0x60, 0x84, 0xC5, 0xAD,
    0x02, 0xB0, 0xA8, 0x45, 0xC5, 0x29, 0x20, 0x60, 0xA2, 0x00, 0xA9, 0x10,
    0x2C, 0x02, 0xB0, 0xF0, 0xFB, 0x2C, 0x02, 0xB0, 0xD0, 0xFB, 0xCA, 0x10,
    0xF3, 0x60, 0xC9, 0x06, 0xF0, 0x1D, 0xC9, 0x15, 0xF0, 0x1F, 0xA4, 0xE0,
    0x30, 0x23, 0xC9, 0x1B, 0xF0, 0x11, 0xC9, 0x07, 0xF0, 0x1C, 0x20, 0x44,
    0xFD, 0xA2, 0x0A, 0x20, 0xC5, 0xFE, 0xD0, 0x21, 0x4C, 0xB7, 0xFE, 0x18,
    0xA2, 0x00, 0x8E, 0x00, 0xB0, 0xA2, 0x02, 0x08, 0x16, 0xDE, 0x28, 0x76,
    0xDE, 0x60, 0xA9, 0x05, 0xA8, 0x8D, 0x03, 0xB0, 0xCA, 0xD0, 0xFD, 0x49,
    0x01, 0xC8, 0x10, 0xF5, 0x60, 0xC9, 0x20, 0x90, 0x17, 0x69, 0x1F, 0x30,
    0x02, 0x49, 0x60, 0x20, 0x6B, 0xFE, 0x91, 0xDE, 0xC8, 0xC0, 0x20, 0x90,
    0x05, 0x20, 0xEC, 0xFD, 0xA0, 0x00, 0x84, 0xE0, 0x48, 0x20, 0x6B, 0xFE,
    0xB1, 0xDE, 0x45, 0xE1, 0x91, 0xDE, 0x68, 0x60, 0x20, 0x35, 0xFE, 0xA9,
    0x20, 0x20, 0x6B, 0xFE, 0x91, 0xDE, 0x10, 0xE6, 0x20, 0x35, 0xFE, 0x4C,
    0x42, 0xFD, 0x20, 0xEC, 0xFD, 0xA4, 0xE0, 0x10, 0xD9, 0xA0, 0x80, 0x84,
    0xE1, 0xA0, 0x00, 0x8C, 0x00, 0xB0, 0xA9, 0x20, 0x99, 0x00, 0x80, 0x99,
    0x00, 0x81, 0xC8, 0xD0, 0xF7, 0xA9, 0x80, 0xA0, 0x00, 0x85, 0xDF, 0x84,
    0xDE, 0xF0, 0xBB, 0x20, 0x3A, 0xFE, 0x4C, 0x42, 0xFD, 0x18, 0xA9, 0x10,
    0x85, 0xE6, 0xA2, 0x08, 0x20, 0x13, 0xFD, 0x4C, 0x44, 0xFD, 0xA5, 0xE7,
    0x49, 0x60, 0x85, 0xE7, 0xB0, 0x09, 0x29, 0x05, 0x2E, 0x01, 0xB0, 0x2A,
    0x20, 0xEA, 0xFC, 0x4C, 0x9A, 0xFE, 0xA4, 0xE0, 0x20, 0x6B, 0xFE, 0xB1,
    0xDE, 0x45, 0xE1, 0x30, 0x02, 0x49, 0x60, 0xE9, 0x20, 0x4C, 0xE9, 0xFD,
    0xA9, 0x5F, 0x49, 0x20, 0xD0, 0x23, 0x45, 0xE7, 0x2C, 0x01, 0xB0, 0x30,
    0x02, 0x49, 0x60, 0x4C, 0xDF, 0xFD, 0x69, 0x39, 0x90, 0xF2, 0x49, 0x10,
    0x2C, 0x01, 0xB0, 0x30, 0x02, 0x49, 0x10, 0x18, 0x69, 0x20, 0x2C, 0x01,
    0xB0, 0x70, 0x02, 0x29, 0x1F, 0x4C, 0x60, 0xFE, 0xA5, 0xDE, 0xA4, 0xDF,
    0xC0, 0x81, 0x90, 0x38, 0xC9, 0xE0, 0x90, 0x34, 0xA4, 0xE6, 0x30, 0x0C,
    0x88, 0xD0, 0x07, 0x20, 0x71, 0xFE, 0xB0, 0xFB, 0xA0, 0x10, 0x84, 0xE6,
    0xA0, 0x20, 0x20, 0x66, 0xFE, 0xB9, 0x00, 0x80, 0x99, 0xE0, 0x7F, 0xC8,
    0xD0, 0xF7, 0x20, 0x6B, 0xFE, 0xB9, 0x00, 0x81, 0x99, 0xE0, 0x80, 0xC8,
    0xD0, 0xF7, 0xA0, 0x1F, 0xA9, 0x20, 0x91, 0xDE, 0x88, 0x10, 0xFB, 0x60,
    0x69, 0x20, 0x85, 0xDE, 0xD0, 0x02, 0xE6, 0xDF, 0x60, 0x88, 0x10, 0x19,
    0xA0, 0x1F, 0xA5, 0xDE, 0xD0, 0x0B, 0xA6, 0xDF, 0xE0, 0x80, 0xD0, 0x05,
    0x68, 0x68, 0x4C, 0x65, 0xFD, 0xE9, 0x20, 0x85, 0xDE, 0xB0, 0x02, 0xC6,
    0xDF, 0x60, 0x20, 0xFB, 0xFE, 0x08, 0x48, 0xD8, 0x84, 0xE5, 0x86, 0xE4,
    0x20, 0xEA, 0xFC, 0x68, 0xA6, 0xE4, 0xA4, 0xE5, 0x28, 0x60, 0x2C, 0x02,
    0xB0, 0x10, 0xFB, 0x2C, 0x02, 0xB0, 0x30, 0xFB, 0x60, 0xA0, 0x3B, 0x18,
    0xA9, 0x20, 0xA2, 0x0A, 0x2C, 0x01, 0xB0, 0xF0, 0x08, 0xEE, 0x00, 0xB0,
    0x88, 0xCA, 0xD0, 0xF4, 0x4A, 0x08, 0x48, 0xAD, 0x00, 0xB0, 0x29, 0xF0,
    0x8D, 0x00, 0xB0, 0x68, 0x28, 0xD0, 0xE3, 0x60, 0x08, 0xD8, 0x86, 0xE4,
    0x84, 0xE5, 0x2C, 0x02, 0xB0, 0x50, 0x05, 0x20, 0x71, 0xFE, 0x90, 0xF6,
    0x20, 0x8A, 0xFB, 0x20, 0x71, 0xFE, 0xB0, 0xFB, 0x20, 0x71, 0xFE, 0xB0,
    0xF6, 0x98, 0xA2, 0x17, 0x20, 0xC5, 0xFE, 0xBD, 0xE3, 0xFE, 0x85, 0xE2,
    0xA9, 0xFD, 0x85, 0xE3, 0x98, 0x6C, 0xE2, 0x00, 0xCA, 0xDD, 0xCB, 0xFE,
    0x90, 0xFA, 0x60, 0x00, 0x08, 0x09, 0x0A, 0x0B, 0x0C, 0x0D, 0x0E, 0x0F,
    0x1E, 0x7F, 0x00, 0x01, 0x05, 0x06, 0x08, 0x0E, 0x0F, 0x10, 0x11, 0x1C,
    0x20, 0x21, 0x3B, 0x44, 0x5C, 0x38, 0x62, 0x87, 0x69, 0x40, 0x8D, 0x92,
    0x7D, 0x50, 0xDF, 0xD2, 0x9A, 0xA2, 0xE2, 0xAE, 0xC0, 0xDF, 0xD8, 0xD6,
    0xC8, 0xC6, 0xC2, 0x48, 0xC9, 0x02, 0xF0, 0x27, 0xC9, 0x03, 0xF0, 0x34,
    0xC5, 0xFE, 0xF0, 0x2E, 0xAD, 0x0C, 0xB8, 0x29, 0x0E, 0xF0, 0x27, 0x68,
    0x2C, 0x01, 0xB8, 0x30, 0xFB, 0x8D, 0x01, 0xB8, 0x48, 0xAD, 0x0C, 0xB8,
    0x29, 0xF0, 0x09, 0x0C, 0x8D, 0x0C, 0xB8, 0x09, 0x02, 0xD0, 0x0C, 0xA9,
    0x7F, 0x8D, 0x03, 0xB8, 0xAD, 0x0C, 0xB8, 0x29, 0xF0, 0x09, 0x0E, 0x8D,
    0x0C, 0xB8, 0x68, 0x60, 0xAD, 0x0C, 0xB8, 0x29, 0xF0, 0xB0, 0xF4, 0xA2,
    0x17, 0xBD, 0x9A, 0xFF, 0x9D, 0x04, 0x02, 0xCA, 0x10, 0xF7, 0x9A, 0x8A,
    0xE8, 0x86, 0xEA, 0x86, 0xE1, 0x86, 0xE7, 0xA2, 0x33, 0x9D, 0xEB, 0x02,
    0xCA, 0x10, 0xFA, 0xA9, 0x0A, 0x85, 0xFE, 0xA9, 0x8A, 0x8D, 0x03, 0xB0,
    0xA9, 0x07, 0x8D, 0x02, 0xB0, 0x20, 0xD1, 0xF7, 0x06, 0x0C, 0x0F, 0x41,
    0x43, 0x4F, 0x52, 0x4E, 0x20, 0x41, 0x54, 0x4F, 0x4D, 0x0A, 0x0A, 0x0D,
    0xA9, 0x82, 0x85, 0x12, 0x58, 0xA9, 0x55, 0x8D, 0x01, 0x29, 0xCD, 0x01,
    0x29, 0xD0, 0x0C, 0x0A, 0x8D, 0x01, 0x29, 0xCD, 0x01, 0x29, 0xD0, 0x03,
    0x4C, 0x00, 0xE0, 0x4C, 0xB6, 0xC2, 0x00, 0xA0, 0xEF, 0xF8, 0x52, 0xFE,
    0x94, 0xFE, 0x6E, 0xF9, 0xE5, 0xFA, 0xAC, 0xC2, 0xAC, 0xC2, 0xEE, 0xFB,
    0x7C, 0xFC, 0x38, 0xFC, 0x78, 0xC2, 0x85, 0xFF, 0x68, 0x48, 0x29, 0x10,
    0xD0, 0x06, 0xA5, 0xFF, 0x48, 0x6C, 0x04, 0x02, 0xA5, 0xFF, 0x28, 0x08,
    0x6C, 0x02, 0x02, 0x48, 0x6C, 0x00, 0x02, 0x6C, 0x1A, 0x02, 0x6C, 0x18,
    0x02, 0x6C, 0x16, 0x02, 0x6C, 0x14, 0x02, 0x6C, 0x12, 0x02, 0x6C, 0x10,
    0x02, 0x6C, 0x0E, 0x02, 0x6C, 0x0C, 0x02, 0x6C, 0x0A, 0x02, 0x20, 0xE3,
    0xFF, 0xC9, 0x0D, 0xD0, 0x07, 0xA9, 0x0A, 0x20, 0xF4, 0xFF, 0xA9, 0x0D,
    0x6C, 0x08, 0x02, 0x6C, 0x06, 0x02, 0xC7, 0xFF, 0x3F, 0xFF, 0xB2, 0xFF,
    0x3C, 0x3D, 0x3E, 0xFE, 0x2D, 0x2B, 0xC8, 0x23, 0x28, 0x21, 0x3F, 0x52,
    0x54, 0x4C, 0x43, 0x41, 0x50, 0x45, 0x47, 0x42, 0x46, 0xF0, 0x54, 0xFF,
    0x4F, 0xCB, 0x53, 0xCB, 0x54, 0x45, 0x50, 0xCB, 0x54, 0xC3, 0x48, 0x45,
    0x4E, 0xC3, 0x22, 0x24, 0xCE, 0xCE, 0xCC, 0x24, 0x2C, 0xC5, 0x24, 0x26,
    0x3B, 0x0D, 0x2C, 0xC3, 0xC5, 0xC2, 0x3E, 0xC7, 0x3D, 0xC7, 0xC7, 0xC7,
    0x3D, 0xC7, 0xC7, 0xC8, 0x52, 0xC7, 0xC7, 0x4F, 0x41, 0xFE, 0x24, 0xC7,
    0x48, 0xC9, 0x45, 0x4E, 0xC9, 0x4E, 0x44, 0xC7, 0xC9, 0xC9, 0xC9, 0xC9,
    0x4E, 0x44, 0xC9, 0x4F, 0x50, 0xC9, 0x4F, 0x55, 0x4E, 0x54, 0xC9, 0x42,
    0x53, 0xC9, 0x54, 0x52, 0xCF, 0x58, 0x54, 0xCF, 0x45, 0x54, 0xCF, 0x47,
    0x45, 0x54, 0xCF, 0x49, 0x4E, 0xCF, 0x4F, 0x55, 0x54, 0xCF, 0xC3, 0xC3,
    0x52, 0x49, 0x4E, 0x54, 0xC3, 0x4E, 0x4C, 0x55, 0x4E, 0x49, 0x47, 0x52,
    0x46, 0x21, 0x3F, 0x24, 0x50, 0x44, 0x4C, 0x53, 0x42, 0x2A, 0x45, 0xF0,
    0x41, 0x56, 0x45, 0xCF, 0x45, 0x57, 0xC2, 0x4F, 0xCC, 0x45, 0x54, 0xC3,
    0x49, 0x4E, 0x4B, 0xC3, 0x49, 0x53, 0x54, 0xCA, 0x4F, 0x41, 0x44, 0xCE,
    0x4E, 0x54, 0x49, 0x4C, 0xCC, 0x45, 0x58, 0x54, 0xCA, 0x46, 0xC5, 0x4E,
    0x50, 0x55, 0x54, 0xCC, 0x4F, 0x53, 0x55, 0x42, 0xCB, 0x4F, 0x54, 0x4F,
    0xCC, 0x45, 0x54, 0x55, 0x52, 0x4E, 0xCB, 0x45, 0x4D, 0xC5, 0x55, 0x4E,
    0xF1, 0x4F, 0x52, 0xCB, 0x4E, 0x44, 0xCD, 0x47, 0x45, 0x54, 0xCF, 0x50,
    0x55, 0x54, 0xCF, 0x48, 0x55, 0x54, 0xCF, 0x50, 0x55, 0x54, 0xCF, 0x54,
    0x52, 0xCF, 0x55, 0x54, 0xCF, 0xC3, 0xC4, 0xCD, 0xC4, 0x2C, 0xFE, 0x36,
    0x3B, 0x3C, 0xC0, 0x3F, 0x06, 0xDC, 0x50, 0x51, 0x52, 0x53, 0x54, 0x57,
    0x4A, 0x5A, 0x5F, 0x62, 0x65, 0x68, 0x6B, 0x6F, 0x2E, 0x18, 0xAC, 0x17,
    0x81, 0x1C, 0xBE, 0x17, 0x17, 0x17, 0xA2, 0x22, 0x1B, 0x17, 0x17, 0x17,
    0x1B, 0x29, 0x28, 0xB6, 0xBF, 0xB6, 0x2A, 0xB7, 0x58, 0x76, 0x77, 0x34,
    0x34, 0x7C, 0x3F, 0x4A, 0x78, 0x38, 0x6D, 0x3A, 0x64, 0x74, 0x5B, 0x3E,
    0x7B, 0x82, 0xC1, 0x45, 0x22, 0x31, 0x40, 0x4D, 0x4D, 0x42, 0x53, 0x15,
    0xD2, 0x15, 0x15, 0xBD, 0x45, 0x45, 0x14, 0x0A, 0x44, 0x5F, 0x4C, 0x15,
    0x15, 0x86, 0x15, 0x15, 0x73, 0x48, 0x15, 0x15, 0x15, 0x7A, 0x15, 0x15,
    0x02, 0x15, 0x15, 0x29, 0x15, 0x15, 0x28, 0x15, 0x15, 0x66, 0x15, 0x15,
    0x15, 0x5B, 0x72, 0x15, 0xA6, 0x15, 0x15, 0x15, 0xA7, 0x90, 0x35, 0xE3,
    0x8F, 0x8F, 0x8F, 0x34, 0x94, 0xA0, 0xA8, 0xAD, 0xB1, 0xBD, 0xC1, 0xCD,
    0xE9, 0xEA, 0xEB, 0x78, 0x97, 0x99, 0xD3, 0xDF, 0xEC, 0xD0, 0x4B, 0x8F,
    0x8F, 0x8F, 0x0A, 0x8F, 0xAD, 0xAD, 0x8F, 0xF0, 0x9C, 0x8F, 0x25, 0x8F,
    0x8F, 0x8F, 0xB2, 0xA4, 0x9C, 0x8F, 0x51, 0x99, 0x8F, 0x8F, 0xED, 0x8F,
    0x8F, 0x8F, 0x8F, 0xD2, 0x8F, 0x8F, 0x8F, 0xCD, 0xB3, 0x66, 0x8F, 0x8F,
    0x8F, 0x8F, 0x81, 0x8F, 0x8F, 0x8F, 0x8F, 0xD2, 0x8F, 0xB8, 0x8F, 0x05,
    0xCA, 0xC7, 0x8F, 0x8F, 0x8F, 0xEC, 0x8F, 0x8F, 0x75, 0x8F, 0x8F, 0x41,
    0x8F, 0x8F, 0x57, 0x8F, 0x8F, 0x98, 0xD7, 0x8F, 0x8F, 0xE3, 0xDB, 0x8F,
    0x8F, 0xC5, 0x90, 0x8F, 0x8F, 0xB6, 0x8F, 0x8F, 0x8F, 0x8F, 0xE6, 0x8F,
    0x47, 0x8F, 0x8F, 0x95, 0xEE, 0x06, 0x5C, 0x0F, 0x35, 0x2D, 0x2B, 0x7C,
    0x3A, 0xFE, 0x2A, 0x2F, 0x25, 0x21, 0x3F, 0x26, 0xFE, 0x29, 0xFF, 0x3D,
    0xFF, 0x21, 0x3F, 0x24, 0xFF, 0x3D, 0x21, 0x3F, 0xFF, 0x27, 0x22, 0xFE,
    0xB7, 0x9A, 0xD3, 0xEF, 0xEF, 0x13, 0x5E, 0x70, 0xB3, 0x9C, 0x7B, 0x7B,
    0x78, 0x78, 0x78, 0x78, 0xEE, 0x06, 0x5C, 0x5C, 0xE5, 0x75, 0x7B, 0x7B,
    0x6F, 0x7A, 0xC7, 0xC7, 0xC7, 0xC7, 0xC7, 0xC8, 0xC8, 0xC8, 0xC8, 0xC8,
    0xC8, 0xC8, 0xC2, 0xC2, 0xC2, 0xC2, 0xC3, 0xC4, 0xCD, 0xCD, 0xC3, 0xCD,
    0xCD, 0xCD, 0xC3, 0xC3, 0x20, 0x3E, 0xCF, 0x84, 0x0F, 0xA2, 0xED, 0xA4,
    0x03, 0x88, 0xC8, 0xB1, 0x05, 0xC9, 0x20, 0xF0, 0xF9, 0x84, 0x5E, 0x85,
    0x52, 0xE8, 0xBD, 0xFF, 0xBF, 0x30, 0x24, 0xC5, 0x52, 0xD0, 0xF6, 0xBD,
    0xEE, 0xC0, 0xAA, 0xE8, 0xC8, 0xBD, 0xFF, 0xBF, 0x30, 0x15, 0xD1, 0x05,
    0xF0, 0xF5, 0xB1, 0x05, 0xC9, 0x2E, 0xF0, 0x04, 0xA4, 0x5E, 0x10, 0xE7,
    0xE8, 0xBD, 0xFF, 0xBF, 0x10, 0xFA, 0xC8, 0xC9, 0xFE, 0xB0, 0x3B, 0x85,
    0x53, 0xBD, 0xEE, 0xC0, 0x90, 0x29, 0xA6, 0x04, 0x60, 0xA2, 0x0E, 0xA4,
    0x03, 0x88, 0xC8, 0xB1, 0x05, 0xC9, 0x20, 0xF0, 0xF9, 0xDD, 0xDD, 0xC1,
    0xF0, 0x0C, 0x85, 0x52, 0xE8, 0xBD, 0xDD, 0xC1, 0x30, 0x16, 0xC5, 0x52,
    0xD0, 0xF6, 0xBD, 0x12, 0xC2, 0x85, 0x53, 0xBD, 0xF8, 0xC1, 0xC8, 0x85,
    0x52, 0x84, 0x03, 0xA6, 0x04, 0x6C, 0x52, 0x00, 0xC9, 0xFE, 0xF0, 0xCA,
    0x00, 0x20, 0xE4, 0xC4, 0xD0, 0x04, 0xA9, 0x29, 0x85, 0x12, 0xA9, 0x0D,
    0xA4, 0x12, 0x84, 0x0E, 0xA0, 0x00, 0x84, 0x0D, 0x91, 0x0D, 0xA9, 0xFF,
    0xC8, 0x91, 0x0D, 0xC8, 0x84, 0x0D, 0xA9, 0x08, 0x8D, 0x21, 0x03, 0xA9,
    0x3E, 0xD8, 0x20, 0x0F, 0xCD, 0xA2, 0x01, 0x86, 0x06, 0xCA, 0x86, 0x05,
    0x86, 0x01, 0x86, 0x02, 0xA9, 0xD8, 0x8D, 0x02, 0x02, 0xA9, 0xC9, 0x8D,
    0x03, 0x02, 0xA9, 0xE7, 0x85, 0x10, 0xA9, 0xC9, 0x85, 0x11, 0xA2, 0xFF,
    0x9A, 0xA9, 0x00, 0x85, 0x04, 0x85, 0x03, 0x85, 0x15, 0x85, 0x13, 0x85,
    0x14, 0xA2, 0x34, 0x9D, 0x8C, 0x03, 0xCA, 0xD0, 0xFA, 0x20, 0x34, 0xC4,
    0xB0, 0x21, 0x20, 0x6A, 0xC4, 0x90, 0x03, 0x4C, 0xC9, 0xCD, 0xA2, 0x7D,
    0x4C, 0x33, 0xC2, 0x20, 0x34, 0xC4, 0xB0, 0x0F, 0xA2, 0x7F, 0x4C, 0x33,
    0xC2, 0x20, 0x34, 0xC4, 0xB0, 0x05, 0xA2, 0x10, 0x4C, 0x7B, 0xC2, 0xA2,
    0x14, 0x4C, 0x7B, 0xC2, 0x38, 0x66, 0x0F, 0x20, 0x72, 0xC3, 0xA2, 0x2E,
    0x4C, 0x33, 0xC2, 0x20, 0x8B, 0xC7, 0x20, 0xCB, 0xC3, 0xA5, 0x0F, 0x30,
    0x21, 0xA2, 0x00, 0x86, 0x27, 0xA0, 0x00, 0xB9, 0x52, 0x00, 0x48, 0x29,
    0x0F, 0x95, 0x45, 0x68, 0x4A, 0x4A, 0x4A, 0x4A, 0xE8, 0x95, 0x45, 0xE8,
    0xC8, 0xC0, 0x04, 0x90, 0xEA, 0x20, 0xC8, 0xC5, 0x30, 0xCD, 0x20, 0x89,
    0xC5, 0x30, 0xC8, 0x20, 0x54, 0xCD, 0xA2, 0x18, 0x4C, 0x7B, 0xC2, 0x20,
    0x4C, 0xCA, 0xB1, 0x05, 0xC8, 0xC9, 0x0D, 0xF0, 0x1C, 0x84, 0x03, 0xC9,
    0x22, 0xD0, 0xF0, 0xB1, 0x05, 0xC9, 0x22, 0xD0, 0xE5, 0xC8, 0xB0, 0xE7,
    0x20, 0x8B, 0xC7, 0x20, 0xCB, 0xC3, 0x05, 0x54, 0x05, 0x53, 0xF0, 0x0E,
    0xA0, 0x00, 0xB1, 0x52, 0xC9, 0x0D, 0xF0, 0x93, 0x20, 0x4C, 0xCA, 0xC8,
    0xD0, 0xF4, 0xA5, 0x52, 0x20, 0x4C, 0xCA, 0x4C, 0x37, 0xC3, 0x20, 0xC8,
    0xC3, 0x20, 0xE4, 0xC4, 0xAD, 0x22, 0x03, 0xAE, 0x39, 0x03, 0xAC, 0x3A,
    0x03, 0x20, 0xA5, 0xC2, 0xD8, 0x4C, 0x5B, 0xC5, 0x20, 0xBC, 0xC8, 0xA0,
    0x52, 0xCA, 0x86, 0x04, 0xB5, 0x16, 0x99, 0x00, 0x00, 0xB5, 0x25, 0x99,
    0x01, 0x00, 0xB5, 0x34, 0x99, 0x02, 0x00, 0xB5, 0x43, 0x99, 0x03, 0x00,
    0x60, 0x20, 0xE1, 0xC4, 0x20, 0x2F, 0xCA, 0x4C, 0x5B, 0xC5, 0x20, 0xBC,
    0xC8, 0x20, 0x93, 0xCE, 0xB5, 0x26, 0xC8, 0x91, 0x52, 0xC8, 0xB5, 0x35,
    0x91, 0x52, 0xC8, 0xB5, 0x44, 0x91, 0x52, 0x4C, 0x5B, 0xC5, 0x20, 0xBC,
    0xC8, 0x20, 0x93, 0xCE, 0x4C, 0x5B, 0xC5, 0xA2, 0x00, 0xB1, 0x05, 0x9D,
    0x00, 0x01, 0x84, 0x03, 0xC8, 0xE8, 0xC9, 0x0D, 0xD0, 0xF3, 0x20, 0xF7,
    0xFF, 0x4C, 0x58, 0xC5, 0xAD, 0x00, 0xD0, 0xC9, 0xAA, 0xD0, 0x38, 0x4A,
    0xCD, 0x01, 0xD0, 0xD0, 0x32, 0xA4, 0x5E, 0x60, 0xA4, 0x03, 0x10, 0x03,
    0xC8, 0x84, 0x03, 0xB1, 0x05, 0xC9, 0x20, 0xF0, 0xF7, 0xC9, 0x5B, 0xB0,
    0x1E, 0xE9, 0x3F, 0x90, 0x1B, 0xA6, 0x04, 0x95, 0x16, 0xC8, 0xB1, 0x05,
    0xC9, 0x2E, 0xF0, 0x0F, 0xC9, 0x5B, 0xB0, 0x04, 0xC9, 0x40, 0xB0, 0x07,
    0xE8, 0x86, 0x04, 0x38, 0x84, 0x03, 0x60, 0x18, 0x60, 0x20, 0x34, 0xC4,
    0xB0, 0xBB, 0xA2, 0x00, 0xA4, 0x03, 0x86, 0x52, 0x86, 0x53, 0x86, 0x54,
    0x86, 0x55, 0x88, 0xC8, 0xB1, 0x05, 0x38, 0xE9, 0x30, 0x30, 0x54, 0xC9,
    0x0A, 0xB0, 0x50, 0xA6, 0x53, 0x48, 0xA5, 0x55, 0x48, 0xA5, 0x54, 0x48,
    0xA5, 0x52, 0x0A, 0x26, 0x53, 0x26, 0x54, 0x26, 0x55, 0x30, 0xD4, 0x0A,
    0x26, 0x53, 0x26, 0x54, 0x26, 0x55, 0x30, 0xCB, 0x65, 0x52, 0x85, 0x52,
    0x8A, 0x65, 0x53, 0x85, 0x53, 0x68, 0x65, 0x54, 0x85, 0x54, 0x68, 0x65,
    0x55, 0x06, 0x52, 0x26, 0x53, 0x26, 0x54, 0x2A, 0x30, 0xB1, 0x85, 0x55,
    0x68, 0x65, 0x52, 0x85, 0x52, 0x90, 0x0C, 0xE6, 0x53, 0xD0, 0x08, 0xE6,
    0x54, 0xD0, 0x04, 0xE6, 0x55, 0x30, 0x9C, 0xA2, 0xFF, 0xD0, 0xA4, 0x8A,
    0xF0, 0x8D, 0x38, 0x84, 0x03, 0xA0, 0x52, 0x4C, 0x9F, 0xC9, 0x20, 0x79,
    0xC2, 0x20, 0x8B, 0xC7, 0xA4, 0x03, 0x88, 0xC8, 0xB1, 0x05, 0xC9, 0x20,
    0xF0, 0xF9, 0xC9, 0x3B, 0xF0, 0x04, 0xC9, 0x0D, 0xD0, 0x66, 0x18, 0x98,
    0x65, 0x05, 0x85, 0x05, 0x90, 0x02, 0xE6, 0x06, 0xA0, 0x01, 0x84, 0x03,
    0xAD, 0x01, 0xB0, 0x29, 0x20, 0xF0, 0x3C, 0x60, 0x20, 0xE4, 0xC4, 0x88,
    0xB1, 0x05, 0xC9, 0x3B, 0xF0, 0xF5, 0xA5, 0x06, 0xC9, 0x01, 0xF0, 0x7A,
    0xC8, 0xB1, 0x05, 0x30, 0x3B, 0x85, 0x02, 0xC8, 0xB1, 0x05, 0x85, 0x01,
    0xC8, 0xB1, 0x05, 0x88, 0xC9, 0x61, 0x90, 0xC7, 0xE9, 0x61, 0xC9, 0x1B,
    0xB0, 0xC0, 0xC8, 0x0A, 0xAA, 0x20, 0xF6, 0xC4, 0xA5, 0x05, 0x9D, 0x8D,
    0x03, 0xA5, 0x06, 0x9D, 0x8E, 0x03, 0x60, 0x4C, 0xCF, 0xC2, 0x88, 0x20,
    0xF6, 0xC4, 0xD0, 0x0B, 0x20, 0x24, 0xC4, 0x90, 0x03, 0x6C, 0x02, 0xD0,
    0x20, 0xE4, 0xC4, 0xA0, 0x00, 0xB1, 0x05, 0xC9, 0x3B, 0xD0, 0x1A, 0x4C,
    0x1B, 0xC3, 0x20, 0x0C, 0xC7, 0xCA, 0x86, 0x04, 0xB5, 0x16, 0xF0, 0x05,
    0xA2, 0x20, 0x4C, 0x33, 0xC2, 0xA9, 0x0D, 0x88, 0xC8, 0xD1, 0x05, 0xD0,
    0xFB, 0xA5, 0x06, 0xC9, 0x01, 0xF0, 0xC4, 0x20, 0x1C, 0xC5, 0x4C, 0x1B,
    0xC3, 0xA5, 0x43, 0x85, 0x27, 0x10, 0x04, 0xE8, 0x20, 0xC4, 0xC8, 0xA2,
    0x09, 0xA9, 0x00, 0x95, 0x45, 0x38, 0xA5, 0x16, 0xFD, 0x08, 0xC6, 0x48,
    0xA5, 0x25, 0xFD, 0x10, 0xC6, 0x48, 0xA5, 0x34, 0xFD, 0x1A, 0xC6, 0xA8,
    0xA5, 0x43, 0xFD, 0x24, 0xC6, 0x90, 0x0E, 0x85, 0x43, 0x84, 0x34, 0x68,
    0x85, 0x25, 0x68, 0x85, 0x16, 0xF6, 0x45, 0xD0, 0xD8, 0x68, 0x68, 0xCA,
    0x10, 0xCF, 0xA2, 0x0A, 0xCA, 0xF0, 0x04, 0xB5, 0x45, 0xF0, 0xF9, 0x86,
    0x52, 0x24, 0x27, 0x10, 0x02, 0xE6, 0x52, 0x38, 0xAD, 0x21, 0x03, 0xF0,
    0x02, 0xE9, 0x01, 0xE5, 0x52, 0xF0, 0x0B, 0x90, 0x09, 0xA8, 0xA9, 0x20,
    0x20, 0x4C, 0xCA, 0x88, 0xD0, 0xF8, 0x24, 0x27, 0x10, 0x05, 0xA9, 0x2D,
    0x20, 0x4C, 0xCA, 0xB5, 0x45, 0xC9, 0x0A, 0x90, 0x02, 0x69, 0x06, 0x69,
    0x30, 0x20, 0x4C, 0xCA, 0xCA, 0x10, 0xF0, 0x60, 0x01, 0x0A, 0x64, 0xE8,
    0x10, 0xA0, 0x40, 0x80, 0x00, 0x00, 0x00, 0x03, 0x27, 0x86, 0x42, 0x96,
    0xE1, 0xCA, 0x00, 0x00, 0x00, 0x00, 0x00, 0x01, 0x0F, 0x98, 0xF5, 0x9A,
    0x00, 0x00, 0x00, 0x00, 0x00, 0x00, 0x00, 0x00, 0x05, 0x3B, 0xC6, 0x04,
    0xA6, 0x04, 0xA0, 0x00, 0x84, 0x58, 0xA5, 0x12, 0x85, 0x59, 0x88, 0xA9,
    0x0D, 0xC8, 0xD1, 0x58, 0xD0, 0xFB, 0x20, 0xA1, 0xCE, 0xB1, 0x58, 0xC8,
    0xD5, 0x25, 0x90, 0xEF, 0xD0, 0x12, 0xB1, 0x58, 0xD5, 0x16, 0x90, 0xE7,
    0xD0, 0x0A, 0x85, 0x01, 0xB5, 0x25, 0x85, 0x02, 0x20, 0xA1, 0xCE, 0x18,
    0x60, 0x20, 0xBC, 0xC8, 0xB5, 0x42, 0x55, 0x41, 0x85, 0x52, 0x20, 0x05,
    0xC9, 0xA0, 0x53, 0x20, 0xCD, 0xC3, 0xB5, 0x42, 0x95, 0x43, 0x20, 0x07,
    0xC9, 0xA0, 0x57, 0x20, 0xCD, 0xC3, 0xA0, 0x00, 0x84, 0x5B, 0x84, 0x5C,
    0x84, 0x5D, 0x84, 0x5E, 0x60, 0x20, 0x61, 0xC6, 0xA5, 0x54, 0x20, 0x05,
    0xC7, 0xF0, 0xEC, 0xA0, 0x20, 0x88, 0xF0, 0x41, 0x06, 0x57, 0x26, 0x58,
    0x26, 0x59, 0x26, 0x5A, 0x10, 0xF3, 0x26, 0x57, 0x26, 0x58, 0x26, 0x59,
    0x26, 0x5A, 0x26, 0x5B, 0x26, 0x5C, 0x26, 0x5D, 0x26, 0x5E, 0x38, 0xA5,
    0x5B, 0xE5, 0x53, 0x48, 0xA5, 0x5C, 0xE5, 0x54, 0x48, 0xA5, 0x5D, 0xE5,
    0x55, 0xAA, 0xA5, 0x5E, 0xE5, 0x56, 0x90, 0x0C, 0x85, 0x5E, 0x86, 0x5D,
    0x68, 0x85, 0x5C, 0x68, 0x85, 0x5B, 0xB0, 0x02, 0x68, 0x68, 0x88, 0xD0,
    0xC9, 0x60, 0x20, 0x8B, 0xC7, 0xCA, 0x86, 0x04, 0xB5, 0x42, 0x49, 0x80,
    0x85, 0x52, 0xB5, 0x43, 0x49, 0x80, 0x85, 0x54, 0xA0, 0x00, 0x38, 0xB5,
    0x15, 0xF5, 0x16, 0x85, 0x53, 0xB5, 0x24, 0xF5, 0x25, 0x85, 0x55, 0xB5,
    0x33, 0xF5, 0x34, 0x85, 0x56, 0xA5, 0x52, 0xE5, 0x54, 0x05, 0x53, 0x05,
    0x55, 0x05, 0x56, 0x60, 0x20, 0x2C, 0xC7, 0xA2, 0x43, 0x4C, 0x33, 0xC2,
    0x20, 0x2C, 0xC7, 0xB5, 0x14, 0x35, 0x15, 0x95, 0x14, 0xC6, 0x04, 0x4C,
    0x0F, 0xC7, 0x20, 0x2C, 0xC7, 0xB5, 0x14, 0x15, 0x15, 0x4C, 0x1B, 0xC7,
    0xA2, 0x46, 0x4C, 0x33, 0xC2, 0x20, 0x8B, 0xC7, 0x20, 0xAE, 0xCE, 0xB5,
    0x15, 0x85, 0x54, 0xB5, 0x24, 0x85, 0x55, 0xA0, 0xFF, 0xC8, 0xB1, 0x54,
    0xD1, 0x52, 0xD0, 0x07, 0x49, 0x0D, 0xD0, 0xF5, 0xA8, 0xF0, 0x11, 0xA0,
    0x00, 0xF0, 0x0E, 0x20, 0x8B, 0xC7, 0xA2, 0x00, 0x4C, 0x33, 0xC2, 0x20,
    0xDA, 0xC6, 0xD0, 0x01, 0xC8, 0x94, 0x15, 0x60, 0x20, 0xDA, 0xC6, 0xF0,
    0xF7, 0x90, 0xF5, 0xB0, 0xF4, 0x20, 0xDA, 0xC6, 0xD0, 0xEE, 0xF0, 0xED,
    0x20, 0xDA, 0xC6, 0x90, 0xE7, 0xB0, 0xE6, 0x20, 0xDA, 0xC6, 0xB0, 0xE0,
    0x90, 0xDF, 0x20, 0xDA, 0xC6, 0xF0, 0xDA, 0xB0, 0xD7, 0x90, 0xD6, 0x20,
    0x0B, 0xC8, 0x4C, 0x95, 0xC7, 0x95, 0x41, 0xC6, 0x04, 0xA2, 0x00, 0x4C,
    0x7B, 0xC2, 0x20, 0x0B, 0xC8, 0x18, 0xB5, 0x14, 0x75, 0x15, 0x95, 0x14,
    0xB5, 0x23, 0x75, 0x24, 0x95, 0x23, 0xB5, 0x32, 0x75, 0x33, 0x95, 0x32,
    0xB5, 0x41, 0x75, 0x42, 0x4C, 0x91, 0xC7, 0x20, 0x0B, 0xC8, 0xB5, 0x14,
    0xF5, 0x15, 0x95, 0x14, 0xB5, 0x23, 0xF5, 0x24, 0x95, 0x23, 0xB5, 0x32,
    0xF5, 0x33, 0x95, 0x32, 0xB5, 0x41, 0xF5, 0x42, 0x4C, 0x91, 0xC7, 0x20,
    0x0B, 0xC8, 0xB5, 0x14, 0x15, 0x15, 0x95, 0x14, 0xB5, 0x23, 0x15, 0x24,
    0x95, 0x23, 0xB5, 0x32, 0x15, 0x33, 0x95, 0x32, 0xB5, 0x41, 0x15, 0x42,
    0x4C, 0x91, 0xC7, 0x20, 0x0B, 0xC8, 0xB5, 0x14, 0x55, 0x15, 0x95, 0x14,
    0xB5, 0x23, 0x55, 0x24, 0x95, 0x23, 0xB5, 0x32, 0x55, 0x33, 0x95, 0x32,
    0xB5, 0x41, 0x55, 0x42, 0x4C, 0x91, 0xC7, 0x20, 0xBC, 0xC8, 0xA2, 0x05,
    0x4C, 0x7B, 0xC2, 0x20, 0x61, 0xC6, 0x46, 0x5A, 0x66, 0x59, 0x66, 0x58,
    0x66, 0x57, 0x90, 0x19, 0x18, 0x98, 0x65, 0x53, 0xA8, 0xA5, 0x5C, 0x65,
    0x54, 0x85, 0x5C, 0xA5, 0x5D, 0x65, 0x55, 0x85, 0x5D, 0xA5, 0x5E, 0x65,
    0x56, 0x29, 0x7F, 0x85, 0x5E, 0x06, 0x53, 0x26, 0x54, 0x26, 0x55, 0x26,
    0x56, 0xA5, 0x57, 0x05, 0x58, 0x05, 0x59, 0x05, 0x5A, 0xD0, 0xCB, 0x84,
    0x5B, 0xA5, 0x52, 0x08, 0xA0, 0x5B, 0x20, 0x9F, 0xC9, 0x28, 0x10, 0x03,
    0x20, 0xC4, 0xC8, 0x4C, 0x0E, 0xC8, 0x20, 0x89, 0xC6, 0x26, 0x57, 0x26,
    0x58, 0x26, 0x59, 0x26, 0x5A, 0x24, 0x52, 0x08, 0xA0, 0x57, 0xD0, 0xE2,
    0x20, 0x89, 0xC6, 0xA6, 0x04, 0xB5, 0x44, 0x08, 0x4C, 0x50, 0xC8, 0x20,
    0xBC, 0xC8, 0xCA, 0x86, 0x04, 0xB5, 0x15, 0x35, 0x16, 0x95, 0x15, 0xB5,
    0x24, 0x35, 0x25, 0x95, 0x24, 0xB5, 0x33, 0x35, 0x34, 0x95, 0x33, 0xB5,
    0x42, 0x35, 0x43, 0x95, 0x42, 0x4C, 0x0E, 0xC8, 0x20, 0xA2, 0xC8, 0x4C,
    0x0E, 0xC8, 0x20, 0xBC, 0xC8, 0x18, 0xB5, 0x15, 0x75, 0x14, 0xA8, 0xB5,
    0x24, 0x75, 0x23, 0xCA, 0x4C, 0x53, 0xC9, 0x20, 0xA2, 0xC8, 0x20, 0x62,
    0xC9, 0x4C, 0x0E, 0xC8, 0xA2, 0x04, 0x4C, 0x33, 0xC2, 0x20, 0xDC, 0xC8,
    0x38, 0xA9, 0x00, 0xA8, 0xF5, 0x15, 0x95, 0x15, 0x98, 0xF5, 0x24, 0x95,
    0x24, 0x98, 0xF5, 0x33, 0x95, 0x33, 0x98, 0xF5, 0x42, 0x95, 0x42, 0x60,
    0x20, 0x34, 0xC4, 0x90, 0x17, 0xB4, 0x15, 0xB9, 0x21, 0x03, 0x95, 0x15,
    0xB9, 0x57, 0x03, 0x95, 0x33, 0xB9, 0x3C, 0x03, 0x95, 0x24, 0xB9, 0x72,
    0x03, 0x95, 0x42, 0x60, 0x20, 0x6A, 0xC4, 0xB0, 0xFA, 0xA2, 0x07, 0x4C,
    0x33, 0xC2, 0x20, 0xBC, 0xC8, 0xB5, 0x42, 0x30, 0xBB, 0x60, 0xA2, 0x00,
    0x86, 0x52, 0x86, 0x53, 0x86, 0x54, 0x86, 0x55, 0x88, 0xC8, 0xB1, 0x05,
    0xC9, 0x30, 0x90, 0x22, 0xC9, 0x3A, 0x90, 0x0A, 0xE9, 0x37, 0xC9, 0x0A,
    0x90, 0x18, 0xC9, 0x10, 0xB0, 0x14, 0x0A, 0x0A, 0x0A, 0x0A, 0xA2, 0x03,
    0x0A, 0x26, 0x52, 0x26, 0x53, 0x26, 0x54, 0x26, 0x55, 0xCA, 0x10, 0xF4,
    0x30, 0xD7, 0x8A, 0x10, 0x18, 0x4C, 0xD6, 0xC4, 0x20, 0x0C, 0xC7, 0xA2,
    0x0C, 0x4C, 0x7B, 0xC2, 0x20, 0xBC, 0xC8, 0xB4, 0x15, 0xB5, 0x24, 0x85,
    0x53, 0x84, 0x52, 0xCA, 0xA0, 0x00, 0xB1, 0x52, 0x4C, 0x7C, 0xC9, 0x20,
    0x4C, 0xC9, 0xA0, 0x01, 0xB1, 0x52, 0x95, 0x24, 0xC8, 0xB1, 0x52, 0x95,
    0x33, 0xC8, 0xB1, 0x52, 0x95, 0x42, 0x60, 0xA0, 0x0D, 0x20, 0xA1, 0xC9,
    0xF0, 0x07, 0xA5, 0x07, 0x20, 0xB3, 0xC9, 0x95, 0x24, 0x95, 0x33, 0x95,
    0x42, 0x60, 0xA0, 0x20, 0xA5, 0x0A, 0x4A, 0x4A, 0x4A, 0x45, 0x0C, 0x6A,
    0x26, 0x08, 0x26, 0x09, 0x26, 0x0A, 0x26, 0x0B, 0x26, 0x0C, 0x88, 0xD0,
    0xEB, 0xA0, 0x08, 0xA6, 0x04, 0xB9, 0x01, 0x00, 0x95, 0x25, 0xB9, 0x02,
    0x00, 0x95, 0x34, 0xB9, 0x03, 0x00, 0x95, 0x43, 0xB9, 0x00, 0x00, 0x95,
    0x16, 0xE8, 0x86, 0x04, 0xA4, 0x03, 0xA9, 0x00, 0x60, 0x20, 0xBC, 0xC8,
    0x20, 0xCB, 0xC3, 0xA0, 0x00, 0xA9, 0x0D, 0xD1, 0x52, 0xF0, 0x03, 0xC8,
    0xD0, 0xF9, 0x98, 0x4C, 0x7C, 0xC9, 0x20, 0xB1, 0xCE, 0x4C, 0x58, 0xC9,
    0x68, 0x68, 0x85, 0x00, 0xA5, 0x10, 0x85, 0x05, 0xA5, 0x11, 0x85, 0x06,
    0x4C, 0xF2, 0xC2, 0x40, 0x3D, 0x31, 0x3B, 0x50, 0x2E, 0x24, 0x36, 0x24,
    0x37, 0x27, 0x22, 0x45, 0x52, 0x52, 0x4F, 0x52, 0x20, 0x22, 0x3F, 0x30,
    0x3B, 0x40, 0x3D, 0x38, 0x3B, 0x49, 0x46, 0x3F, 0x31, 0x7C, 0x3F, 0x32,
    0x50, 0x2E, 0x22, 0x20, 0x4C, 0x49, 0x4E, 0x45, 0x22, 0x21, 0x31, 0x26,
    0x20, 0x23, 0x46, 0x46, 0x46, 0x46, 0x0D, 0x00, 0x00, 0x50, 0x2E, 0x27,
    0x3B, 0x45, 0x2E, 0x0D, 0x20, 0x24, 0xC4, 0x90, 0xF2, 0x6C, 0x04, 0xD0,
    0x20, 0x8B, 0xC7, 0xA6, 0x04, 0xCA, 0xCA, 0x86, 0x04, 0xB4, 0x16, 0xB5,
    0x17, 0x99, 0x21, 0x03, 0xB5, 0x26, 0x99, 0x3C, 0x03, 0xB5, 0x35, 0x99,
    0x57, 0x03, 0xB5, 0x44, 0x99, 0x72, 0x03, 0x60, 0xE6, 0x07, 0x6C, 0x08,
    0x02, 0xA9, 0x00, 0x20, 0x7C, 0xC9, 0xA9, 0xFF, 0x20, 0x7C, 0xC9, 0x85,
    0x04, 0xA0, 0x7F, 0x84, 0x26, 0x20, 0x65, 0xC4, 0x90, 0x52, 0x20, 0x31,
    0xC2, 0xB0, 0x58, 0x20, 0x65, 0xC4, 0xA2, 0x01, 0x86, 0x04, 0x20, 0xE4,
    0xC4, 0x20, 0x2E, 0xC6, 0x90, 0x30, 0x88, 0xB0, 0x21, 0xA9, 0x05, 0x8D,
    0x21, 0x03, 0x20, 0x89, 0xC5, 0xA9, 0x08, 0x8D, 0x21, 0x03, 0xA4, 0x03,
    0xB1, 0x58, 0xC9, 0x0D, 0xF0, 0x06, 0x20, 0x4C, 0xCA, 0xC8, 0xD0, 0xF4,
    0x20, 0x54, 0xCD, 0x20, 0xA1, 0xCE, 0xB1, 0x58, 0x85, 0x25, 0xC8, 0xB1,
    0x58, 0x85, 0x16, 0xC8, 0x84, 0x03, 0xA5, 0x16, 0x18, 0xE5, 0x17, 0xA5,
    0x25, 0xE5, 0x26, 0x90, 0xC8, 0x4C, 0xCF, 0xC2, 0x20, 0x31, 0xC2, 0xE6,
    0x04, 0x20, 0x65, 0xC4, 0x4C, 0x6E, 0xCA, 0xA5, 0x16, 0xA4, 0x25, 0x85,
    0x17, 0x84, 0x26, 0xB0, 0xA1, 0x20, 0x34, 0xC4, 0xA4, 0x15, 0xF0, 0x10,
    0x90, 0x0F, 0xC6, 0x04, 0xB5, 0x15, 0xD9, 0x3F, 0x02, 0xF0, 0x06, 0x88,
    0x84, 0x15, 0xD0, 0xF6, 0x00, 0xBE, 0x3F, 0x02, 0x18, 0xBD, 0x21, 0x03,
    0x79, 0x4A, 0x02, 0x9D, 0x21, 0x03, 0x85, 0x52, 0xBD, 0x3C, 0x03, 0x79,
    0x55, 0x02, 0x9D, 0x3C, 0x03, 0x85, 0x53, 0xBD, 0x57, 0x03, 0x79, 0x60,
    0x02, 0x9D, 0x57, 0x03, 0x85, 0x54, 0xBD, 0x72, 0x03, 0x79, 0x6B, 0x02,
    0x9D, 0x72, 0x03, 0xAA, 0xA5, 0x52, 0x38, 0xF9, 0x76, 0x02, 0x85, 0x52,
    0xA5, 0x53, 0xF9, 0x81, 0x02, 0x85, 0x53, 0xA5, 0x54, 0xF9, 0x8C, 0x02,
    0x85, 0x54, 0x8A, 0xF9, 0x97, 0x02, 0x05, 0x52, 0x05, 0x53, 0x05, 0x54,
    0xF0, 0x0F, 0x8A, 0x59, 0x6B, 0x02, 0x59, 0x97, 0x02, 0x10, 0x04, 0xB0,
    0x04, 0x90, 0x0F, 0xB0, 0x0D, 0xB9, 0xA2, 0x02, 0x85, 0x05, 0xB9, 0xAD,
    0x02, 0x85, 0x06, 0x4C, 0xFF, 0xCB, 0xC6, 0x15, 0x4C, 0x58, 0xC5, 0x20,
    0x34, 0xC4, 0x90, 0x11, 0x20, 0x79, 0xC2, 0x20, 0x2C, 0xCA, 0x98, 0xA4,
    0x15, 0xC0, 0x0B, 0xB0, 0x04, 0x99, 0x40, 0x02, 0xA9, 0x00, 0x99, 0x6C,
    0x02, 0x99, 0x61, 0x02, 0x99, 0x56, 0x02, 0xA9, 0x01, 0x99, 0x4B, 0x02,
    0xA2, 0x16, 0x4C, 0x33, 0xC2, 0x20, 0x8B, 0xC7, 0xA4, 0x15, 0xCA, 0x86,
    0x04, 0xB5, 0x16, 0x99, 0x77, 0x02, 0xB5, 0x25, 0x99, 0x82, 0x02, 0xB5,
    0x34, 0x99, 0x8D, 0x02, 0xB5, 0x43, 0x99, 0x98, 0x02, 0xA2, 0x1A, 0x4C,
    0x33, 0xC2, 0x20, 0x8B, 0xC7, 0xA4, 0x15, 0xCA, 0x86, 0x04, 0xB5, 0x16,
    0x99, 0x4B, 0x02, 0xB5, 0x25, 0x99, 0x56, 0x02, 0xB5, 0x34, 0x99, 0x61,
    0x02, 0xB5, 0x43, 0x99, 0x6C, 0x02, 0x20, 0x0C, 0xC5, 0xA4, 0x15, 0xA5,
    0x05, 0x99, 0xA3, 0x02, 0xA5, 0x06, 0x99, 0xAE, 0x02, 0xE6, 0x15, 0x4C,
    0x1B, 0xC3, 0x20, 0x1F, 0xCC, 0x20, 0x0C, 0xC5, 0xA4, 0x14, 0xC0, 0x0E,
    0xB0, 0x22, 0xA5, 0x05, 0x99, 0xCF, 0x02, 0xA5, 0x06, 0x99, 0xDD, 0x02,
    0xE6, 0x14, 0x90, 0x1F, 0x20, 0xE4, 0xC4, 0xA4, 0x14, 0xF0, 0x2A, 0xC6,
    0x14, 0xB9, 0xCE, 0x02, 0x85, 0x05, 0xB9, 0xDC, 0x02, 0x85, 0x06, 0x20,
    0x00, 0xC5, 0x4C, 0x1B, 0xC3, 0x20, 0x1F, 0xCC, 0x20, 0xE4, 0xC4, 0xA5,
    0x57, 0xD0, 0x05, 0x20, 0x2E, 0xC6, 0xB0, 0x69, 0xA4, 0x58, 0xA5, 0x59,
    0x84, 0x05, 0x4C, 0xFD, 0xCB, 0x00, 0xC8, 0xB1, 0x05, 0xC9, 0x20, 0xF0,
    0xF9, 0xC9, 0x61, 0x90, 0x50, 0x85, 0x57, 0xE9, 0x61, 0xC9, 0x1B, 0xB0,
    0x48, 0x0A, 0xAA, 0xBD, 0x8D, 0x03, 0x85, 0x58, 0x20, 0xF6, 0xC4, 0xBD,
    0x8E, 0x03, 0x85, 0x59, 0x05, 0x58, 0xD0, 0x34, 0xA8, 0xA5, 0x12, 0x85,
    0x59, 0x88, 0xA9, 0x0D, 0xC8, 0xD1, 0x58, 0xD0, 0xFB, 0xC8, 0xB1, 0x58,
    0x30, 0x45, 0x85, 0x02, 0xC8, 0xB1, 0x58, 0x85, 0x01, 0xC8, 0xB1, 0x58,
    0x88, 0xC5, 0x57, 0xF0, 0x06, 0x20, 0xA1, 0xCE, 0x4C, 0x4A, 0xCC, 0x20,
    0xA2, 0xCE, 0xA5, 0x58, 0x9D, 0x8D, 0x03, 0xA5, 0x59, 0x9D, 0x8E, 0x03,
    0x60, 0x20, 0xBC, 0xC8, 0xA9, 0x00, 0x85, 0x57, 0x60, 0x20, 0x72, 0xC3,
    0x20, 0x34, 0xC4, 0xB0, 0x05, 0xA2, 0x2B, 0x4C, 0x33, 0xC2, 0x20, 0x09,
    0xCD, 0xA5, 0x05, 0x48, 0xA5, 0x06, 0x48, 0xA5, 0x03, 0x48, 0xA0, 0x00,
    0x84, 0x03, 0xC8, 0x84, 0x06, 0xA0, 0x40, 0x84, 0x05, 0x20, 0x2C, 0xCA,
    0x68, 0x85, 0x03, 0x68, 0x85, 0x06, 0x68, 0x85, 0x05, 0xA2, 0x2C, 0x4C,
    0x33, 0xC2, 0x20, 0x8B, 0xC7, 0xA0, 0x54, 0x20, 0xCD, 0xC3, 0x20, 0x09,
    0xCD, 0xA2, 0x40, 0xA0, 0x00, 0xBD, 0x00, 0x01, 0x91, 0x54, 0xC9, 0x0D,
    0xF0, 0xB3, 0xE8, 0xC8, 0xD0, 0xF3, 0x20, 0x0C, 0xC7, 0xA4, 0x13, 0xF0,
    0xEB, 0xCA, 0x86, 0x04, 0xB5, 0x16, 0xF0, 0x05, 0xC6, 0x13, 0x4C, 0x58,
    0xC5, 0xB9, 0xB8, 0x02, 0x85, 0x05, 0xB9, 0xC3, 0x02, 0x4C, 0xFD, 0xCB,
    0xA6, 0x13, 0xE0, 0x0B, 0xB0, 0x1A, 0x88, 0x20, 0xF6, 0xC4, 0xA5, 0x05,
    0x9D, 0xB9, 0x02, 0xA5, 0x06, 0x9D, 0xC4, 0x02, 0xE6, 0x13, 0x4C, 0x1B,
    0xC3, 0xA9, 0x3F, 0xA0, 0x40, 0xD0, 0x02, 0xA0, 0x00, 0x20, 0x4C, 0xCA,
    0x84, 0x52, 0xA4, 0x52, 0x20, 0xE6, 0xFF, 0xC9, 0x7F, 0xD0, 0x07, 0x88,
    0xC4, 0x52, 0x10, 0xF4, 0x30, 0xF0, 0xC9, 0x18, 0xD0, 0x06, 0x20, 0x54,
    0xCD, 0x4C, 0x16, 0xCD, 0xC9, 0x1B, 0xD0, 0x03, 0x4C, 0xCF, 0xC2, 0x99,
    0x00, 0x01, 0xC9, 0x0D, 0xF0, 0x19, 0xC8, 0x98, 0x38, 0xE5, 0x52, 0xC9,
    0x40, 0x90, 0xD1, 0x20, 0xE3, 0xFF, 0xC9, 0x7F, 0xD0, 0xF9, 0x20, 0xF4,
    0xFF, 0x4C, 0x1F, 0xCD, 0x20, 0xED, 0xFF, 0xA9, 0x00, 0x85, 0x07, 0x60,
    0x20, 0x8B, 0xC7, 0x20, 0xAE, 0xCE, 0xA0, 0x54, 0x20, 0xCD, 0xC3, 0xA0,
    0xFF, 0xC8, 0xB1, 0x52, 0x91, 0x54, 0xC9, 0x0D, 0xD0, 0xF7, 0x4C, 0x58,
    0xC5, 0x20, 0x81, 0xCD, 0x4C, 0xF1, 0xC3, 0x20, 0x81, 0xCD, 0x4C, 0x09,
    0xC4, 0x20, 0xE1, 0xC8, 0x20, 0xBC, 0xC8, 0xCA, 0x18, 0xB5, 0x16, 0x75,
    0x15, 0x95, 0x15, 0xB5, 0x25, 0x75, 0x24, 0x95, 0x24, 0x86, 0x04, 0x60,
    0x20, 0xE4, 0xC4, 0xA5, 0x12, 0x85, 0x0E, 0xA0, 0x00, 0x84, 0x0D, 0x88,
    0xC8, 0xB1, 0x0D, 0xC9, 0x0D, 0xD0, 0xF9, 0x20, 0xBC, 0xCD, 0xB1, 0x0D,
    0x30, 0x03, 0xC8, 0xD0, 0xEF, 0xC8, 0x20, 0xBC, 0xCD, 0x4C, 0xCF, 0xC2,
    0x18, 0x98, 0x65, 0x0D, 0x85, 0x0D, 0x90, 0x02, 0xE6, 0x0E, 0xA0, 0x01,
    0x60, 0x84, 0x56, 0x20, 0x2E, 0xC6, 0xB0, 0x48, 0xA5, 0x58, 0x85, 0x52,
    0xE9, 0x01, 0x85, 0x58, 0x85, 0x0D, 0xA5, 0x59, 0x85, 0x53, 0xE9, 0x00,
    0x85, 0x0E, 0x85, 0x59, 0xA9, 0x0D, 0xC8, 0xD1, 0x52, 0xD0, 0xFB, 0x18,
    0x98, 0x65, 0x52, 0x85, 0x52, 0x90, 0x02, 0xE6, 0x53, 0xA0, 0x00, 0xB1,
    0x52, 0x91, 0x0D, 0xC9, 0x0D, 0xF0, 0x09, 0xC8, 0xD0, 0xF5, 0xE6, 0x53,
    0xE6, 0x0E, 0xD0, 0xEF, 0xC8, 0xD0, 0x04, 0xE6, 0x53, 0xE6, 0x0E, 0xB1,
    0x52, 0x91, 0x0D, 0x10, 0xEA, 0x20, 0xBD, 0xCD, 0xA0, 0x01, 0x84, 0x57,
    0x88, 0xA9, 0x0D, 0xD1, 0x56, 0xF0, 0x5D, 0xC8, 0xD1, 0x56, 0xD0, 0xFB,
    0xC8, 0xC8, 0xA5, 0x0D, 0x85, 0x54, 0xA5, 0x0E, 0x85, 0x55, 0x20, 0xBD,
    0xCD, 0x85, 0x52, 0xA5, 0x0E, 0x85, 0x53, 0x88, 0xA9, 0x55, 0x91, 0x0D,
    0xD1, 0x0D, 0xD0, 0xB2, 0x0A, 0x91, 0x0D, 0xD1, 0x0D, 0xD0, 0xAB, 0xB1,
    0x54, 0x91, 0x52, 0x98, 0xD0, 0x04, 0xC6, 0x55, 0xC6, 0x53, 0x88, 0x98,
    0x65, 0x54, 0xA6, 0x55, 0x90, 0x01, 0xE8, 0xC5, 0x58, 0x8A, 0xE5, 0x59,
    0xB0, 0xE5, 0xA0, 0x01, 0xA5, 0x25, 0x91, 0x58, 0xC8, 0xA5, 0x16, 0x91,
    0x58, 0x38, 0x20, 0xA2, 0xCE, 0xA0, 0xFF, 0xC8, 0xB1, 0x56, 0x91, 0x58,
    0xC9, 0x0D, 0xD0, 0xF7, 0x4C, 0xCF, 0xC2, 0x20, 0xE4, 0xC4, 0xA0, 0x00,
    0x84, 0x05, 0x84, 0x03, 0xA5, 0x12, 0x85, 0x06, 0x4C, 0x5B, 0xC5, 0x20,
    0xDE, 0xC4, 0xCA, 0x20, 0xCB, 0xC3, 0xA0, 0x00, 0xB5, 0x17, 0x91, 0x52,
    0x60, 0x18, 0x98, 0x65, 0x58, 0x85, 0x58, 0x90, 0x02, 0xE6, 0x59, 0x4C,
    0x00, 0xC5, 0x20, 0x79, 0xC2, 0xA2, 0x26, 0x4C, 0x33, 0xC2, 0x20, 0x8B,
    0xC7, 0x20, 0xCB, 0xC3, 0xA4, 0x03, 0x60, 0x20, 0xF6, 0xC4, 0x84, 0x53,
    0x88, 0xA2, 0x00, 0xB1, 0x05, 0xC9, 0x0D, 0xF0, 0xF9, 0x9D, 0x40, 0x01,
    0xE8, 0xC8, 0xC9, 0x22, 0xD0, 0xF1, 0xB1, 0x05, 0xC9, 0x22, 0xF0, 0x0E,
    0xA9, 0x0D, 0x9D, 0x3F, 0x01, 0x84, 0x03, 0xA9, 0x40, 0x85, 0x52, 0xA6,
    0x04, 0x60, 0xC8, 0xB0, 0xDA, 0x20, 0xFA, 0xCE, 0x88, 0x84, 0x56, 0x38,
    0x20, 0xE0, 0xFF, 0x4C, 0x9B, 0xCD, 0x20, 0xB1, 0xCE, 0x20, 0xE4, 0xC4,
    0x88, 0x84, 0x54, 0xA5, 0x12, 0x85, 0x55, 0xA2, 0x52, 0x60, 0x20, 0xFA,
    0xCE, 0x84, 0x58, 0x85, 0x59, 0xA5, 0x0D, 0x85, 0x5A, 0xA5, 0x0E, 0x85,
    0x5B, 0xA9, 0xB2, 0x85, 0x56, 0xA9, 0xC2, 0x85, 0x57, 0x18, 0x20, 0xDD,
    0xFF, 0x4C, 0x5B, 0xC5, 0x38, 0xA9, 0x00, 0x2A, 0x48, 0x20, 0x3E, 0xCF,
    0xA2, 0x52, 0x68, 0x20, 0xDA, 0xFF, 0xA0, 0x52, 0x20, 0x9F, 0xC9, 0x95,
    0x42, 0x60, 0x20, 0xBC, 0xC8, 0xB4, 0x15, 0xCA, 0x86, 0x04, 0x60, 0x20,
    0xBC, 0xC8, 0x20, 0xDE, 0xC4, 0x20, 0xCB, 0xC3, 0x20, 0x41, 0xCF, 0xA2,
    0x52, 0x20, 0xD7, 0xFF, 0x4C, 0x5B, 0xC5, 0x20, 0x3E, 0xCF, 0x84, 0x52,
    0x20, 0xD4, 0xFF, 0x4C, 0x7C, 0xC9, 0x20, 0x5B, 0xCF, 0xA4, 0x52, 0x20,
    0xD4, 0xFF, 0x95, 0x24, 0x20, 0xD4, 0xFF, 0x95, 0x33, 0x20, 0xD4, 0xFF,
    0x95, 0x42, 0x60, 0x20, 0xBC, 0xC8, 0x20, 0x31, 0xC2, 0x20, 0xE1, 0xC4,
    0x20, 0xCB, 0xC3, 0x20, 0x41, 0xCF, 0xA5, 0x52, 0x6C, 0x16, 0x02, 0x20,
    0x7B, 0xCF, 0x4C, 0x5B, 0xC5, 0x20, 0x7B, 0xCF, 0xA2, 0x01, 0xB5, 0x52,
    0x20, 0xD1, 0xFF, 0xE8, 0xE0, 0x04, 0x90, 0xF6, 0xB0, 0xEC, 0x38, 0x08,
    0x20, 0xB1, 0xCE, 0xA2, 0x52, 0x28, 0x20, 0xCE, 0xFF, 0xA6, 0x04, 0x4C,
    0x7C, 0xC9, 0x20, 0xBC, 0xC8, 0x20, 0xE4, 0xC4, 0x20, 0x41, 0xCF, 0x20,
    0xCB, 0xFF, 0x4C, 0x5B, 0xC5, 0x20, 0x2C, 0xC2, 0x20, 0xB1, 0xCE, 0x20,
    0xE4, 0xC4, 0x88, 0xB1, 0x52, 0x84, 0x55, 0xA4, 0x0F, 0x48, 0x20, 0xD1,
    0xFF, 0x68, 0xC9, 0x0D, 0xF0, 0xE4, 0xA4, 0x55, 0xC8, 0xD0, 0xEC, 0x20,
    0x2C, 0xC2, 0x20, 0xE1, 0xC4, 0x20, 0xCB, 0xC3, 0xA0, 0x00, 0x84, 0x55,
    0xA4, 0x0F, 0x20, 0xD4, 0xFF, 0xA4, 0x55, 0x91, 0x52, 0xC8, 0xC9, 0x0D,
    0xD0, 0xF0, 0xF0, 0xC2, 0xAA, 0x55, 0x0E, 0xD1, 0x5E, 0xD1, 0x28, 0xD0,
    0xE4, 0x41, 0x43, 0x53, 0xD2, 0x1E, 0x41, 0x53, 0x4E, 0xD2, 0x24, 0x41,
    0x54, 0x4E, 0xDC, 0x64, 0x41, 0x42, 0x53, 0xD2, 0x15, 0x43, 0x4F, 0x53,
    0xDC, 0xE3, 0x45, 0x58, 0x50, 0xDD, 0xD4, 0x48, 0x54, 0x4E, 0xDE, 0x72,
    0x4C, 0x4F, 0x47, 0xDB, 0xB3, 0x50, 0x49, 0xD2, 0xC3, 0x53, 0x49, 0x4E,
    0xDC, 0xEE, 0x53, 0x51, 0x52, 0xDB, 0x6F, 0x54, 0x41, 0x4E, 0xDA, 0xC4,
    0x44, 0x45, 0x47, 0xD2, 0x73, 0x52, 0x41, 0x44, 0xD2, 0x65, 0x53, 0x47,
    0x4E, 0xD2, 0x86, 0x56, 0x41, 0x4C, 0xD2, 0xE0, 0x46, 0x4C, 0x54, 0xD2,
    0x9A, 0x46, 0x47, 0x45, 0x54, 0xD2, 0xCC, 0xD2, 0x96, 0x25, 0xD3, 0x0B,
    0x46, 0x49, 0x46, 0xD3, 0xA8, 0x46, 0x55, 0x4E, 0x54, 0x49, 0x4C, 0xD3,
    0xAE, 0x43, 0x4F, 0x4C, 0x4F, 0x55, 0x52, 0xDF, 0x02, 0x46, 0x44, 0x49,
    0x4D, 0xD3, 0xD3, 0x53, 0x54, 0x52, 0xD3, 0x1F, 0x46, 0x50, 0x52, 0x49,
    0x4E, 0x54, 0xD3, 0x31, 0x46, 0x49, 0x4E, 0x50, 0x55, 0x54, 0xD3, 0x6A,
    0x46, 0x50, 0x55, 0x54, 0xD3, 0xB4, 0xD4, 0xAF, 0x2B, 0xD1, 0x77, 0x2D,
    0xD1, 0x83, 0xFE, 0x2A, 0xD1, 0x8F, 0x2F, 0xD1, 0x9B, 0xFE, 0x5E, 0xD1,
    0xA7, 0xFE, 0x2B, 0xD1, 0xCB, 0x2D, 0xD1, 0xBC, 0xD1, 0xCB, 0x29, 0xC2,
    0x78, 0xFF, 0x3B, 0xC5, 0x4A, 0x0D, 0xC5, 0x4A, 0x2C, 0xD3, 0x31, 0xD3,
    0x39, 0x2C, 0xD3, 0x6A, 0xC5, 0x58, 0x3D, 0xD9, 0xF6, 0x3C, 0x3E, 0xD9,
    0xFE, 0x3C, 0x3D, 0xD9, 0xFA, 0x3C, 0xDA, 0x02, 0x3E, 0x3D, 0xDA, 0x06,
    0x3E, 0xDA, 0x0A, 0xFF, 0x20, 0xFC, 0xD0, 0xA2, 0xB4, 0xD0, 0x20, 0x18,
    0x66, 0x73, 0xA2, 0xAC, 0xD0, 0x19, 0x20, 0x5D, 0xD8, 0x20, 0x06, 0xD1,
    0xA2, 0xA1, 0xD0, 0x0F, 0x20, 0xF5, 0xD0, 0xA2, 0x9A, 0xD0, 0x08, 0x20,
    0x5D, 0xD8, 0x20, 0xEB, 0xD0, 0xA2, 0xA8, 0x18, 0x90, 0x05, 0xA2, 0x5F,
    0x84, 0x03, 0x38, 0x66, 0x53, 0xA4, 0x03, 0x88, 0xC8, 0xB1, 0x05, 0xC9,
    0x20, 0xF0, 0xF9, 0x88, 0x84, 0x52, 0xCA, 0xA4, 0x52, 0xE8, 0xC8, 0xBD,
    0x06, 0xD0, 0x30, 0x1A, 0xD1, 0x05, 0xF0, 0xF5, 0xCA, 0xE8, 0xBD, 0x06,
    0xD0, 0x10, 0xFA, 0xE8, 0x24, 0x53, 0x10, 0xE7, 0xB1, 0x05, 0xC9, 0x2E,
    0xD0, 0xE1, 0xC8, 0xCA, 0xB0, 0xE1, 0xC9, 0xFE, 0xB0, 0x11, 0x85, 0x53,
    0xBD, 0x07, 0xD0, 0x85, 0x52, 0x84, 0x03, 0xA6, 0x04, 0x6C, 0x52, 0x00,
    0xA6, 0x04, 0x60, 0xF0, 0xFB, 0x00, 0x84, 0x03, 0x20, 0xEC, 0xD0, 0x20,
    0x9A, 0xD8, 0xA5, 0x5A, 0x85, 0x60, 0xA5, 0x5B, 0x85, 0x5F, 0xA5, 0x5C,
    0x85, 0x5E, 0xA0, 0x5D, 0x4C, 0x9F, 0xC9, 0x20, 0xF2, 0xD0, 0x20, 0x70,
    0xD8, 0x20, 0x3C, 0xD9, 0x4C, 0xFF, 0xD0, 0x20, 0xF2, 0xD0, 0x20, 0x70,
    0xD8, 0x20, 0x39, 0xD9, 0x4C, 0xFF, 0xD0, 0x20, 0x03, 0xD1, 0x20, 0x70,
    0xD8, 0x20, 0x45, 0xDA, 0x4C, 0xF8, 0xD0, 0x20, 0x03, 0xD1, 0x20, 0x70,
    0xD8, 0x20, 0xB6, 0xDA, 0x4C, 0xF8, 0xD0, 0x20, 0xB6, 0xDB, 0x20, 0x5D,
    0xD8, 0x20, 0xEB, 0xD0, 0x20, 0x70, 0xD8, 0x20, 0x45, 0xDA, 0x20, 0xD7,
    0xDD, 0x4C, 0x09, 0xD1, 0x20, 0xCB, 0xD1, 0x20, 0x86, 0xD6, 0xF0, 0x06,
    0xA5, 0x57, 0x49, 0x80, 0x85, 0x57, 0x60, 0xA4, 0x03, 0x88, 0xC8, 0xB1,
    0x05, 0xC9, 0x20, 0xF0, 0xF9, 0xC9, 0x25, 0xD0, 0x32, 0xE6, 0x03, 0x20,
    0x44, 0xD4, 0x90, 0x2B, 0xA0, 0x6F, 0x20, 0xCD, 0xC3, 0xA0, 0x04, 0xA9,
    0x00, 0x85, 0x5E, 0x85, 0x58, 0x85, 0x57, 0xB1, 0x6F, 0x99, 0x59, 0x00,
    0x05, 0x57, 0x85, 0x57, 0x88, 0x10, 0xF4, 0xAA, 0xF0, 0x09, 0xA5, 0x5A,
    0x85, 0x57, 0x09, 0x80, 0x85, 0x5A, 0x8A, 0x60, 0x84, 0x03, 0x60, 0x20,
    0xA5, 0xD5, 0xB0, 0xF8, 0xA2, 0x00, 0x4C, 0x12, 0xD1, 0x20, 0xEB, 0xD0,
    0x20, 0x86, 0xD6, 0x30, 0xA7, 0x60, 0x20, 0x24, 0xD2, 0x4C, 0x86, 0xDC,
    0x20, 0xEB, 0xD0, 0x20, 0x86, 0xD6, 0x10, 0x0A, 0xA9, 0x00, 0x85, 0x57,
    0x20, 0x36, 0xD2, 0x4C, 0x75, 0xDC, 0x20, 0x2C, 0xD8, 0x20, 0x45, 0xDA,
    0x20, 0x31, 0xD8, 0x20, 0x8D, 0xDE, 0x20, 0x33, 0xD9, 0x20, 0x72, 0xDB,
    0x20, 0x86, 0xD6, 0xF0, 0x12, 0x20, 0x31, 0xD8, 0x20, 0xA6, 0xDB, 0x20,
    0xE5, 0xD1, 0x20, 0xAA, 0xDB, 0x20, 0xDC, 0xDA, 0x4C, 0x67, 0xDC, 0x20,
    0x93, 0xDD, 0x4C, 0xE5, 0xD1, 0x20, 0xEB, 0xD0, 0xA0, 0x7C, 0xA9, 0xD2,
    0x84, 0x6F, 0x85, 0x70, 0x4C, 0x45, 0xDA, 0x20, 0xEB, 0xD0, 0xA0, 0x81,
    0xA9, 0xD2, 0xD0, 0xF0, 0x7B, 0x0E, 0xFA, 0x35, 0x12, 0x86, 0x65, 0x2E,
    0xE0, 0xD3, 0x20, 0xEB, 0xD0, 0x20, 0x86, 0xD6, 0xF0, 0x07, 0x48, 0x20,
    0x8D, 0xDE, 0x68, 0x85, 0x57, 0x60, 0x24, 0x73, 0x30, 0x26, 0x20, 0xBC,
    0xC8, 0xA0, 0x5D, 0x20, 0xCD, 0xC3, 0x85, 0x5A, 0xA5, 0x5F, 0x85, 0x5B,
    0xA5, 0x5E, 0x85, 0x5C, 0xA9, 0xA0, 0x85, 0x59, 0xA0, 0x00, 0x84, 0x5E,
    0xA5, 0x5A, 0x85, 0x57, 0x10, 0x03, 0x20, 0xD5, 0xD8, 0x4C, 0xC8, 0xD7,
    0x4C, 0x1B, 0xCA, 0x20, 0x93, 0xDD, 0x20, 0xE5, 0xD1, 0xE6, 0x59, 0x60,
    0x20, 0x3E, 0xCF, 0xA2, 0x04, 0x20, 0xD4, 0xFF, 0x9D, 0xC5, 0x03, 0xCA,
    0x10, 0xF7, 0x20, 0xAA, 0xDB, 0x4C, 0xE5, 0xD1, 0x20, 0xB1, 0xCE, 0xA0,
    0x00, 0x20, 0x04, 0xD3, 0xC9, 0x2B, 0xF0, 0x0F, 0xC9, 0x2D, 0xD0, 0x0E,
    0x20, 0x03, 0xD3, 0x84, 0x54, 0x20, 0xB1, 0xD5, 0x4C, 0xBF, 0xD1, 0x20,
    0x03, 0xD3, 0x84, 0x54, 0x4C, 0xB1, 0xD5, 0xC8, 0xB1, 0x52, 0xC9, 0x20,
    0xF0, 0xF9, 0x60, 0x20, 0x44, 0xD4, 0x90, 0xD4, 0x20, 0x79, 0xC2, 0x20,
    0xFC, 0xD0, 0x20, 0xE4, 0xC4, 0x20, 0x36, 0xD8, 0x4C, 0x5B, 0xC5, 0x20,
    0xFC, 0xD0, 0x20, 0x31, 0xC2, 0x20, 0xE1, 0xC4, 0x20, 0xCB, 0xC3, 0x20,
    0xD0, 0xD4, 0x4C, 0x5B, 0xC5, 0x20, 0x72, 0xC3, 0xA2, 0xB8, 0x4C, 0x0B,
    0xD1, 0x20, 0xFC, 0xD0, 0xA9, 0xC5, 0x85, 0x52, 0xA9, 0x03, 0x85, 0x53,
    0x20, 0xD0, 0xD4, 0xC6, 0x6F, 0xAD, 0x21, 0x03, 0x38, 0xE5, 0x6F, 0x90,
    0x0B, 0xF0, 0x09, 0xA8, 0xA9, 0x20, 0x20, 0x4C, 0xCA, 0x88, 0xD0, 0xFA,
    0xA0, 0x00, 0xB1, 0x52, 0xC9, 0x0D, 0xF0, 0xCD, 0x20, 0x4C, 0xCA, 0xC8,
    0xD0, 0xF4, 0x20, 0x72, 0xC3, 0xB1, 0x05, 0xC9, 0x25, 0xD0, 0x08, 0xC8,
    0x84, 0x03, 0x20, 0x44, 0xD4, 0xB0, 0x05, 0xA2, 0xC3, 0x4C, 0x0B, 0xD1,
    0x20, 0x09, 0xCD, 0xA8, 0xA5, 0x05, 0x48, 0xA5, 0x06, 0x48, 0xA5, 0x03,
    0x48, 0x84, 0x03, 0xC8, 0x84, 0x06, 0xA9, 0x40, 0x85, 0x05, 0x20, 0xFC,
    0xD0, 0x68, 0x85, 0x03, 0x68, 0x85, 0x06, 0x68, 0x85, 0x05, 0x20, 0x36,
    0xD8, 0x4C, 0x7B, 0xD3, 0x20, 0xEB, 0xD9, 0x4C, 0x69, 0xC5, 0x20, 0xEB,
    0xD9, 0x4C, 0xD5, 0xCC, 0x20, 0x94, 0xD4, 0x20, 0xFC, 0xD0, 0x20, 0xE4,
    0xC4, 0x20, 0x31, 0xD8, 0xA6, 0x04, 0x20, 0x41, 0xCF, 0xA2, 0x04, 0xBD,
    0xC5, 0x03, 0x20, 0xD1, 0xFF, 0xCA, 0x10, 0xF7, 0x4C, 0x5B, 0xC5, 0xA5,
    0x01, 0x05, 0x02, 0xF0, 0x6A, 0x20, 0x34, 0xC4, 0xB0, 0x65, 0xA4, 0x03,
    0xB1, 0x05, 0xC9, 0x25, 0xD0, 0x5D, 0xC8, 0xB1, 0x05, 0xC8, 0xD1, 0x05,
    0xD0, 0x55, 0xC9, 0x5B, 0xB0, 0x51, 0xE9, 0x3F, 0x90, 0x4D, 0xC8, 0x84,
    0x03, 0x48, 0x20, 0x8B, 0xC7, 0xF6, 0x15, 0xD0, 0x02, 0xF6, 0x24, 0x20,
    0x9A, 0xD4, 0x68, 0xA8, 0x18, 0xA5, 0x23, 0x99, 0x87, 0x28, 0x65, 0x16,
    0x85, 0x23, 0xA5, 0x24, 0x99, 0xA2, 0x28, 0x65, 0x25, 0x85, 0x24, 0xA0,
    0x00, 0x84, 0x04, 0xA9, 0xAA, 0x91, 0x23, 0xD1, 0x23, 0xD0, 0x1C, 0x4A,
    0x91, 0x23, 0xD1, 0x23, 0xD0, 0x15, 0x20, 0x34, 0xC4, 0xB0, 0x10, 0xA4,
    0x03, 0xB1, 0x05, 0xC9, 0x2C, 0xD0, 0x05, 0xE6, 0x03, 0x4C, 0xD3, 0xD3,
    0x4C, 0x58, 0xC5, 0x00, 0x20, 0x34, 0xC4, 0x90, 0x0E, 0xB5, 0x15, 0x0A,
    0x0A, 0x75, 0x15, 0x95, 0x15, 0xA9, 0x28, 0x95, 0x24, 0x38, 0x60, 0xA4,
    0x03, 0xB1, 0x05, 0xC9, 0x21, 0xD0, 0x07, 0xE6, 0x03, 0x20, 0xBC, 0xC8,
    0x38, 0x60, 0xC8, 0xD1, 0x05, 0xD0, 0x08, 0xC9, 0x5B, 0xB0, 0x04, 0xE9,
    0x3F, 0xB0, 0x02, 0x18, 0x60, 0xC8, 0x84, 0x03, 0x48, 0x20, 0xBC, 0xC8,
    0x20, 0x9A, 0xD4, 0x68, 0xA8, 0xB0, 0x10, 0xB9, 0x87, 0x28, 0x75, 0x15,
    0x95, 0x15, 0xB9, 0xA2, 0x28, 0x75, 0x24, 0x95, 0x24, 0x90, 0xD1, 0x00,
    0x20, 0xBC, 0xC8, 0x4C, 0x31, 0xC2, 0xB4, 0x24, 0xB5, 0x15, 0x0A, 0x36,
    0x24, 0x0A, 0x36, 0x24, 0x18, 0x75, 0x15, 0x95, 0x15, 0x98, 0x75, 0x24,
    0x95, 0x24, 0x60, 0xAD, 0x04, 0xE0, 0xC9, 0xBF, 0xF0, 0x0A, 0xAD, 0x00,
    0xA0, 0xC9, 0x40, 0xD0, 0x83, 0x4C, 0x02, 0xA0, 0x4C, 0x05, 0xE0, 0xC9,
    0x3A, 0xB0, 0x07, 0xC9, 0x30, 0x90, 0x02, 0xE9, 0x30, 0x60, 0x18, 0x60,
    0xA9, 0x00, 0x85, 0x6F, 0x20, 0x86, 0xD6, 0xD0, 0x12, 0xA9, 0x30, 0x20,
    0x8D, 0xD5, 0xA9, 0x2E, 0x20, 0x8D, 0xD5, 0xA9, 0x30, 0x20, 0x8D, 0xD5,
    0x4C, 0x71, 0xD5, 0x10, 0x05, 0xA9, 0x2D, 0x20, 0x8D, 0xD5, 0xA9, 0x00,
    0x85, 0x6D, 0xA5, 0x59, 0xC9, 0x81, 0xB0, 0x08, 0x20, 0xA0, 0xD6, 0xC6,
    0x6D, 0x4C, 0xF6, 0xD4, 0xC9, 0x84, 0x90, 0x10, 0xD0, 0x06, 0xA5, 0x5A,
    0xC9, 0xA0, 0x90, 0x08, 0x20, 0x1B, 0xD7, 0xE6, 0x6D, 0x4C, 0xF6, 0xD4,
    0xA5, 0x59, 0xC9, 0x84, 0xB0, 0x07, 0x20, 0xD8, 0xD6, 0xE6, 0x59, 0xD0,
    0xF3, 0x38, 0xA9, 0xFF, 0x20, 0x36, 0xD6, 0xA5, 0x5A, 0xC9, 0xA0, 0xB0,
    0xDF, 0xA9, 0x01, 0xA4, 0x6D, 0x30, 0x0A, 0xC0, 0x08, 0xB0, 0x06, 0xC8,
    0xA9, 0x00, 0x85, 0x6D, 0x98, 0x85, 0x70, 0xA2, 0x09, 0x86, 0x54, 0x20,
    0x75, 0xD5, 0xC6, 0x70, 0xD0, 0x05, 0xA9, 0x2E, 0x20, 0x8D, 0xD5, 0xC6,
    0x54, 0xD0, 0xF0, 0xA5, 0x6D, 0xF0, 0x16, 0xA9, 0x45, 0x20, 0x8D, 0xD5,
    0xA5, 0x6D, 0x10, 0x0A, 0xA9, 0x2D, 0x20, 0x8D, 0xD5, 0x38, 0xA9, 0x00,
    0xE5, 0x6D, 0x20, 0x87, 0xD5, 0xA9, 0x0D, 0xD0, 0x18, 0xA5, 0x5A, 0x4A,
    0x4A, 0x4A, 0x4A, 0x20, 0x8B, 0xD5, 0xA5, 0x5A, 0x29, 0x0F, 0x85, 0x5A,
    0x4C, 0x4E, 0xD6, 0xC9, 0x0A, 0xB0, 0x09, 0x09, 0x30, 0xA4, 0x6F, 0x91,
    0x52, 0xE6, 0x6F, 0x60, 0xA2, 0xFF, 0xE8, 0xE9, 0x0A, 0xB0, 0xFB, 0x69,
    0x0A, 0x48, 0x8A, 0x20, 0x87, 0xD5, 0x68, 0x10, 0xE6, 0xA5, 0x03, 0x85,
    0x54, 0xA5, 0x05, 0x85, 0x52, 0xA5, 0x06, 0x85, 0x53, 0x20, 0xA4, 0xDA,
    0x85, 0x6C, 0x85, 0x6D, 0x20, 0x7B, 0xD6, 0xC9, 0x2E, 0xF0, 0x0E, 0x20,
    0xC3, 0xD4, 0x90, 0x71, 0x85, 0x5E, 0x20, 0x7B, 0xD6, 0xC9, 0x2E, 0xD0,
    0x09, 0xA5, 0x6C, 0x18, 0xD0, 0x3A, 0xE6, 0x6C, 0xD0, 0xF0, 0xC9, 0x45,
    0xF0, 0x27, 0x20, 0xC3, 0xD4, 0x90, 0x2D, 0x85, 0x6E, 0xA5, 0x5A, 0xC9,
    0x18, 0x90, 0x08, 0xA5, 0x6C, 0xD0, 0xDB, 0xE6, 0x6D, 0xB0, 0xD7, 0xA5,
    0x6C, 0xF0, 0x02, 0xC6, 0x6D, 0x20, 0x4E, 0xD6, 0x18, 0xA5, 0x6E, 0x20,
    0x36, 0xD6, 0x4C, 0xC6, 0xD5, 0x20, 0x7B, 0xD6, 0x20, 0x78, 0xD7, 0x18,
    0x65, 0x6D, 0x85, 0x6D, 0xA9, 0xA8, 0x85, 0x59, 0x20, 0x86, 0xD6, 0xF0,
    0x1C, 0x20, 0xC8, 0xD7, 0xA5, 0x6D, 0x30, 0x0B, 0xF0, 0x10, 0x20, 0xA0,
    0xD6, 0xC6, 0x6D, 0xD0, 0xF9, 0xF0, 0x07, 0x20, 0x1B, 0xD7, 0xE6, 0x6D,
    0xD0, 0xF9, 0x20, 0x9B, 0xDA, 0x38, 0xA4, 0x54, 0x88, 0x60, 0xA2, 0x05,
    0x75, 0x59, 0x95, 0x59, 0xA9, 0x00, 0xCA, 0xD0, 0xF7, 0x60, 0xA2, 0x05,
    0xB5, 0x59, 0x75, 0x61, 0x95, 0x59, 0xCA, 0xD0, 0xF7, 0x60, 0xA2, 0x05,
    0xA9, 0x00, 0x85, 0x67, 0xA9, 0x00, 0x85, 0x68, 0xB5, 0x59, 0x0A, 0x26,
    0x68, 0x0A, 0x26, 0x68, 0x18, 0x75, 0x59, 0x90, 0x02, 0xE6, 0x68, 0x0A,
    0x26, 0x68, 0x18, 0x65, 0x67, 0x90, 0x02, 0xE6, 0x68, 0x95, 0x59, 0xA5,
    0x68, 0x85, 0x67, 0xCA, 0xD0, 0xDA, 0x60, 0x84, 0x55, 0xA4, 0x54, 0xB1,
    0x52, 0xA4, 0x55, 0xE6, 0x54, 0x60, 0xA5, 0x5A, 0x05, 0x5B, 0x05, 0x5C,
    0x05, 0x5D, 0x05, 0x5E, 0xF0, 0x07, 0xA5, 0x57, 0xD0, 0x09, 0xA9, 0x01,
    0x60, 0x85, 0x57, 0x85, 0x59, 0x85, 0x58, 0x60, 0x18, 0xA5, 0x59, 0x69,
    0x03, 0x85, 0x59, 0x90, 0x02, 0xE6, 0x58, 0x20, 0xC3, 0xD6, 0x20, 0xFB,
    0xD6, 0x20, 0xFB, 0xD6, 0x20, 0x42, 0xD6, 0x90, 0x09, 0x20, 0xD8, 0xD6,
    0xE6, 0x59, 0xD0, 0x02, 0xE6, 0x58, 0x60, 0xA2, 0x08, 0xB5, 0x56, 0x95,
    0x5E, 0xCA, 0xD0, 0xF9, 0x60, 0x06, 0x5E, 0x26, 0x5D, 0x26, 0x5C, 0x26,
    0x5B, 0x26, 0x5A, 0x60, 0x66, 0x5A, 0x66, 0x5B, 0x66, 0x5C, 0x66, 0x5D,
    0x66, 0x5E, 0x60, 0xA5, 0x5D, 0x85, 0x5E, 0xA5, 0x5C, 0x85, 0x5D, 0xA5,
    0x5B, 0x85, 0x5C, 0xA5, 0x5A, 0x85, 0x5B, 0xA9, 0x00, 0x85, 0x5A, 0x60,
    0x20, 0xC3, 0xD6, 0x46, 0x62, 0x66, 0x63, 0x66, 0x64, 0x66, 0x65, 0x66,
    0x66, 0x60, 0xA5, 0x65, 0x85, 0x66, 0xA5, 0x64, 0x85, 0x65, 0xA5, 0x63,
    0x85, 0x64, 0xA5, 0x62, 0x85, 0x63, 0xA9, 0x00, 0x85, 0x62, 0x60, 0x38,
    0xA5, 0x59, 0xE9, 0x04, 0x85, 0x59, 0xB0, 0x02, 0xC6, 0x58, 0x20, 0xF8,
    0xD6, 0x20, 0xB4, 0xD6, 0x20, 0xF8, 0xD6, 0x20, 0xFB, 0xD6, 0x20, 0xFB,
    0xD6, 0x20, 0xFB, 0xD6, 0x20, 0xB4, 0xD6, 0xA9, 0x00, 0x85, 0x62, 0xA5,
    0x5A, 0x85, 0x63, 0xA5, 0x5B, 0x85, 0x64, 0xA5, 0x5C, 0x85, 0x65, 0xA5,
    0x5D, 0x85, 0x66, 0xA5, 0x5E, 0x2A, 0x20, 0xB4, 0xD6, 0xA9, 0x00, 0x85,
    0x62, 0x85, 0x63, 0xA5, 0x5A, 0x85, 0x64, 0xA5, 0x5B, 0x85, 0x65, 0xA5,
    0x5C, 0x85, 0x66, 0xA5, 0x5D, 0x2A, 0x20, 0xB4, 0xD6, 0xA5, 0x5B, 0x2A,
    0xA5, 0x5A, 0x20, 0x36, 0xD6, 0x4C, 0xB7, 0xD6, 0xA0, 0xFF, 0xC9, 0x2B,
    0xF0, 0x05, 0xC9, 0x2D, 0xD0, 0x04, 0xC8, 0x20, 0x7B, 0xD6, 0x20, 0xC3,
    0xD4, 0x90, 0x24, 0xAA, 0x20, 0x7B, 0xD6, 0x20, 0xC3, 0xD4, 0x90, 0x10,
    0x85, 0x6E, 0x20, 0x7B, 0xD6, 0x8A, 0x85, 0x67, 0x0A, 0x0A, 0x65, 0x67,
    0x0A, 0x65, 0x6E, 0xAA, 0x98, 0xD0, 0x06, 0x86, 0x6E, 0x38, 0xE5, 0x6E,
    0x60, 0x8A, 0x60, 0xA9, 0x00, 0x60, 0x48, 0x20, 0xA4, 0xDA, 0x68, 0xF0,
    0xF8, 0x10, 0x07, 0x85, 0x57, 0xA9, 0x00, 0x38, 0xE5, 0x57, 0x85, 0x5A,
    0xA9, 0x88, 0x85, 0x59, 0x20, 0x86, 0xD6, 0xF0, 0xE4, 0xA5, 0x5A, 0xD0,
    0x21, 0xA5, 0x5B, 0x85, 0x5A, 0xA5, 0x5C, 0x85, 0x5B, 0xA5, 0x5D, 0x85,
    0x5C, 0xA5, 0x5E, 0x85, 0x5D, 0xA9, 0x00, 0x85, 0x5E, 0x38, 0xA5, 0x59,
    0xE9, 0x08, 0x85, 0x59, 0xB0, 0xDF, 0xC6, 0x58, 0x90, 0xDB, 0xA5, 0x5A,
    0x30, 0xBB, 0x20, 0xCD, 0xD6, 0xA5, 0x59, 0xD0, 0x02, 0xC6, 0x58, 0xC6,
    0x59, 0x4C, 0xF2, 0xD7, 0xA0, 0x04, 0xA9, 0x00, 0x85, 0x66, 0x85, 0x60,
    0x85, 0x5F, 0xB1, 0x6F, 0x99, 0x61, 0x00, 0x05, 0x5F, 0x85, 0x5F, 0x88,
    0x10, 0xF4, 0xAA, 0xF0, 0x09, 0xA5, 0x62, 0x85, 0x5F, 0x09, 0x80, 0x85,
    0x62, 0x8A, 0x60, 0x20, 0xA2, 0xDB, 0xD0, 0x11, 0x20, 0xA6, 0xDB, 0xD0,
    0x0C, 0x20, 0xAA, 0xDB, 0xD0, 0x07, 0xA6, 0x04, 0xA0, 0x6F, 0x20, 0xCD,
    0xC3, 0xA0, 0x00, 0xA5, 0x59, 0x91, 0x6F, 0xC8, 0xA5, 0x57, 0x29, 0x80,
    0x85, 0x57, 0xA5, 0x5A, 0x29, 0x7F, 0x05, 0x57, 0x91, 0x6F, 0xC8, 0xB9,
    0x59, 0x00, 0x91, 0x6F, 0xC0, 0x04, 0xD0, 0xF6, 0x60, 0xA0, 0x52, 0x84,
    0x6F, 0xA9, 0x00, 0x85, 0x70, 0x20, 0x3D, 0xD8, 0x20, 0xD9, 0xC4, 0xA5,
    0x56, 0x95, 0x73, 0x60, 0xA6, 0x04, 0x20, 0xCB, 0xC3, 0xB5, 0x74, 0x85,
    0x56, 0x84, 0x6F, 0xA9, 0x00, 0x85, 0x70, 0x60, 0xA5, 0x5E, 0xC9, 0x80,
    0x90, 0x07, 0xF0, 0x0A, 0xA9, 0xFF, 0x20, 0x72, 0xD7, 0xA9, 0x00, 0x85,
    0x5E, 0x60, 0xA5, 0x5D, 0x09, 0x01, 0x85, 0x5D, 0xD0, 0xF3, 0x20, 0xC7,
    0xD8, 0xF0, 0x06, 0xA5, 0x59, 0xC9, 0xA0, 0xB0, 0x14, 0x46, 0x5A, 0x66,
    0x5B, 0x66, 0x5C, 0x66, 0x5D, 0x66, 0x62, 0x66, 0x63, 0x66, 0x64, 0x66,
    0x65, 0xE6, 0x59, 0xD0, 0xE6, 0xF0, 0x16, 0xA9, 0x7F, 0x85, 0x5A, 0xA9,
    0xFF, 0x85, 0x5B, 0x85, 0x5C, 0x85, 0x5D, 0xA2, 0x08, 0xA9, 0x00, 0x95,
    0x5F, 0xCA, 0xD0, 0xFB, 0x60, 0xA5, 0x57, 0x10, 0x0C, 0x38, 0xA2, 0x04,
    0xA9, 0x00, 0xF5, 0x59, 0x95, 0x59, 0xCA, 0xD0, 0xF7, 0x60, 0xA5, 0x62,
    0x10, 0x23, 0xA2, 0x04, 0xA9, 0x00, 0xF5, 0x61, 0x95, 0x61, 0xCA, 0xD0,
    0xF7, 0xA5, 0x57, 0x49, 0x80, 0x85, 0x57, 0x10, 0x11, 0xE6, 0x5D, 0xD0,
    0x0C, 0xE6, 0x5C, 0xD0, 0x08, 0xE6, 0x5B, 0xD0, 0x04, 0xE6, 0x5A, 0xF0,
    0xB2, 0x60, 0x20, 0xD5, 0xD8, 0x20, 0xF9, 0xD8, 0x4C, 0xD5, 0xD8, 0xA2,
    0x05, 0xB5, 0x61, 0x95, 0x59, 0xCA, 0xD0, 0xF9, 0xA9, 0x80, 0x85, 0x59,
    0x4C, 0xC8, 0xD7, 0x20, 0x04, 0xD8, 0x20, 0x3D, 0xD8, 0xA2, 0x08, 0xB5,
    0x5E, 0x95, 0x56, 0xCA, 0xD0, 0xF9, 0x60, 0x20, 0x39, 0xD9, 0x4C, 0xBF,
    0xD1, 0x20, 0xBF, 0xD1, 0x20, 0x04, 0xD8, 0xF0, 0xF1, 0x20, 0x86, 0xD6,
    0xF0, 0xE3, 0xA5, 0x59, 0xC5, 0x61, 0xF0, 0x26, 0x90, 0x0F, 0xE5, 0x61,
    0xC9, 0x21, 0xB0, 0xDE, 0xAA, 0x20, 0xFB, 0xD6, 0xCA, 0xD0, 0xFA, 0xF0,
    0x15, 0x38, 0xA5, 0x61, 0xE5, 0x59, 0xC9, 0x21, 0xB0, 0xC3, 0xAA, 0x18,
    0x20, 0xD8, 0xD6, 0xCA, 0xD0, 0xF9, 0xA5, 0x61, 0x85, 0x59, 0xA5, 0x57,
    0x45, 0x5F, 0x10, 0x49, 0xA5, 0x5A, 0xC5, 0x62, 0xD0, 0x1B, 0xA5, 0x5B,
    0xC5, 0x63, 0xD0, 0x15, 0xA5, 0x5C, 0xC5, 0x64, 0xD0, 0x0F, 0xA5, 0x5D,
    0xC5, 0x65, 0xD0, 0x09, 0xA5, 0x5E, 0xC5, 0x66, 0xD0, 0x03, 0x4C, 0xA4,
    0xDA, 0xB0, 0x2D, 0x38, 0xA5, 0x66, 0xE5, 0x5E, 0x85, 0x5E, 0xA5, 0x65,
    0xE5, 0x5D, 0x85, 0x5D, 0xA5, 0x64, 0xE5, 0x5C, 0x85, 0x5C, 0xA5, 0x63,
    0xE5, 0x5B, 0x85, 0x5B, 0xA5, 0x62, 0xE5, 0x5A, 0x85, 0x5A, 0xA5, 0x5F,
    0x85, 0x57, 0x4C, 0x98, 0xDA, 0x18, 0x20, 0xB4, 0xD6, 0x4C, 0x9B, 0xDA,
    0x38, 0xA5, 0x5E, 0xE5, 0x66, 0x85, 0x5E, 0xA5, 0x5D, 0xE5, 0x65, 0x85,
    0x5D, 0xA5, 0x5C, 0xE5, 0x64, 0x85, 0x5C, 0xA5, 0x5B, 0xE5, 0x63, 0x85,
    0x5B, 0xA5, 0x5A, 0xE5, 0x62, 0x85, 0x5A, 0x4C, 0x98, 0xDA, 0x00, 0x20,
    0xFC, 0xD0, 0xA9, 0xC7, 0x48, 0xA2, 0xC8, 0x4C, 0x0B, 0xD1, 0xA9, 0x5D,
    0xD0, 0x12, 0xA9, 0x66, 0xD0, 0x0E, 0xA9, 0x6F, 0xD0, 0x0A, 0xA9, 0x76,
    0xD0, 0x06, 0xA9, 0x7D, 0xD0, 0x02, 0xA9, 0x84, 0x48, 0x20, 0x5D, 0xD8,
    0x20, 0xFC, 0xD0, 0x20, 0x70, 0xD8, 0xE6, 0x04, 0x20, 0x04, 0xD8, 0xA5,
    0x5F, 0x29, 0x80, 0x85, 0x5F, 0xA0, 0x00, 0xA5, 0x57, 0x29, 0x80, 0xC5,
    0x5F, 0xD0, 0x0D, 0xA2, 0x00, 0xB5, 0x61, 0xD5, 0x59, 0xD0, 0x0A, 0xE8,
    0xE0, 0x05, 0xD0, 0xF5, 0x08, 0xA6, 0x04, 0x28, 0x60, 0x6A, 0x45, 0x5F,
    0x2A, 0xA9, 0x01, 0xD0, 0xF3, 0x20, 0x86, 0xD6, 0xF0, 0xF2, 0x20, 0x04,
    0xD8, 0xD0, 0x03, 0x4C, 0xA4, 0xDA, 0x18, 0xA5, 0x59, 0x65, 0x61, 0x85,
    0x59, 0x90, 0x02, 0xE6, 0x58, 0x38, 0xA5, 0x59, 0xE9, 0x80, 0x85, 0x59,
    0xB0, 0x02, 0xC6, 0x58, 0xA2, 0x05, 0xA0, 0x00, 0xB5, 0x59, 0x95, 0x66,
    0x94, 0x59, 0xCA, 0xD0, 0xF7, 0xA5, 0x57, 0x45, 0x5F, 0x85, 0x57, 0xA0,
    0x20, 0x20, 0xFB, 0xD6, 0xA5, 0x67, 0x10, 0x04, 0x18, 0x20, 0x42, 0xD6,
    0x20, 0xFB, 0xD6, 0x06, 0x6B, 0x26, 0x6A, 0x26, 0x69, 0x26, 0x68, 0x26,
    0x67, 0x88, 0xD0, 0xE8, 0x20, 0xC8, 0xD7, 0x20, 0x80, 0xD8, 0xA5, 0x58,
    0xF0, 0x0B, 0x10, 0x03, 0xA2, 0x08, 0xA9, 0x00, 0x95, 0x56, 0xCA, 0xD0,
    0xFB, 0x60, 0x20, 0x31, 0xD8, 0x20, 0x8D, 0xDE, 0xD0, 0x26, 0x20, 0x86,
    0xD6, 0xF0, 0xEC, 0x20, 0xC3, 0xD6, 0x20, 0xE5, 0xD1, 0xD0, 0x23, 0x60,
    0x20, 0xEB, 0xD0, 0x20, 0x9E, 0xDB, 0x20, 0x3D, 0xD8, 0x20, 0xE6, 0xDC,
    0x20, 0x9E, 0xDB, 0x20, 0x23, 0xD9, 0x20, 0xF1, 0xDC, 0x20, 0x9E, 0xDB,
    0x20, 0x86, 0xD6, 0xF0, 0xCC, 0x20, 0x04, 0xD8, 0xF0, 0xC1, 0xA5, 0x57,
    0x45, 0x5F, 0x85, 0x57, 0x38, 0xA5, 0x59, 0xE5, 0x61, 0x85, 0x59, 0xB0,
    0x02, 0xC6, 0x58, 0x18, 0xA5, 0x59, 0x69, 0x81, 0x85, 0x59, 0x90, 0x02,
    0xE6, 0x58, 0xA2, 0x05, 0xB5, 0x59, 0x95, 0x66, 0xCA, 0xD0, 0xF9, 0x46,
    0x67, 0x66, 0x68, 0x66, 0x69, 0x66, 0x6A, 0x66, 0x6B, 0x20, 0xFB, 0xD6,
    0xA2, 0x27, 0xA5, 0x67, 0xC5, 0x62, 0xD0, 0x16, 0xA5, 0x68, 0xC5, 0x63,
    0xD0, 0x10, 0xA5, 0x69, 0xC5, 0x64, 0xD0, 0x0A, 0xA5, 0x6A, 0xC5, 0x65,
    0xD0, 0x04, 0xA5, 0x6B, 0xC5, 0x66, 0x90, 0x24, 0xA5, 0x6B, 0xE5, 0x66,
    0x85, 0x6B, 0xA5, 0x6A, 0xE5, 0x65, 0x85, 0x6A, 0xA5, 0x69, 0xE5, 0x64,
    0x85, 0x69, 0xA5, 0x68, 0xE5, 0x63, 0x85, 0x68, 0xA5, 0x67, 0xE5, 0x62,
    0x85, 0x67, 0xA5, 0x5E, 0x09, 0x01, 0x85, 0x5E, 0x20, 0xCD, 0xD6, 0x06,
    0x6B, 0x26, 0x6A, 0x26, 0x69, 0x26, 0x68, 0x26, 0x67, 0xCA, 0xD0, 0xAE,
    0x4C, 0x98, 0xDA, 0x20, 0xEB, 0xD0, 0x20, 0x86, 0xD6, 0xF0, 0x26, 0x10,
    0x01, 0x00, 0x20, 0x31, 0xD8, 0xA5, 0x59, 0x4A, 0x69, 0x40, 0x85, 0x59,
    0xA9, 0x05, 0x85, 0x6E, 0x20, 0x27, 0xD8, 0x20, 0xAA, 0xDB, 0x20, 0xB6,
    0xDA, 0x20, 0xA2, 0xDB, 0x20, 0x3C, 0xD9, 0xC6, 0x59, 0xC6, 0x6E, 0xD0,
    0xEB, 0x60, 0xA9, 0xD4, 0xD0, 0x0A, 0xA9, 0xCA, 0xD0, 0x06, 0xA9, 0xCF,
    0xD0, 0x02, 0xA9, 0xC5, 0x85, 0x6F, 0xA9, 0x03, 0x85, 0x70, 0x60, 0x20,
    0xEB, 0xD0, 0x20, 0x86, 0xD6, 0xF0, 0x02, 0x10, 0x01, 0x00, 0xA5, 0x59,
    0x48, 0xA9, 0x81, 0x85, 0x59, 0x20, 0xC7, 0xD8, 0xA9, 0xC0, 0x85, 0x62,
    0xA9, 0x81, 0x85, 0x61, 0x85, 0x5F, 0x20, 0x41, 0xD9, 0xE6, 0x59, 0xA9,
    0xFE, 0xA0, 0xDB, 0x20, 0x27, 0xDC, 0x20, 0x31, 0xD8, 0x68, 0x38, 0xE9,
    0x81, 0x20, 0xB2, 0xD7, 0xA9, 0xF9, 0x85, 0x6F, 0xA9, 0xDB, 0x85, 0x70,
    0x20, 0x45, 0xDA, 0x20, 0xAA, 0xDB, 0x4C, 0x3C, 0xD9, 0x80, 0x31, 0x72,
    0x17, 0xF8, 0x07, 0x85, 0x17, 0x6E, 0xD4, 0x85, 0x80, 0x28, 0xC7, 0x12,
    0xA0, 0x84, 0x70, 0x4E, 0x5F, 0xF2, 0x81, 0x00, 0x00, 0xFE, 0xEF, 0x84,
    0x0F, 0xFF, 0xDA, 0xE1, 0x81, 0x7F, 0xFF, 0xFF, 0x93, 0x82, 0x40, 0x00,
    0x00, 0x0C, 0x7F, 0x4F, 0x99, 0x1F, 0x65, 0x85, 0x71, 0x84, 0x72, 0x20,
    0x31, 0xD8, 0xA0, 0x00, 0xB1, 0x71, 0x85, 0x6C, 0xE6, 0x71, 0xD0, 0x02,
    0xE6, 0x72, 0xA5, 0x71, 0x85, 0x6F, 0xA5, 0x72, 0x85, 0x70, 0x20, 0xE5,
    0xD1, 0x20, 0xAA, 0xDB, 0x20, 0xB6, 0xDA, 0x18, 0xA5, 0x71, 0x69, 0x05,
    0x85, 0x71, 0x85, 0x6F, 0xA5, 0x72, 0x69, 0x00, 0x85, 0x72, 0x85, 0x70,
    0x20, 0x3C, 0xD9, 0xC6, 0x6C, 0xD0, 0xE2, 0x60, 0x20, 0xEB, 0xD0, 0x20,
    0x86, 0xD6, 0xF0, 0x0D, 0x10, 0x0C, 0xA9, 0x00, 0x85, 0x57, 0x20, 0x7A,
    0xDC, 0xA9, 0x80, 0x85, 0x57, 0x60, 0xA5, 0x59, 0xC9, 0x81, 0x90, 0x0C,
    0x20, 0xAE, 0xDA, 0x20, 0x8C, 0xDC, 0x20, 0x93, 0xDD, 0x4C, 0x39, 0xD9,
    0xA5, 0x59, 0xC9, 0x73, 0x90, 0xE7, 0x20, 0x2C, 0xD8, 0x20, 0xC7, 0xD8,
    0xA9, 0x80, 0x85, 0x61, 0x85, 0x62, 0x85, 0x5F, 0x20, 0x41, 0xD9, 0xA9,
    0xB0, 0xA0, 0xDC, 0x20, 0x27, 0xDC, 0x20, 0xA6, 0xDB, 0x4C, 0x45, 0xDA,
    0x09, 0x85, 0xA3, 0x59, 0xE8, 0x67, 0x80, 0x1C, 0x9D, 0x07, 0x36, 0x80,
    0x57, 0xBB, 0x78, 0xDF, 0x80, 0xCA, 0x9A, 0x0E, 0x83, 0x84, 0x8C, 0xBB,
    0xCA, 0x6E, 0x81, 0x95, 0x96, 0x06, 0xDE, 0x81, 0x0A, 0xC7, 0x6C, 0x52,
    0x7F, 0x7D, 0xAD, 0x90, 0xA1, 0x82, 0xFB, 0x62, 0x57, 0x2F, 0x80, 0x6D,
    0x63, 0x38, 0x2C, 0x20, 0xEB, 0xD0, 0x20, 0x24, 0xDD, 0xE6, 0x6E, 0x4C,
    0xF4, 0xDC, 0x20, 0xEB, 0xD0, 0x20, 0x24, 0xDD, 0x46, 0x6E, 0x90, 0x03,
    0x20, 0x86, 0xDC, 0x46, 0x6E, 0x90, 0x06, 0x20, 0x05, 0xDD, 0x4C, 0xBF,
    0xD1, 0x20, 0x2C, 0xD8, 0x20, 0x93, 0xDD, 0x20, 0x04, 0xD8, 0xC6, 0x61,
    0xA9, 0x80, 0x85, 0x5F, 0x20, 0x41, 0xD9, 0xA9, 0xA6, 0xA0, 0xDD, 0x20,
    0x27, 0xDC, 0x20, 0xA6, 0xDB, 0x4C, 0x45, 0xDA, 0xA5, 0x59, 0xC9, 0x98,
    0xB0, 0x54, 0x20, 0x31, 0xD8, 0x20, 0x93, 0xDD, 0x20, 0xDC, 0xDA, 0x20,
    0x9A, 0xD8, 0xA5, 0x5D, 0x85, 0x6E, 0x05, 0x5C, 0x05, 0x5B, 0x05, 0x5A,
    0xF0, 0x3E, 0x20, 0xAC, 0xD2, 0x20, 0x27, 0xD8, 0x20, 0x86, 0xDD, 0x20,
    0x45, 0xDA, 0x20, 0xAA, 0xDB, 0x20, 0x3C, 0xD9, 0x20, 0x3D, 0xD8, 0x20,
    0xA2, 0xDB, 0x20, 0xE5, 0xD1, 0x20, 0x8A, 0xDD, 0x20, 0x45, 0xDA, 0x20,
    0xAA, 0xDB, 0x20, 0x3C, 0xD9, 0xA5, 0x57, 0x10, 0x12, 0x20, 0x8A, 0xDD,
    0x20, 0x33, 0xD9, 0x20, 0x86, 0xDD, 0x20, 0x33, 0xD9, 0xC6, 0x6E, 0x4C,
    0x69, 0xDD, 0x00, 0x60, 0x20, 0xDA, 0xD2, 0x4C, 0x69, 0xDD, 0xA9, 0x97,
    0xD0, 0x02, 0xA9, 0x9C, 0x85, 0x6F, 0xA9, 0xDD, 0x85, 0x70, 0x60, 0xA9,
    0xA1, 0xD0, 0xF5, 0x81, 0xC9, 0x00, 0x00, 0x00, 0x75, 0xFD, 0xAA, 0x22,
    0x17, 0x81, 0x49, 0x0F, 0xDA, 0xA2, 0x08, 0x84, 0x04, 0xC7, 0x3C, 0xFB,
    0x81, 0xE0, 0x4F, 0x5D, 0xAD, 0x82, 0x80, 0x00, 0x69, 0xB8, 0x82, 0x5B,
    0xCF, 0x1D, 0xB5, 0x82, 0xBF, 0xCE, 0x82, 0x1E, 0x82, 0x45, 0x44, 0x7F,
    0x32, 0x7F, 0x62, 0x44, 0x5A, 0xD2, 0x83, 0x82, 0x14, 0x8A, 0x27, 0x80,
    0x66, 0x7B, 0x21, 0x4D, 0x20, 0xEB, 0xD0, 0xA5, 0x59, 0xC9, 0x87, 0x90,
    0x10, 0xD0, 0x06, 0xA5, 0x5A, 0xC9, 0xB3, 0x90, 0x08, 0xA5, 0x57, 0x10,
    0x03, 0x4C, 0xA4, 0xDA, 0x00, 0xA5, 0x59, 0xC9, 0x80, 0x90, 0x29, 0x20,
    0x9A, 0xD8, 0x20, 0xE2, 0xD8, 0xA5, 0x5D, 0x85, 0x6E, 0x20, 0x13, 0xD9,
    0x20, 0x1C, 0xDE, 0x20, 0x2C, 0xD8, 0xA9, 0x23, 0x85, 0x6F, 0xA9, 0xDE,
    0x85, 0x70, 0x20, 0xE5, 0xD1, 0xA5, 0x6E, 0x20, 0x51, 0xDE, 0x20, 0xA6,
    0xDB, 0x4C, 0x45, 0xDA, 0xA9, 0x28, 0xA0, 0xDE, 0x4C, 0x27, 0xDC, 0x82,
    0x2D, 0xF8, 0x54, 0x58, 0x07, 0x83, 0xE0, 0x20, 0x86, 0x5B, 0x82, 0x80,
    0x53, 0x93, 0xB8, 0x83, 0x20, 0x00, 0x06, 0xA1, 0x82, 0x00, 0x00, 0x21,
    0x63, 0x82, 0xC0, 0x00, 0x00, 0x02, 0x82, 0x80, 0x00, 0x00, 0x0C, 0x81,
    0x00, 0x00, 0x00, 0x00, 0x81, 0x00, 0x00, 0x00, 0x00, 0xAA, 0x10, 0x09,
    0xCA, 0x8A, 0x49, 0xFF, 0x48, 0x20, 0xAE, 0xDA, 0x68, 0x48, 0x20, 0x31,
    0xD8, 0x20, 0x8D, 0xDE, 0x68, 0xF0, 0x0A, 0x38, 0xE9, 0x01, 0x48, 0x20,
    0x45, 0xDA, 0x4C, 0x64, 0xDE, 0x60, 0x20, 0xEB, 0xD0, 0xA5, 0x57, 0x10,
    0x0A, 0xA9, 0x00, 0x85, 0x57, 0x20, 0x83, 0xDE, 0x4C, 0xBF, 0xD1, 0xA5,
    0x59, 0xC9, 0x81, 0x90, 0x33, 0xC9, 0x85, 0x90, 0x0B, 0x20, 0xA4, 0xDA,
    0xA0, 0x80, 0x84, 0x5A, 0xC8, 0x84, 0x59, 0x60, 0xE6, 0x59, 0xA9, 0x80,
    0x85, 0x57, 0x20, 0xD7, 0xDD, 0x20, 0x31, 0xD8, 0x20, 0x8D, 0xDE, 0x20,
    0x3C, 0xD9, 0x20, 0x27, 0xD8, 0x20, 0x8D, 0xDE, 0x20, 0xAA, 0xDB, 0x20,
    0x33, 0xD9, 0x20, 0xA2, 0xDB, 0x4C, 0xDC, 0xDA, 0x20, 0x2C, 0xD8, 0x20,
    0x8D, 0xDE, 0xC6, 0x59, 0x20, 0x33, 0xD9, 0xA9, 0xD4, 0xA0, 0xDE, 0x20,
    0x27, 0xDC, 0x20, 0xA6, 0xDB, 0x4C, 0x45, 0xDA, 0x08, 0x7E, 0x85, 0x51,
    0xB3, 0x0C, 0x86, 0xDE, 0xB0, 0x7D, 0x73, 0x7C, 0x23, 0xD8, 0xE9, 0x9A,
    0x87, 0x34, 0x82, 0x1D, 0x80, 0x81, 0x9A, 0x20, 0x6C, 0xED, 0x81, 0xBD,
    0x32, 0x34, 0x2E, 0x7F, 0x5D, 0x46, 0x87, 0xB4, 0x82, 0x68, 0x3E, 0x43,
    0xF7, 0x80, 0x6C, 0x9A, 0x9E, 0xBB, 0x20, 0xC8, 0xC3, 0xA5, 0x52, 0x29,
    0x03, 0xA8, 0xB9, 0x4E, 0xDF, 0x8D, 0xFD, 0x03, 0xAD, 0x00, 0xB0, 0x29,
    0xF0, 0xC9, 0x70, 0xD0, 0x0C, 0xA9, 0x00, 0xA8, 0x99, 0x00, 0x86, 0x99,
    0x00, 0x87, 0x88, 0xD0, 0xF7, 0xAD, 0x00, 0xB0, 0x29, 0xDF, 0x8D, 0x00,
    0xB0, 0x2A, 0x2A, 0x2A, 0x29, 0x03, 0xA8, 0xB9, 0x42, 0xDF, 0x8D, 0xFE,
    0x03, 0xB9, 0x46, 0xDF, 0x8D, 0xFF, 0x03, 0x4C, 0x58, 0xC5, 0x52, 0x70,
    0x88, 0xA0, 0xDF, 0xDF, 0xDF, 0xDF, 0x3F, 0xCF, 0xF3, 0xFC, 0x00, 0x55,
    0xAA, 0xFF, 0xA5, 0x5B, 0x05, 0x5D, 0xD0, 0x47, 0xA5, 0x5A, 0xC9, 0x40,
    0xB0, 0x41, 0x4A, 0x4A, 0x85, 0x5F, 0xA0, 0x00, 0x84, 0x60, 0xA9, 0x3F,
    0x38, 0xE5, 0x5C, 0xC9, 0x40, 0x90, 0x4F, 0x60, 0xA5, 0x5B, 0x05, 0x5D,
    0xD0, 0x29, 0xA5, 0x5A, 0x30, 0x25, 0x4A, 0x4A, 0x85, 0x5F, 0xA9, 0x3F,
    0x38, 0xE5, 0x5C, 0xC9, 0x40, 0x90, 0x30, 0x60, 0xA5, 0x5B, 0x05, 0x5D,
    0xD0, 0x11, 0xA5, 0x5A, 0x30, 0x0D, 0x4A, 0x4A, 0x85, 0x5F, 0xA9, 0x5F,
    0x38, 0xE5, 0x5C, 0xC9, 0x60, 0x90, 0x18, 0x60, 0xA5, 0x5B, 0x05, 0x5D,
    0xD0, 0xF9, 0xA5, 0x5A, 0x30, 0xF5, 0x4A, 0x4A, 0x85, 0x5F, 0xA9, 0xBF,
    0x38, 0xE5, 0x5C, 0xC9, 0xC0, 0xB0, 0xE8, 0xA0, 0x00, 0x84, 0x60, 0x0A,
    0x26, 0x60, 0x0A, 0x26, 0x60, 0x0A, 0x26, 0x60, 0x0A, 0x26, 0x60, 0x0A,
    0x26, 0x60, 0x65, 0x5F, 0x85, 0x5F, 0xA5, 0x60, 0x69, 0x80, 0x85, 0x60,
    0xA5, 0x5A, 0x29, 0x03, 0xAA, 0xBD, 0x4A, 0xDF, 0xA6, 0x5E, 0xCA, 0xF0,
    0x0F, 0xCA, 0xF0, 0x05, 0x31, 0x5F, 0x91, 0x5F, 0x60, 0x49, 0xFF, 0x51,
    0x5F, 0x91, 0x5F, 0x60, 0xAA, 0x31, 0x5F, 0x91, 0x5F, 0x8A, 0x49, 0xFF,
    0x2D, 0xFD, 0x03, 0x11, 0x5F, 0x91, 0x5F, 0x60, 0xA9, 0x01, 0x8D, 0x02,
    0x0A, 0xA9, 0x00, 0x8D, 0x02, 0x0A, 0x4C, 0xE2, 0xEE, 0x20, 0x16, 0xE0,
    0x44, 0x49, 0x53, 0x4B, 0x20, 0xEA, 0x68, 0x85, 0xEA, 0x68, 0x85, 0xEB,
    0xA0, 0x00, 0xE6, 0xEA, 0xD0, 0x02, 0xE6, 0xEB, 0xB1, 0xEA, 0x30, 0x08,
    0xF0, 0x06, 0x20, 0xF4, 0xFF, 0x4C, 0x1E, 0xE0, 0x6C, 0xEA, 0x00, 0x84,
    0xE9, 0x20, 0x41, 0xE0, 0x20, 0xC9, 0xE5, 0xA4, 0xE9, 0xA2, 0x00, 0xF0,
    0x02, 0xA2, 0x40, 0x20, 0x76, 0xF8, 0x86, 0x9A, 0xC9, 0x22, 0xF0, 0x43,
    0xC9, 0x0D, 0xF0, 0x0C, 0x9D, 0x00, 0x01, 0xE8, 0xC8, 0xB9, 0x00, 0x01,
    0xC9, 0x20, 0xD0, 0xF0, 0xA9, 0x0D, 0x9D, 0x00, 0x01, 0xA9, 0x01, 0x85,
    0x9B, 0xA2, 0x9A, 0x60, 0xA0, 0x00, 0xB5, 0x00, 0x99, 0x9A, 0x00, 0xE8,
    0xC8, 0xC0, 0x0A, 0x90, 0xF5, 0xA9, 0x20, 0xA0, 0x06, 0x99, 0xA5, 0x00,
    0x88, 0x10, 0xFA, 0xC8, 0xB1, 0x9A, 0xC9, 0x0D, 0xF0, 0xE1, 0xC0, 0x07,
    0xB0, 0x21, 0x99, 0xA5, 0x00, 0xD0, 0xF0, 0xC8, 0xB9, 0x00, 0x01, 0xC9,
    0x0D, 0xF0, 0x14, 0x9D, 0x00, 0x01, 0xE8, 0xC9, 0x22, 0xD0, 0xF0, 0xCA,
    0xC8, 0xB9, 0x00, 0x01, 0xC9, 0x22, 0xD0, 0xB4, 0xE8, 0xB0, 0xE4, 0x20,
    0x16, 0xE0, 0x4E, 0x41, 0x4D, 0x45, 0x3F, 0x00, 0xA2, 0x9C, 0xA9, 0x00,
    0x95, 0x00, 0x95, 0x01, 0x95, 0x02, 0x20, 0x76, 0xF8, 0xB9, 0x00, 0x01,
    0xC9, 0x30, 0x90, 0x21, 0xC9, 0x3A, 0x90, 0x08, 0xE9, 0x07, 0x90, 0x19,
    0xC9, 0x40, 0xB0, 0x15, 0x0A, 0x0A, 0x0A, 0x0A, 0x94, 0x02, 0xA0, 0x04,
    0x0A, 0x36, 0x00, 0x36, 0x01, 0x88, 0xD0, 0xF8, 0xB4, 0x02, 0xC8, 0xD0,
    0xD8, 0xB5, 0x02, 0x60, 0xA9, 0x20, 0x4C, 0xF4, 0xFF, 0xA0, 0x06, 0x20,
    0xEC, 0xE0, 0x88, 0xD0, 0xFA, 0x60, 0x4A, 0x4A, 0x4A, 0x4A, 0x4A, 0x60,
    0xC8, 0xC8, 0xC8, 0xC8, 0xC8, 0xC8, 0xC8, 0xC8, 0x60, 0x88, 0x88, 0x88,
    0x88, 0x88, 0x88, 0x88, 0x88, 0x60, 0xA5, 0x9C, 0x38, 0xE9, 0x01, 0x85,
    0xC9, 0xA5, 0x9D, 0xE9, 0x00, 0x85, 0xCA, 0xA9, 0xFF, 0x85, 0xEC, 0x18,
    0x65, 0xA0, 0xA5, 0xA1, 0x69, 0x00, 0x85, 0xCB, 0xA5, 0xA2, 0x20, 0xFB,
    0xE0, 0x85, 0xCC, 0xA5, 0xA2, 0x29, 0x0F, 0xAA, 0xA5, 0xA3, 0x38, 0xE6,
    0xEC, 0xE9, 0x0A, 0xB0, 0xFA, 0xCA, 0x10, 0xF6, 0x69, 0x0A, 0x85, 0xED,
    0x60, 0x20, 0xC9, 0xE5, 0x20, 0x68, 0xE0, 0x20, 0x5D, 0xE1, 0xB0, 0xF4,
    0x20, 0x16, 0xE0, 0x46, 0x49, 0x4C, 0x45, 0x3F, 0x00, 0x20, 0x23, 0xE2,
    0xA0, 0xF8, 0x20, 0x00, 0xE1, 0xCC, 0x05, 0x21, 0xB0, 0x20, 0xB9, 0x0F,
    0x20, 0x29, 0x7F, 0xC5, 0xAC, 0xD0, 0xEF, 0x20, 0x01, 0xE1, 0xA2, 0x06,
    0xB9, 0x07, 0x20, 0xD5, 0xA5, 0xD0, 0x05, 0x88, 0xCA, 0x10, 0xF5, 0x60,
    0x88, 0xCA, 0x10, 0xFC, 0x30, 0xD8, 0x18, 0x60, 0xB9, 0x0F, 0x20, 0x30,
    0x19, 0xB9, 0x10, 0x20, 0x99, 0x08, 0x20, 0xB9, 0x10, 0x21, 0x99, 0x08,
    0x21, 0xC8, 0xCC, 0x05, 0x21, 0x90, 0xEE, 0x98, 0xE9, 0x08, 0x8D, 0x05,
    0x21, 0x60, 0x20, 0x16, 0xE0, 0x50, 0x52, 0x4F, 0x54, 0x00, 0x20, 0x49,
    0xE1, 0x20, 0xBF, 0xE1, 0x4C, 0x60, 0xE4, 0xA5, 0xEF, 0xD0, 0x71, 0xB9,
    0x0F, 0x20, 0x29, 0x7F, 0x20, 0xF4, 0xFF, 0x20, 0xEC, 0xE0, 0xBE, 0x0F,
    0x20, 0x10, 0x02, 0xA9, 0x23, 0x20, 0xF4, 0xFF, 0xA2, 0x07, 0xB9, 0x08,
    0x20, 0x20, 0xF4, 0xFF, 0xC8, 0xCA, 0xD0, 0xF6, 0x20, 0xEC, 0xE0, 0xB9,
    0x02, 0x21, 0x20, 0x02, 0xF8, 0xB9, 0x01, 0x21, 0x20, 0x02, 0xF8, 0xC8,
    0xE8, 0xC8, 0xE0, 0x02, 0x90, 0xEA, 0x20, 0xEC, 0xE0, 0x20, 0xEC, 0xE0,
    0xB9, 0x03, 0x21, 0x20, 0xFB, 0xE0, 0x20, 0x0B, 0xF8, 0xB9, 0x02, 0x21,
    0x20, 0x02, 0xF8, 0xB9, 0x01, 0x21, 0x20, 0x02, 0xF8, 0x20, 0xEC, 0xE0,
    0xB9, 0x03, 0x21, 0x20, 0x0B, 0xF8, 0xB9, 0x04, 0x21, 0x20, 0x02, 0xF8,
    0x20, 0xED, 0xFF, 0x20, 0x31, 0xE7, 0x2C, 0x00, 0x0A, 0x30, 0xFB, 0x2C,
    0x00, 0x0A, 0x30, 0xF6, 0x60, 0x20, 0x2A, 0xE4, 0x4C, 0x23, 0xE2, 0x20,
    0x31, 0xE2, 0xA2, 0x00, 0x86, 0xB6, 0xBD, 0x00, 0x20, 0xE0, 0x08, 0x90,
    0x03, 0xBD, 0xF8, 0x20, 0x20, 0xF4, 0xFF, 0xE8, 0xE0, 0x0D, 0xD0, 0xEE,
    0x20, 0x16, 0xE0, 0x20, 0x44, 0x52, 0x49, 0x56, 0x45, 0x20, 0xA5, 0xEE,
    0x20, 0x0B, 0xF8, 0x20, 0x16, 0xE0, 0x20, 0x51, 0x55, 0x41, 0x4C, 0x20,
    0xA5, 0xAC, 0x20, 0xF4, 0xFF, 0xA0, 0x00, 0x20, 0x88, 0xE2, 0x90, 0x4A,
    0x20, 0x09, 0xE1, 0xB9, 0x08, 0x20, 0x29, 0x7F, 0x99, 0x08, 0x20, 0x98,
    0xD0, 0xF2, 0x4C, 0xED, 0xFF, 0x20, 0x00, 0xE1, 0xCC, 0x05, 0x21, 0xB0,
    0x05, 0xB9, 0x08, 0x20, 0x30, 0xF3, 0x60, 0xA4, 0xB8, 0xF0, 0x05, 0x20,
    0xED, 0xFF, 0xA0, 0xFF, 0xC8, 0x84, 0xB8, 0x20, 0xF1, 0xE0, 0xA9, 0x23,
    0xA4, 0xB7, 0xBE, 0x0F, 0x20, 0x30, 0x02, 0xA9, 0x20, 0x20, 0xF4, 0xFF,
    0xA2, 0x00, 0xB5, 0xAE, 0x20, 0xF4, 0xFF, 0xE8, 0xE0, 0x07, 0xD0, 0xF6,
    0xF0, 0xAF, 0x84, 0xB7, 0xA2, 0x00, 0xB9, 0x08, 0x20, 0x29, 0x7F, 0x95,
    0xAE, 0xC8, 0xE8, 0xE0, 0x08, 0xD0, 0xF3, 0x20, 0x88, 0xE2, 0xB0, 0x1D,
    0xA2, 0x06, 0x38, 0xB9, 0x0E, 0x20, 0xF5, 0xAE, 0x88, 0xCA, 0x10, 0xF7,
    0x20, 0x01, 0xE1, 0xB9, 0x0F, 0x20, 0x29, 0x7F, 0xE5, 0xB5, 0x90, 0xD2,
    0x20, 0x00, 0xE1, 0xB0, 0xDE, 0xA4, 0xB7, 0xB9, 0x08, 0x20, 0x09, 0x80,
    0x99, 0x08, 0x20, 0xA5, 0xB5, 0xC5, 0xB6, 0xF0, 0x92, 0x85, 0xB6, 0x20,
    0xED, 0xFF, 0xA5, 0xB5, 0x20, 0xF4, 0xFF, 0xA9, 0x3A, 0x20, 0xF4, 0xFF,
    0xA0, 0x04, 0x20, 0xF3, 0xE0, 0x84, 0xB8, 0xF0, 0x89, 0xB9, 0x0E, 0x21,
    0x20, 0xFB, 0xE0, 0x85, 0xA2, 0x18, 0xA9, 0xFF, 0x79, 0x0C, 0x21, 0xB9,
    0x0F, 0x21, 0x79, 0x0D, 0x21, 0x85, 0xA3, 0xB9, 0x0E, 0x21, 0x29, 0x0F,
    0x65, 0xA2, 0x85, 0xA2, 0x38, 0xB9, 0x07, 0x21, 0xE5, 0xA3, 0x48, 0xB9,
    0x06, 0x21, 0x29, 0x0F, 0xE5, 0xA2, 0xAA, 0xA9, 0x00, 0xC5, 0xA0, 0x68,
    0xE5, 0xA1, 0x8A, 0xE9, 0x00, 0x60, 0xA2, 0x02, 0xD0, 0x02, 0xA2, 0x00,
    0x84, 0xBF, 0xBC, 0x08, 0x02, 0xB5, 0xBB, 0x94, 0xBB, 0x9D, 0x08, 0x02,
    0xE8, 0x8A, 0x4A, 0xB0, 0xF1, 0xA4, 0xBF, 0x60, 0x43, 0x41, 0x54, 0xE2,
    0x37, 0x44, 0x49, 0x52, 0xE2, 0x31, 0x49, 0x4E, 0x46, 0x4F, 0xE1, 0xB2,
    0x4C, 0x4F, 0x41, 0x44, 0xE4, 0x65, 0x53, 0x41, 0x56, 0x45, 0xE5, 0xE6,
    0x44, 0x45, 0x4C, 0x45, 0x54, 0x45, 0xE4, 0x1A, 0x52, 0x55, 0x4E, 0xE5,
    0x0A, 0x4C, 0x4F, 0x43, 0x4B, 0xE5, 0x99, 0x55, 0x4E, 0x4C, 0x4F, 0x43,
    0x4B, 0xE5, 0x9A, 0x4D, 0x4F, 0x4E, 0xE4, 0x5B, 0x4E, 0x4F, 0x4D, 0x4F,
    0x4E, 0xE4, 0x59, 0x53, 0x45, 0x54, 0xE5, 0x72, 0x44, 0x52, 0x49, 0x56,
    0x45, 0xE4, 0x2A, 0x54, 0x49, 0x54, 0x4C, 0x45, 0xE5, 0x78, 0x55, 0x53,
    0x45, 0xE5, 0xAF, 0x45, 0x58, 0x45, 0x43, 0xE5, 0x19, 0x53, 0x48, 0x55,
    0x54, 0xE8, 0x9C, 0x47, 0x4F, 0xE5, 0x65, 0x53, 0x50, 0x4F, 0x4F, 0x4C,
    0xE5, 0x47, 0x56, 0x44, 0x55, 0xE6, 0xB8, 0xE4, 0xC5, 0xA2, 0xFF, 0xD8,
    0xA0, 0x00, 0x20, 0x76, 0xF8, 0x88, 0xC8, 0xE8, 0xBD, 0x6C, 0xE3, 0x30,
    0x18, 0xD9, 0x00, 0x01, 0xF0, 0xF4, 0xCA, 0xE8, 0xBD, 0x6C, 0xE3, 0x10,
    0xFA, 0xE8, 0xB9, 0x00, 0x01, 0xC9, 0x2E, 0xD0, 0xDF, 0xC8, 0xCA, 0xB0,
    0xE3, 0x85, 0x9B, 0xBD, 0x6D, 0xE3, 0x85, 0x9A, 0x18, 0xA2, 0x00, 0x6C,
    0x9A, 0x00, 0x20, 0x49, 0xE1, 0x84, 0x9A, 0x20, 0xBB, 0xE1, 0xA4, 0x9A,
    0x20, 0x8C, 0xE1, 0x4C, 0xA9, 0xE5, 0x20, 0x76, 0xF8, 0xC9, 0x0D, 0xF0,
    0x1D, 0xC8, 0x48, 0x20, 0xCC, 0xE5, 0x68, 0xC9, 0x30, 0x90, 0x14, 0xC9,
    0x34, 0xB0, 0x10, 0x29, 0x03, 0x45, 0xEE, 0x20, 0x26, 0xE2, 0xC9, 0x80,
    0xF0, 0x04, 0x45, 0xEE, 0x85, 0xEE, 0x60, 0x20, 0x16, 0xE0, 0x44, 0x52,
    0x49, 0x56, 0x45, 0x3F, 0x00, 0xA2, 0xFF, 0x20, 0xCC, 0xE5, 0x86, 0xEF,
    0xA5, 0xCD, 0x85, 0xAC, 0x60, 0x20, 0x41, 0xE0, 0x20, 0xB4, 0xE0, 0xF0,
    0x04, 0xA9, 0xFF, 0x85, 0x9E, 0xA2, 0x9A, 0x18, 0x6C, 0x0C, 0x02, 0x08,
    0x20, 0x84, 0xE4, 0x28, 0x90, 0x03, 0x20, 0x26, 0xE2, 0x4C, 0x60, 0xE4,
    0x20, 0x4C, 0xE1, 0x84, 0x9A, 0xA2, 0x00, 0xA5, 0x9E, 0x10, 0x04, 0xA2,
    0x02, 0xC8, 0xC8, 0xB9, 0x08, 0x21, 0x95, 0x9C, 0xC8, 0xE8, 0xE0, 0x08,
    0xD0, 0xF5, 0xA4, 0x9A, 0x20, 0xBB, 0xE1, 0x20, 0x92, 0xE7, 0xA9, 0x53,
    0x85, 0xAD, 0x20, 0x12, 0xE1, 0x20, 0x16, 0xE8, 0xF0, 0x12, 0x20, 0x46,
    0xE8, 0xA5, 0xAD, 0x20, 0xED, 0xE7, 0x20, 0xA4, 0xE7, 0xD0, 0xF3, 0x20,
    0x39, 0xE8, 0xD0, 0xE9, 0x60, 0x20, 0x33, 0xE0, 0xA5, 0xEE, 0x85, 0xC7,
    0xA5, 0xAC, 0x85, 0xC8, 0xA9, 0x20, 0x85, 0xAC, 0xA9, 0x00, 0x85, 0x9E,
    0x20, 0x3F, 0xE4, 0xA2, 0x9A, 0x20, 0x68, 0xE0, 0x20, 0x5D, 0xE1, 0xB0,
    0x0F, 0x20, 0x00, 0xE5, 0x20, 0x16, 0xE0, 0x43, 0x4F, 0x4D, 0x4D, 0x41,
    0x4E, 0x44, 0x3F, 0x00, 0x20, 0x87, 0xE4, 0x20, 0x26, 0xE2, 0x20, 0x00,
    0xE5, 0x6C, 0x9E, 0x00, 0xA5, 0xC7, 0x20, 0x3F, 0xE4, 0xA5, 0xC8, 0x85,
    0xAC, 0x60, 0x20, 0x33, 0xE0, 0x20, 0x6F, 0xE4, 0x20, 0x26, 0xE2, 0x6C,
    0x9E, 0x00, 0x4C, 0x54, 0xE1, 0x20, 0xC9, 0xE5, 0x20, 0xCE, 0xFF, 0xA8,
    0xF0, 0xF4, 0x85, 0xB9, 0x20, 0x52, 0xE3, 0xA9, 0x33, 0xA0, 0xE5, 0x9D,
    0x06, 0x02, 0x98, 0x9D, 0x07, 0x02, 0x60, 0x84, 0xE9, 0xA4, 0xB9, 0x20,
    0xD4, 0xFF, 0x90, 0x08, 0x20, 0xCB, 0xFF, 0xA4, 0xE9, 0x6C, 0x0A, 0x02,
    0xA4, 0xE9, 0x60, 0x20, 0xC9, 0xE5, 0x18, 0x20, 0xCE, 0xFF, 0x85, 0xBA,
    0x20, 0x56, 0xE3, 0xA9, 0x59, 0xA0, 0xE5, 0xD0, 0xD2, 0x84, 0xE9, 0xA4,
    0xBA, 0x20, 0xD1, 0xFF, 0xA4, 0xE9, 0x6C, 0xBB, 0x00, 0x20, 0xB4, 0xE0,
    0x08, 0x20, 0xCC, 0xE5, 0x28, 0xF0, 0xA1, 0x6C, 0x9C, 0x00, 0x20, 0xB3,
    0xE5, 0x85, 0xCD, 0x60, 0x20, 0x41, 0xE0, 0x20, 0x31, 0xE2, 0xA2, 0x0C,
    0xA9, 0x20, 0x20, 0xBD, 0xE5, 0xCA, 0x10, 0xFA, 0xE8, 0xBD, 0x40, 0x01,
    0xC9, 0x0D, 0xF0, 0x19, 0x20, 0xBD, 0xE5, 0xE0, 0x0C, 0x90, 0xF1, 0xB0,
    0x10, 0x38, 0x08, 0x20, 0x49, 0xE1, 0xA5, 0xAC, 0x2A, 0x28, 0x6A, 0x99,
    0x0F, 0x20, 0x20, 0xBB, 0xE1, 0x20, 0x4A, 0xE7, 0x4C, 0x60, 0xE4, 0xA5,
    0xAC, 0x85, 0xCD, 0xC8, 0x20, 0xCC, 0xE5, 0xB9, 0xFF, 0x00, 0x85, 0xAC,
    0x60, 0xE0, 0x08, 0x90, 0x04, 0x9D, 0xF8, 0x20, 0x60, 0x9D, 0x00, 0x20,
    0x60, 0x20, 0x41, 0xE0, 0x20, 0x76, 0xF8, 0xC9, 0x0D, 0xF0, 0xF5, 0x20,
    0x16, 0xE0, 0x53, 0x59, 0x4E, 0x54, 0x41, 0x58, 0x3F, 0x00, 0x20, 0x16,
    0xE0, 0x46, 0x55, 0x4C, 0x4C, 0x00, 0x20, 0x41, 0xE0, 0x20, 0xB4, 0xE0,
    0xF0, 0xE5, 0xA2, 0xA2, 0x20, 0xB6, 0xE0, 0xF0, 0xDE, 0xA2, 0x9E, 0x20,
    0xB6, 0xE0, 0x08, 0xA5, 0x9C, 0xA6, 0x9D, 0x28, 0xD0, 0x04, 0x85, 0x9E,
    0x86, 0x9F, 0x85, 0xA0, 0x86, 0xA1, 0x20, 0xCC, 0xE5, 0xA2, 0x9A, 0x18,
    0x4C, 0xDD, 0xFF, 0x08, 0x20, 0xAD, 0xE6, 0x4C, 0x7B, 0xE4, 0x20, 0x68,
    0xE0, 0x20, 0x5D, 0xE1, 0x90, 0x03, 0x20, 0x8C, 0xE1, 0xA5, 0xA0, 0x48,
    0xA5, 0xA1, 0x48, 0x38, 0xA5, 0xA2, 0xE5, 0xA0, 0x85, 0xA0, 0xA5, 0xA3,
    0xE5, 0xA1, 0x85, 0xA1, 0xA9, 0x00, 0x85, 0xA2, 0xA9, 0x02, 0x85, 0xA3,
    0xAC, 0x05, 0x21, 0xF0, 0x3A, 0xC0, 0xF8, 0xB0, 0x95, 0x20, 0x38, 0xE3,
    0x4C, 0x55, 0xE6, 0x20, 0x09, 0xE1, 0x20, 0x19, 0xE3, 0x98, 0xF0, 0x02,
    0x90, 0xF5, 0xB0, 0x0B, 0x20, 0x16, 0xE0, 0x4E, 0x4F, 0x20, 0x52, 0x4F,
    0x4F, 0x4D, 0x00, 0x84, 0xEA, 0xAC, 0x05, 0x21, 0xC4, 0xEA, 0xF0, 0x0F,
    0xB9, 0x07, 0x20, 0x99, 0x0F, 0x20, 0xB9, 0x07, 0x21, 0x99, 0x0F, 0x21,
    0x88, 0xB0, 0xED, 0xA2, 0x00, 0xB5, 0xA5, 0x99, 0x08, 0x20, 0xC8, 0xE8,
    0xE0, 0x08, 0xD0, 0xF5, 0xB5, 0x9B, 0x88, 0x99, 0x08, 0x21, 0xCA, 0xD0,
    0xF7, 0x20, 0xBB, 0xE1, 0x68, 0x85, 0x9D, 0x68, 0x85, 0x9C, 0xAC, 0x05,
    0x21, 0x20, 0x00, 0xE1, 0x8C, 0x05, 0x21, 0x20, 0x4A, 0xE7, 0x4C, 0x26,
    0xE2, 0x20, 0x1A, 0xE6, 0x20, 0x96, 0xE7, 0xA9, 0x4B, 0x4C, 0xA8, 0xE4,
    0x20, 0xB4, 0xE0, 0x08, 0x20, 0xCC, 0xE5, 0xA2, 0x00, 0x28, 0xF0, 0x06,
    0xA5, 0x9C, 0xF0, 0x02, 0xA2, 0x04, 0xBD, 0xF7, 0xE6, 0x8D, 0x08, 0x02,
    0xBD, 0xF8, 0xE6, 0x8D, 0x09, 0x02, 0xBD, 0xF9, 0xE6, 0x8D, 0x0A, 0x02,
    0xBD, 0xFA, 0xE6, 0x8D, 0x0B, 0x02, 0x20, 0x16, 0xE0, 0x06, 0x0F, 0x0C,
    0x41, 0x43, 0x4F, 0x52, 0x4E, 0x20, 0x41, 0x54, 0x4F, 0x4D, 0x0A, 0x0A,
    0x0D, 0xEA, 0x60, 0x52, 0xFE, 0x94, 0xFE, 0x94, 0xED, 0x22, 0xED, 0xA9,
    0x00, 0x85, 0xEC, 0x85, 0xED, 0xA9, 0x02, 0x85, 0xF1, 0xA0, 0x16, 0xA9,
    0x29, 0x85, 0xD5, 0xA9, 0xE7, 0x85, 0xD6, 0xB9, 0x62, 0xE8, 0x20, 0xD2,
    0xE7, 0xC8, 0xB9, 0x62, 0xE8, 0xC9, 0xEA, 0xF0, 0x06, 0x20, 0x09, 0xE8,
    0x4C, 0x19, 0xE7, 0xC8, 0x60, 0x20, 0xE4, 0xE7, 0xA9, 0x0A, 0x85, 0xF0,
    0x60, 0x20, 0x7A, 0xE7, 0xD0, 0x13, 0x20, 0x5B, 0xE7, 0x20, 0xFF, 0xE6,
    0x20, 0x92, 0xE7, 0xA9, 0x53, 0x20, 0xED, 0xE7, 0x20, 0xA4, 0xE7, 0xD0,
    0xF3, 0x60, 0x20, 0xFF, 0xE6, 0x20, 0x96, 0xE7, 0xA9, 0x4B, 0x20, 0xED,
    0xE7, 0x20, 0xA4, 0xE7, 0xD0, 0xF3, 0x60, 0xA5, 0xEE, 0x29, 0x03, 0xA8,
    0x09, 0x80, 0x85, 0xEE, 0xA9, 0x3A, 0x20, 0xDB, 0xE7, 0xA9, 0x23, 0x20,
    0x09, 0xE8, 0xB9, 0x8E, 0xE7, 0x20, 0x09, 0xE8, 0x20, 0x7A, 0xE7, 0xF0,
    0xFB, 0x60, 0xA5, 0xEE, 0x10, 0x0D, 0xA9, 0x6C, 0x20, 0xD2, 0xE7, 0x20,
    0xE4, 0xE7, 0x90, 0x03, 0x20, 0xFB, 0xE0, 0x29, 0x04, 0x60, 0x48, 0x88,
    0x68, 0xA8, 0xA0, 0x0A, 0xD0, 0x02, 0xA0, 0x12, 0xA2, 0x0B, 0xB9, 0x4F,
    0xE8, 0x95, 0xF1, 0x88, 0xCA, 0xD0, 0xF7, 0x60, 0x20, 0xE4, 0xE7, 0xF0,
    0xFA, 0xC9, 0x12, 0xD0, 0x08, 0x20, 0x0D, 0xE0, 0x50, 0x52, 0x4F, 0x54,
    0x00, 0xC9, 0x16, 0xD0, 0x05, 0x20, 0x0D, 0xE0, 0x3F, 0x00, 0xC6, 0xF0,
    0xD0, 0xE1, 0x48, 0x20, 0x0D, 0xE0, 0x45, 0x52, 0x52, 0x4F, 0x52, 0x20,
    0xEA, 0x68, 0x20, 0x02, 0xF8, 0x00, 0x48, 0xA5, 0xEE, 0x6A, 0x68, 0x90,
    0x02, 0x49, 0xC0, 0x2C, 0x00, 0x0A, 0x30, 0xFB, 0x8D, 0x00, 0x0A, 0x60,
    0xAD, 0x00, 0x0A, 0x30, 0xFB, 0xAD, 0x01, 0x0A, 0x60, 0x20, 0xD2, 0xE7,
    0x18, 0x68, 0x69, 0x01, 0x85, 0xD5, 0x68, 0x69, 0x00, 0x85, 0xD6, 0xA5,
    0xEC, 0x20, 0x09, 0xE8, 0xA5, 0xED, 0x20, 0x09, 0xE8, 0xA5, 0xF1, 0x09,
    0x20, 0x48, 0xAD, 0x00, 0x0A, 0x29, 0x20, 0xD0, 0xF9, 0x68, 0x8D, 0x01,
    0x0A, 0x60, 0xA9, 0x0A, 0x85, 0xF0, 0x38, 0xA9, 0x0A, 0xE5, 0xED, 0xA4,
    0xCC, 0xD0, 0x06, 0xC5, 0xCB, 0x90, 0x02, 0xA5, 0xCB, 0x85, 0xF1, 0x38,
    0xA5, 0xCB, 0xE5, 0xF1, 0x85, 0xCB, 0xB0, 0x02, 0xC6, 0xCC, 0xA5, 0xF1,
    0x60, 0x85, 0xED, 0xA5, 0xF6, 0x85, 0xC9, 0xA5, 0xF7, 0x85, 0xCA, 0xE6,
    0xEC, 0x60, 0xA5, 0xC9, 0x85, 0xF6, 0xA5, 0xCA, 0x85, 0xF7, 0x60, 0xAD,
    0x04, 0x0A, 0x8D, 0xFF, 0x1F, 0x68, 0x40, 0x4C, 0xF5, 0x00, 0xAD, 0xFF,
    0x1F, 0x8D, 0x04, 0x0A, 0x68, 0x40, 0x35, 0x0D, 0x14, 0x05, 0xCA, 0xEA,
    0x35, 0x10, 0xFF, 0xFF, 0x00, 0xEA, 0x35, 0x18, 0xFF, 0xFF, 0x00, 0xEA,
    0x3A, 0x17, 0xC1, 0xEA, 0x69, 0x00, 0xEA, 0xAD, 0x00, 0x0A, 0x29, 0x04,
    0xF0, 0x09, 0xE6, 0xF6, 0xD0, 0x02, 0xE6, 0xF7, 0x4C, 0xF2, 0x00, 0x8A,
    0x48, 0x98, 0x48, 0xD8, 0x20, 0x99, 0xE8, 0x68, 0xA8, 0x68, 0xAA, 0x68,
    0x40, 0x6C, 0xD5, 0x00, 0xA0, 0x00, 0x48, 0xD8, 0x98, 0xD0, 0x0F, 0x18,
    0x69, 0x20, 0xF0, 0x08, 0xA8, 0x20, 0x9E, 0xE8, 0xD0, 0xF5, 0xA6, 0xC6,
    0x68, 0x60, 0x20, 0x7C, 0xEA, 0xB0, 0xF7, 0xC4, 0xB9, 0xD0, 0x06, 0x20,
    0x52, 0xE3, 0x4A, 0x85, 0xB9, 0xC4, 0xBA, 0xD0, 0x05, 0x20, 0x56, 0xE3,
    0x85, 0xBA, 0xB9, 0x17, 0x22, 0x29, 0x60, 0xF0, 0x35, 0x20, 0x12, 0xE9,
    0xB9, 0x17, 0x22, 0x29, 0x20, 0xF0, 0x25, 0xA6, 0xC4, 0xB9, 0x14, 0x22,
    0x9D, 0x0C, 0x21, 0xB9, 0x15, 0x22, 0x9D, 0x0D, 0x21, 0xB9, 0x16, 0x22,
    0x0A, 0x0A, 0x0A, 0x0A, 0x5D, 0x0E, 0x21, 0x29, 0xF0, 0x5D, 0x0E, 0x21,
    0x9D, 0x0E, 0x21, 0x20, 0x4A, 0xE7, 0xA4, 0xC2, 0x20, 0x76, 0xEB, 0x20,
    0x00, 0xE5, 0xB9, 0x1B, 0x22, 0x49, 0xFF, 0x25, 0xC0, 0x85, 0xC0, 0x4C,
    0xAE, 0xE8, 0x20, 0x3E, 0xE9, 0xA2, 0x07, 0xB9, 0x0C, 0x22, 0x95, 0xA4,
    0x88, 0x88, 0xCA, 0xD0, 0xF6, 0x20, 0x5D, 0xE1, 0x90, 0x34, 0x84, 0xC4,
    0xB9, 0x0E, 0x21, 0xBE, 0x0F, 0x21, 0xA4, 0xC2, 0x59, 0x0D, 0x22, 0x29,
    0x0F, 0xD0, 0x23, 0x8A, 0xD9, 0x0F, 0x22, 0xD0, 0x1D, 0x60, 0xA5, 0xEE,
    0x85, 0xC7, 0xA5, 0xAC, 0x85, 0xC8, 0xB9, 0x0E, 0x22, 0x29, 0x7F, 0x85,
    0xAC, 0xB9, 0x17, 0x22, 0x4C, 0x3F, 0xE4, 0xD8, 0x98, 0x48, 0x86, 0xC6,
    0x08, 0xB5, 0x00, 0x85, 0x9A, 0xB5, 0x01, 0x85, 0x9B, 0x20, 0x75, 0xE0,
    0x20, 0x5D, 0xE1, 0xB0, 0x1F, 0x28, 0x90, 0x05, 0xA0, 0x00, 0x4C, 0x51,
    0xEA, 0xA9, 0x00, 0xA2, 0x08, 0x95, 0x9B, 0xCA, 0xD0, 0xFB, 0xA9, 0x40,
    0x85, 0xA3, 0xA2, 0x9A, 0x20, 0x1A, 0xE6, 0xA6, 0xC6, 0x18, 0x90, 0xD0,
    0x84, 0xC3, 0xA9, 0x00, 0x85, 0xC2, 0xA0, 0xA0, 0xA9, 0x08, 0x24, 0xC0,
    0xF0, 0x28, 0x48, 0x84, 0xC4, 0xA6, 0xC3, 0xA9, 0x08, 0x85, 0xC5, 0xB9,
    0x00, 0x22, 0xDD, 0x08, 0x20, 0xD0, 0x1E, 0xC8, 0xB9, 0x00, 0x22, 0xDD,
    0x08, 0x21, 0xD0, 0x15, 0xC8, 0xE8, 0xC6, 0xC5, 0xD0, 0xE9, 0xA4, 0xC4,
    0xA6, 0xC6, 0x20, 0x9E, 0xE8, 0x68, 0x84, 0xC2, 0x85, 0xC1, 0x4C, 0xC8,
    0xE9, 0xA4, 0xC4, 0x68, 0x48, 0x98, 0x38, 0xE9, 0x20, 0xA8, 0x68, 0x0A,
    0xD0, 0xC0, 0xA4, 0xC2, 0xF0, 0xB5, 0xA6, 0xC3, 0xA9, 0x08, 0x85, 0xC5,
    0xBD, 0x08, 0x20, 0x99, 0x00, 0x22, 0xC8, 0xBD, 0x08, 0x21, 0x99, 0x00,
    0x22, 0xC8, 0xE8, 0xC6, 0xC5, 0xD0, 0xED, 0xA2, 0x10, 0xA9, 0x00, 0x99,
    0x00, 0x22, 0xC8, 0xCA, 0xD0, 0xF9, 0xA5, 0xC2, 0xA8, 0x20, 0xFA, 0xE0,
    0x69, 0x22, 0x99, 0x13, 0x22, 0xA5, 0xC1, 0x99, 0x1B, 0x22, 0x05, 0xC0,
    0x85, 0xC0, 0xB9, 0x09, 0x22, 0x69, 0xFF, 0xB9, 0x0B, 0x22, 0x69, 0x00,
    0x99, 0x19, 0x22, 0xB9, 0x0D, 0x22, 0x09, 0x0F, 0x69, 0x00, 0x20, 0xFB,
    0xE0, 0x99, 0x1A, 0x22, 0x28, 0x90, 0x2F, 0xB9, 0x09, 0x22, 0x99, 0x14,
    0x22, 0xB9, 0x0B, 0x22, 0x99, 0x15, 0x22, 0xB9, 0x0D, 0x22, 0x20, 0xFB,
    0xE0, 0x99, 0x16, 0x22, 0xA5, 0xEE, 0x29, 0x0F, 0x19, 0x17, 0x22, 0x99,
    0x17, 0x22, 0x20, 0xD1, 0xEA, 0xA5, 0xCD, 0x85, 0xAC, 0x84, 0xC3, 0xA6,
    0xC6, 0x68, 0xA8, 0xA5, 0xC3, 0x60, 0xA9, 0x20, 0x99, 0x17, 0x22, 0xD0,
    0xDF, 0x48, 0x84, 0xC2, 0x0A, 0x0A, 0x65, 0xC2, 0xA8, 0xB9, 0x10, 0x22,
    0x95, 0x00, 0xB9, 0x11, 0x22, 0x95, 0x01, 0xB9, 0x12, 0x22, 0x95, 0x02,
    0xA4, 0xC2, 0x68, 0x60, 0x48, 0x86, 0xC6, 0x98, 0x29, 0xE0, 0x85, 0xC2,
    0xF0, 0x11, 0x20, 0xFA, 0xE0, 0xA8, 0xA9, 0x00, 0x38, 0x6A, 0x88, 0xD0,
    0xFC, 0xA4, 0xC2, 0x24, 0xC0, 0xD0, 0x03, 0x68, 0x38, 0x60, 0x68, 0x18,
    0x60, 0xA2, 0x20, 0x8A, 0x18, 0x79, 0x00, 0x22, 0xC8, 0xCA, 0xD0, 0xF9,
    0x69, 0x00, 0xA4, 0xC2, 0x60, 0x20, 0x9D, 0xEA, 0xC9, 0xFF, 0xF0, 0xE8,
    0x00, 0x18, 0xB9, 0x0F, 0x22, 0x79, 0x11, 0x22, 0x85, 0xA3, 0x99, 0x1C,
    0x22, 0xB9, 0x0D, 0x22, 0x29, 0x0F, 0x79, 0x12, 0x22, 0x85, 0xA2, 0x99,
    0x1D, 0x22, 0x20, 0x65, 0xEB, 0xA9, 0xFF, 0x99, 0x1F, 0x22, 0x20, 0x9D,
    0xEA, 0x49, 0xFF, 0x99, 0x1F, 0x22, 0x60, 0x18, 0x79, 0x1F, 0x22, 0x69,
    0x00, 0xD0, 0xF4, 0x20, 0xE6, 0xFF, 0xC9, 0x04, 0xF0, 0x22, 0x18, 0x60,
    0xD8, 0x98, 0xF0, 0xF3, 0x20, 0x7C, 0xEA, 0xB0, 0x3B, 0x98, 0x20, 0xFA,
    0xEC, 0xD0, 0x15, 0xB9, 0x17, 0x22, 0x29, 0x10, 0xD0, 0x4F, 0xA9, 0x10,
    0x20, 0x67, 0xEB, 0x20, 0xD1, 0xEA, 0xA6, 0xC6, 0xA9, 0xFF, 0x38, 0x60,
    0xB9, 0x17, 0x22, 0x30, 0x10, 0x20, 0xAD, 0xEA, 0x20, 0x3E, 0xE9, 0x20,
    0x76, 0xEB, 0x38, 0x20, 0x7E, 0xEB, 0x20, 0x00, 0xE5, 0xB9, 0x10, 0x22,
    0x85, 0x9A, 0xB9, 0x13, 0x22, 0x85, 0x9B, 0xA0, 0x00, 0xB1, 0x9A, 0x48,
    0xA4, 0xC2, 0xA9, 0xFE, 0x20, 0xDF, 0xEA, 0xA6, 0x9A, 0xE8, 0x8A, 0x99,
    0x10, 0x22, 0xD0, 0x19, 0x18, 0xB9, 0x11, 0x22, 0x69, 0x01, 0x99, 0x11,
    0x22, 0xB9, 0x12, 0x22, 0x69, 0x00, 0x99, 0x12, 0x22, 0x20, 0x6C, 0xEB,
    0xA9, 0x80, 0x20, 0xDF, 0xEA, 0x18, 0x4C, 0xAE, 0xE8, 0xA9, 0x80, 0x19,
    0x17, 0x22, 0xD0, 0x05, 0xA9, 0x7F, 0x39, 0x17, 0x22, 0x99, 0x17, 0x22,
    0x18, 0x60, 0xB9, 0x17, 0x22, 0x29, 0x40, 0xF0, 0x3A, 0x18, 0x08, 0x20,
    0x5B, 0xE7, 0xA4, 0xC2, 0xB9, 0x13, 0x22, 0x85, 0x9D, 0xA9, 0x00, 0x85,
    0x9C, 0x85, 0xA0, 0xA9, 0x01, 0x85, 0xA1, 0x28, 0xB0, 0x16, 0xB9, 0x1C,
    0x22, 0x85, 0xA3, 0xB9, 0x1D, 0x22, 0x85, 0xA2, 0x20, 0xB0, 0xE6, 0xA4,
    0xC2, 0xA9, 0xBF, 0x20, 0x6E, 0xEB, 0x90, 0x06, 0x20, 0xB5, 0xEA, 0x20,
    0xA3, 0xE4, 0x20, 0x26, 0xE2, 0xA4, 0xC2, 0x60, 0x68, 0x4C, 0xE9, 0xFF,
    0xD8, 0x48, 0x98, 0xF0, 0xF7, 0x20, 0x7C, 0xEA, 0xB0, 0x59, 0x20, 0xAD,
    0xEA, 0xB9, 0x0E, 0x22, 0x30, 0xBC, 0x20, 0x3E, 0xE9, 0x98, 0x18, 0x69,
    0x04, 0x20, 0xFA, 0xEC, 0xD0, 0x51, 0x20, 0x15, 0xE9, 0xA6, 0xC4, 0x38,
    0xBD, 0x07, 0x21, 0xFD, 0x0F, 0x21, 0x48, 0xBD, 0x06, 0x21, 0xFD, 0x0E,
    0x21, 0x29, 0x0F, 0x85, 0xC3, 0x0A, 0x0A, 0x0A, 0x0A, 0x5D, 0x0E, 0x21,
    0x29, 0xF0, 0x5D, 0x0E, 0x21, 0xDD, 0x0E, 0x21, 0x9D, 0x0E, 0x21, 0xD0,
    0x0D, 0x68, 0xDD, 0x0D, 0x21, 0xD0, 0x08, 0x20, 0x00, 0xE5, 0x20, 0x9E,
    0xE8, 0x00, 0x68, 0x9D, 0x0D, 0x21, 0x99, 0x19, 0x22, 0xA5, 0xC3, 0x99,
    0x1A, 0x22, 0xA9, 0x00, 0x9D, 0x0C, 0x21, 0x20, 0x4A, 0xE7, 0x20, 0x26,
    0xE2, 0xA4, 0xC2, 0xB9, 0x17, 0x22, 0x30, 0x17, 0x20, 0x76, 0xEB, 0xB9,
    0x14, 0x22, 0xD0, 0x0B, 0x98, 0x20, 0xFA, 0xEC, 0xD0, 0x05, 0x20, 0xB5,
    0xEA, 0xD0, 0x04, 0x38, 0x20, 0x7E, 0xEB, 0xB9, 0x10, 0x22, 0x85, 0x9A,
    0xB9, 0x13, 0x22, 0x85, 0x9B, 0x68, 0xA0, 0x00, 0x91, 0x9A, 0x48, 0xA4,
    0xC2, 0xA9, 0x40, 0x20, 0x67, 0xEB, 0xE6, 0x9A, 0xA5, 0x9A, 0x99, 0x10,
    0x22, 0xD0, 0x13, 0x20, 0x6C, 0xEB, 0xB9, 0x11, 0x22, 0x69, 0x01, 0x99,
    0x11, 0x22, 0xB9, 0x12, 0x22, 0x69, 0x00, 0x99, 0x12, 0x22, 0x98, 0x20,
    0xFA, 0xEC, 0x90, 0x17, 0xA9, 0x20, 0x20, 0x67, 0xEB, 0xB9, 0x10, 0x22,
    0x99, 0x14, 0x22, 0xB9, 0x11, 0x22, 0x99, 0x15, 0x22, 0xB9, 0x12, 0x22,
    0x99, 0x16, 0x22, 0x20, 0xD1, 0xEA, 0x20, 0x00, 0xE5, 0x4C, 0x61, 0xEB,
    0x48, 0x20, 0x7C, 0xEA, 0xB0, 0xD0, 0x20, 0xAD, 0xEA, 0xA6, 0xC6, 0x20,
    0x04, 0xE1, 0x20, 0x12, 0xED, 0x90, 0x63, 0xA4, 0xC2, 0x20, 0x12, 0xED,
    0xB0, 0x07, 0xA9, 0xFF, 0x20, 0xBC, 0xEB, 0xD0, 0xF4, 0xB5, 0x00, 0x99,
    0x10, 0x22, 0xB5, 0x01, 0x99, 0x11, 0x22, 0xB5, 0x02, 0x99, 0x12, 0x22,
    0xA9, 0x6F, 0x20, 0x6E, 0xEB, 0xB9, 0x0F, 0x22, 0x79, 0x11, 0x22, 0x85,
    0xC5, 0xB9, 0x0D, 0x22, 0x29, 0x0F, 0x79, 0x12, 0x22, 0xD9, 0x1D, 0x22,
    0xD0, 0x0A, 0xA5, 0xC5, 0xD9, 0x1C, 0x22, 0xD0, 0x03, 0x20, 0x65, 0xEB,
    0x20, 0xD1, 0xEA, 0x4C, 0x61, 0xEB, 0xAA, 0xB9, 0x12, 0x22, 0xDD, 0x16,
    0x22, 0xD0, 0x0E, 0xB9, 0x11, 0x22, 0xDD, 0x15, 0x22, 0xD0, 0x06, 0xB9,
    0x10, 0x22, 0xDD, 0x14, 0x22, 0x60, 0xB9, 0x14, 0x22, 0xD5, 0x00, 0xB9,
    0x15, 0x22, 0xF5, 0x01, 0xB9, 0x16, 0x22, 0xF5, 0x02, 0x60, 0x08, 0xD8,
    0x86, 0xE4, 0x84, 0xE5, 0x2C, 0x02, 0xB0, 0x50, 0x05, 0x20, 0x71, 0xFE,
    0x90, 0xF6, 0x20, 0x8A, 0xFB, 0x20, 0x71, 0xFE, 0xB0, 0xFB, 0x20, 0x71,
    0xFE, 0xB0, 0xF6, 0x98, 0xA2, 0x17, 0x20, 0xC5, 0xFE, 0xBD, 0x48, 0xED,
    0x85, 0xE2, 0xBD, 0x55, 0xED, 0x85, 0xE3, 0x98, 0x6C, 0xE2, 0x00, 0xDF,
    0xD2, 0x9A, 0x88, 0xE2, 0x81, 0xC0, 0xDF, 0xD8, 0xD6, 0xC8, 0xC6, 0xC2,
    0xFD, 0xFD, 0xFD, 0xED, 0xFD, 0xED, 0xFD, 0xFD, 0xFD, 0xFD, 0xFD, 0xFD,
    0xFD, 0xA9, 0x0B, 0xD0, 0x0A, 0xA9, 0x08, 0xD0, 0x06, 0xA9, 0x09, 0xD0,
    0x02, 0xA9, 0x0A, 0x20, 0x97, 0xED, 0x4C, 0x22, 0xED, 0xA0, 0x00, 0xB1,
    0xD2, 0x4C, 0x60, 0xFE, 0x29, 0x05, 0x2E, 0x01, 0xB0, 0x2A, 0x20, 0x1F,
    0xEE, 0x4C, 0x28, 0xED, 0x20, 0xFB, 0xFE, 0x08, 0x48, 0xD8, 0x84, 0xE9,
    0x20, 0x1F, 0xEE, 0x68, 0xA4, 0xE9, 0x28, 0x60, 0x68, 0x68, 0x60, 0x88,
    0x10, 0x14, 0xA0, 0x27, 0xA5, 0xCE, 0xC9, 0x18, 0xB0, 0xF2, 0xE6, 0xCE,
    0xA5, 0xCF, 0xE9, 0x27, 0x85, 0xCF, 0xB0, 0x02, 0xC6, 0xD0, 0x60, 0xC6,
    0xCE, 0x60, 0xA0, 0x28, 0x20, 0xF6, 0xED, 0xA5, 0xD2, 0x85, 0xCF, 0xA5,
    0xD4, 0x85, 0xD0, 0xA5, 0xCE, 0xD0, 0xEC, 0xA0, 0x0D, 0x8C, 0x00, 0x08,
    0xA5, 0xCF, 0x38, 0xE9, 0xC0, 0x8D, 0x01, 0x08, 0x88, 0x8C, 0x00, 0x08,
    0xA5, 0xD0, 0xE9, 0x03, 0x8D, 0x01, 0x08, 0xA0, 0x27, 0xA9, 0x20, 0x20,
    0x0B, 0xEE, 0x88, 0x10, 0xFA, 0x60, 0x48, 0x18, 0x98, 0x65, 0xCF, 0x85,
    0xD2, 0xA5, 0xD0, 0x69, 0x00, 0x85, 0xD4, 0x29, 0x07, 0x09, 0x04, 0x85,
    0xD3, 0x68, 0x60, 0x20, 0xF6, 0xED, 0x84, 0xD4, 0xA0, 0x00, 0x91, 0xD2,
    0xA4, 0xD4, 0x60, 0x18, 0x08, 0x06, 0xD1, 0x28, 0x66, 0xD1, 0x60, 0xC9,
    0x06, 0xF0, 0xF4, 0xC9, 0x15, 0xF0, 0xF1, 0xA4, 0xD1, 0x30, 0x2D, 0xC9,
    0x20, 0x90, 0x34, 0xC9, 0x7F, 0xF0, 0x26, 0x20, 0x0B, 0xEE, 0xC8, 0xC0,
    0x28, 0x90, 0x05, 0x20, 0xC2, 0xED, 0xA0, 0x00, 0x20, 0xF6, 0xED, 0x84,
    0xD1, 0xA0, 0x0F, 0x8C, 0x00, 0x08, 0xA5, 0xD2, 0x8D, 0x01, 0x08, 0x88,
    0x8C, 0x00, 0x08, 0xA4, 0xD4, 0x8C, 0x01, 0x08, 0x60, 0x20, 0xA7, 0xED,
    0xA9, 0x20, 0x20, 0x0B, 0xEE, 0x10, 0xDD, 0xC9, 0x0D, 0xF0, 0xD7, 0xC9,
    0x0A, 0xF0, 0x20, 0xC9, 0x0C, 0xF0, 0x3B, 0xC9, 0x08, 0xF0, 0x12, 0xC9,
    0x1E, 0xF0, 0x1C, 0xC9, 0x0B, 0xF0, 0x29, 0xC9, 0x07, 0xF0, 0x5B, 0xC9,
    0x09, 0xD0, 0xB0, 0xB0, 0xB1, 0x20, 0xA7, 0xED, 0x4C, 0x40, 0xEE, 0x20,
    0xC2, 0xED, 0xA4, 0xD1, 0x4C, 0x40, 0xEE, 0xA9, 0x18, 0xA4, 0xCE, 0x85,
    0xCE, 0xC0, 0x18, 0xB0, 0xA1, 0xC8, 0x20, 0xB4, 0xED, 0x4C, 0x99, 0xEE,
    0x20, 0xAC, 0xED, 0x4C, 0x40, 0xEE, 0xA9, 0x20, 0xA0, 0x00, 0x99, 0x00,
    0x04, 0x99, 0x00, 0x05, 0x99, 0x00, 0x06, 0x99, 0x00, 0x07, 0xC8, 0xD0,
    0xF1, 0x84, 0xCF, 0x84, 0xD1, 0xA0, 0x0D, 0x8C, 0x00, 0x08, 0xB9, 0x1C,
    0xEF, 0x8D, 0x01, 0x08, 0x88, 0x10, 0xF4, 0xA9, 0x18, 0x85, 0xCE, 0xA9,
    0x04, 0x85, 0xD0, 0x4C, 0x3E, 0xEE, 0x86, 0xD2, 0x20, 0x1A, 0xFD, 0xA6,
    0xD2, 0x60, 0xA2, 0x0C, 0xBD, 0x1E, 0xEF, 0x9D, 0x00, 0x02, 0xE8, 0xE0,
    0x1C, 0xD0, 0xF5, 0xA9, 0x7B, 0x8D, 0x00, 0x02, 0xA9, 0xE8, 0x8D, 0x01,
    0x02, 0xA9, 0xE5, 0x8D, 0x06, 0x02, 0xA9, 0xE3, 0x8D, 0x07, 0x02, 0xA9,
    0x20, 0x85, 0xCD, 0x85, 0xAC, 0xA0, 0x00, 0x84, 0xEE, 0x84, 0xC0, 0x84,
    0xB9, 0x84, 0xBA, 0xA2, 0x04, 0x20, 0x13, 0xE7, 0xCA, 0xD0, 0xFA, 0x60,
    0x3F, 0x28, 0x33, 0x44, 0x1E, 0x02, 0x19, 0x1B, 0x03, 0x12, 0x72, 0x13,
    0x04, 0x00, 0x77, 0xE4, 0x13, 0xE6, 0x61, 0xEA, 0xA0, 0xEC, 0xF0, 0xEA,
    0xBC, 0xEB, 0x53, 0xE9, 0x9E, 0xE8, 0x49, 0x43, 0x45, 0x53, 0x2E, 0x0D,
    0x00, 0x20, 0x53, 0x43, 0x52, 0x41, 0x20, 0x2A, 0x20, 0x24, 0x30, 0x34,
    0x30, 0x30, 0x0D, 0x00, 0x30, 0x53, 0x43, 0x52, 0x42, 0x20, 0x2A, 0x20,
    0x24, 0x30, 0x35, 0x30, 0x30, 0x0D, 0x00, 0x40, 0x53, 0x43, 0x52, 0x43,
    0x20, 0x2A, 0x20, 0x24, 0x30, 0x36, 0x30, 0x30, 0x0D, 0x00, 0x50, 0x53,
    0x43, 0x52, 0x44, 0x20, 0x2A, 0x20, 0x24, 0x30, 0x37, 0x30, 0x30, 0x0D,
    0x00, 0x60, 0x48, 0x53, 0x59, 0x4E, 0x43, 0x20, 0x2A, 0x20, 0x24, 0x33,
    0x33, 0x0D, 0x00, 0x70, 0x4B, 0x42, 0x49, 0x4E, 0x20, 0x50, 0x48, 0x50,
    0x0D, 0x00, 0x80, 0x20, 0x43, 0x4C, 0x44, 0x0D, 0x00, 0x90, 0x20, 0x53,
    0x54, 0x58, 0x20, 0x24, 0x30, 0x30, 0x45, 0x34, 0x0D, 0x01, 0x00, 0x20,
    0x53, 0x54, 0x59, 0x20, 0x24, 0x30, 0x30, 0x45, 0x35, 0x0D, 0x01, 0x10,
    0x46, 0x49, 0x4E, 0x44, 0x4B, 0x59, 0x20, 0x42, 0x49, 0x54, 0x20, 0x24,
    0x42, 0x30, 0x30, 0x32, 0x0D, 0x01, 0x20, 0x20, 0x42, 0x56, 0x43, 0x20,
    0x52, 0x45, 0x50, 0x54, 0x54, 0x54, 0x0D, 0x01, 0x30, 0x4E, 0x4F, 0x52,
    0x45, 0x50, 0x54, 0x20, 0x4A, 0x53, 0x52, 0x20, 0x24, 0x46, 0x45, 0x37,
    0x31, 0x0D, 0x01, 0x40, 0x20, 0x42, 0x43, 0x43, 0x20, 0x46, 0x49, 0x4E,
    0x44, 0x4B, 0x59, 0x0D, 0x00, 0x00, 0x00, 0x00, 0x40, 0x40, 0x40, 0x40,
    0x50, 0x4C, 0x4F, 0x54, 0xF5, 0x4E, 0x44, 0x52, 0x41, 0x57, 0xF5, 0x42,
    0x4D, 0x4F, 0x56, 0x45, 0xF5, 0x46, 0x43, 0x4C, 0x45, 0x41, 0x52, 0xF6,
    0x7B, 0x44, 0x49, 0x4D, 0xF0, 0xAE, 0x5B, 0xF2, 0xA1, 0x4F, 0x4C, 0x44,
    0xF5, 0x31, 0x57, 0x41, 0x49, 0x54, 0xF1, 0x4C, 0xC5, 0x50, 0xA4, 0x5E,
    0xB1, 0x05, 0xC9, 0x40, 0x90, 0x12, 0xC9, 0x5B, 0xB0, 0x0E, 0xC8, 0xD1,
    0x05, 0xD0, 0x09, 0x20, 0x8B, 0xF0, 0x20, 0x4F, 0xC9, 0x4C, 0x62, 0xC9,
    0x4C, 0x24, 0xCA, 0xA2, 0xFF, 0xA4, 0x5E, 0xC6, 0x5E, 0xB1, 0x05, 0xC9,
    0x40, 0x90, 0x09, 0xC9, 0x5B, 0xB0, 0x05, 0xC8, 0xD1, 0x05, 0xF0, 0x25,
    0xA4, 0x5E, 0xE8, 0xC8, 0xBD, 0x00, 0xF0, 0x30, 0x0C, 0xD1, 0x05, 0xF0,
    0xF5, 0xE8, 0xBD, 0xFF, 0xEF, 0x10, 0xFA, 0xD0, 0xEB, 0x85, 0x53, 0xBD,
    0x01, 0xF0, 0x85, 0x52, 0x84, 0x03, 0xA6, 0x04, 0xE6, 0x5E, 0x6C, 0x52,
    0x00, 0x20, 0x8B, 0xF0, 0x4C, 0xF1, 0xC3, 0xC8, 0x84, 0x03, 0xE9, 0x40,
    0x48, 0x20, 0xBC, 0xC8, 0x68, 0xA8, 0xB5, 0x15, 0x0A, 0x36, 0x24, 0x0A,
    0x36, 0x24, 0x18, 0x79, 0xEB, 0x02, 0x95, 0x15, 0xB5, 0x24, 0x79, 0x06,
    0x03, 0x95, 0x24, 0xB0, 0xD7, 0x60, 0xA5, 0x01, 0x05, 0x02, 0xF0, 0x22,
    0x20, 0x34, 0xC4, 0x90, 0x1E, 0x20, 0xBC, 0xC8, 0xCA, 0xCA, 0x86, 0x04,
    0xB4, 0x16, 0x38, 0xA5, 0x23, 0x99, 0x21, 0x03, 0x75, 0x17, 0x85, 0x23,
    0xA5, 0x24, 0x99, 0x3C, 0x03, 0x75, 0x26, 0x4C, 0x19, 0xF1, 0x00, 0xA4,
    0x03, 0xB1, 0x05, 0xC9, 0x40, 0x90, 0xF7, 0xC9, 0x5B, 0xB0, 0xF3, 0xC8,
    0xD1, 0x05, 0xD0, 0xEE, 0xE9, 0x40, 0x48, 0xC8, 0x84, 0x03, 0x20, 0xBC,
    0xC8, 0x68, 0xA8, 0xA5, 0x23, 0x99, 0xEB, 0x02, 0xA5, 0x24, 0x99, 0x06,
    0x03, 0xCA, 0x86, 0x04, 0xB4, 0x16, 0xC8, 0xD0, 0x02, 0xF6, 0x25, 0x98,
    0x0A, 0x36, 0x25, 0x0A, 0x36, 0x25, 0x18, 0x65, 0x23, 0x85, 0x23, 0xB5,
    0x25, 0x65, 0x24, 0xB0, 0xBD, 0x85, 0x24, 0xA0, 0x00, 0xA9, 0xAA, 0x91,
    0x23, 0xD1, 0x23, 0xD0, 0xF7, 0x4A, 0x91, 0x23, 0xD1, 0x23, 0xD0, 0xF0,
    0x20, 0x34, 0xC4, 0xB0, 0xA5, 0xA4, 0x03, 0xB1, 0x05, 0xC9, 0x2C, 0xD0,
    0x05, 0xE6, 0x03, 0x4C, 0xAE, 0xF0, 0x4C, 0x58, 0xC5, 0xA5, 0x0D, 0x85,
    0x23, 0xA5, 0x0E, 0x85, 0x24, 0x4C, 0x83, 0xCE, 0x20, 0xE4, 0xC4, 0x20,
    0x66, 0xFE, 0x4C, 0x5B, 0xC5, 0x1C, 0x8A, 0x1C, 0x23, 0x5D, 0x8B, 0x1B,
    0xA1, 0x9D, 0x8A, 0x1D, 0x23, 0x9D, 0x8B, 0x1D, 0xA1, 0x00, 0x29, 0x19,
    0xAE, 0x69, 0xA8, 0x19, 0x23, 0x24, 0x53, 0x1B, 0x23, 0x24, 0x53, 0x19,
    0xA1, 0x00, 0x1A, 0x5B, 0x5B, 0xA5, 0x69, 0x24, 0x24, 0xAE, 0xAE, 0xA8,
    0xAD, 0x29, 0x00, 0x7C, 0x00, 0x15, 0x9C, 0x6D, 0x9C, 0xA5, 0x69, 0x29,
    0x53, 0x84, 0x13, 0x34, 0x11, 0xA5, 0x69, 0x23, 0xA0, 0xD8, 0x62, 0x5A,
    0x48, 0x26, 0x62, 0x94, 0x88, 0x54, 0x44, 0xC8, 0x54, 0x68, 0x44, 0xE8,
    0x94, 0x00, 0xB4, 0x08, 0x84, 0x74, 0xB4, 0x28, 0x6E, 0x74, 0xF4, 0xCC,
    0x4A, 0x72, 0xF2, 0xA4, 0x8A, 0x00, 0xAA, 0xA2, 0xA2, 0x74, 0x74, 0x74,
    0x72, 0x44, 0x68, 0xB2, 0x32, 0xB2, 0x00, 0x22, 0x00, 0x1A, 0x1A, 0x26,
    0x26, 0x72, 0x72, 0x88, 0xC8, 0xC4, 0xCA, 0x26, 0x48, 0x44, 0x44, 0xA2,
    0xC8, 0x00, 0x02, 0x00, 0x08, 0xF2, 0xFF, 0x80, 0x01, 0xC0, 0xE2, 0xC0,
    0xC0, 0xFF, 0x00, 0x00, 0x08, 0x00, 0x10, 0x80, 0x40, 0xC0, 0x00, 0xC0,
    0x00, 0x40, 0x00, 0x00, 0xE4, 0x20, 0x80, 0x00, 0xFC, 0x00, 0x08, 0x08,
    0xF8, 0xFC, 0xF4, 0x0C, 0x10, 0x04, 0xF4, 0x00, 0x20, 0x10, 0x00, 0x00,
    0x0F, 0x01, 0x01, 0x01, 0x11, 0x11, 0x02, 0x02, 0x11, 0x11, 0x02, 0x12,
    0x02, 0x00, 0x08, 0x10, 0x18, 0x20, 0x28, 0x30, 0x38, 0x40, 0x48, 0x50,
    0x58, 0x60, 0x68, 0x70, 0x78, 0x80, 0x88, 0x90, 0x98, 0xA0, 0xA8, 0xB0,
    0xB8, 0xC0, 0xC8, 0xD0, 0xD8, 0xE0, 0xE8, 0xF0, 0xF8, 0x0C, 0x2C, 0x4C,
    0x4C, 0x8C, 0xAC, 0xCC, 0xEC, 0x8A, 0x9A, 0xAA, 0xBA, 0xCA, 0xDA, 0xEA,
    0xFA, 0x0E, 0x2E, 0x4E, 0x6E, 0x8E, 0xAE, 0xCE, 0xEE, 0x0D, 0x2D, 0x4D,
    0x6D, 0x8D, 0xAD, 0xCD, 0xED, 0x0D, 0x0D, 0x0C, 0x0D, 0x0E, 0x0D, 0x0C,
    0x0D, 0x0D, 0x0D, 0x0C, 0x0D, 0x0D, 0x0D, 0x0C, 0x0D, 0x0F, 0x0D, 0x0C,
    0x0D, 0x09, 0x0D, 0x0C, 0x0D, 0x08, 0x0D, 0x0C, 0x0D, 0x08, 0x0D, 0x0C,
    0x0D, 0x0F, 0x06, 0x0B, 0x0B, 0x04, 0x0A, 0x08, 0x08, 0x0D, 0x0D, 0x0D,
    0x0D, 0x0D, 0x0F, 0x0D, 0x0F, 0x07, 0x07, 0x07, 0x07, 0x05, 0x09, 0x03,
    0x03, 0x01, 0x01, 0x01, 0x01, 0x02, 0x01, 0x01, 0x01, 0xA4, 0x03, 0xB1,
    0x05, 0xE6, 0x03, 0xC9, 0x20, 0xF0, 0xF6, 0x60, 0xE6, 0x03, 0x4C, 0x1B,
    0xC3, 0xB1, 0x05, 0xC9, 0x5D, 0xF0, 0xF5, 0x20, 0xF6, 0xC4, 0xC6, 0x03,
    0x20, 0x8E, 0xF3, 0xC6, 0x03, 0xA5, 0x52, 0x48, 0xA5, 0x53, 0x48, 0xAD,
    0x21, 0x03, 0x48, 0xA9, 0x00, 0x85, 0x34, 0x85, 0x43, 0xA9, 0x05, 0x8D,
    0x21, 0x03, 0xA5, 0x01, 0x85, 0x16, 0xA5, 0x02, 0x85, 0x25, 0x20, 0x89,
    0xC5, 0x20, 0x79, 0xF3, 0x68, 0x8D, 0x21, 0x03, 0x68, 0x20, 0x7E, 0xF3,
    0x68, 0x20, 0x76, 0xF3, 0xA0, 0x00, 0xC4, 0x00, 0xF0, 0x09, 0xB9, 0x66,
    0x00, 0x20, 0x76, 0xF3, 0xC8, 0xD0, 0xF3, 0xC0, 0x03, 0xF0, 0x0C, 0x20,
    0x79, 0xF3, 0x20, 0x4C, 0xCA, 0x20, 0x4C, 0xCA, 0xC8, 0xD0, 0xF0, 0xA0,
    0x00, 0xB1, 0x05, 0xC9, 0x3B, 0xF0, 0x0A, 0xC9, 0x0D, 0xF0, 0x06, 0x20,
    0x4C, 0xCA, 0xC8, 0xD0, 0xF0, 0x20, 0x54, 0xCD, 0x20, 0xE4, 0xC4, 0x88,
    0xB1, 0x05, 0xC8, 0xC9, 0x3B, 0xF0, 0x0C, 0xA5, 0x06, 0xC9, 0x01, 0xD0,
    0x03, 0x4C, 0xCF, 0xC2, 0x20, 0x1D, 0xC5, 0x4C, 0xA1, 0xF2, 0x20, 0x91,
    0xF2, 0x85, 0x66, 0x20, 0x91, 0xF2, 0xC5, 0x66, 0xD0, 0x10, 0xC9, 0x40,
    0x90, 0x0C, 0xC9, 0x5B, 0xB0, 0x08, 0x38, 0x20, 0x8E, 0xF0, 0x20, 0xCB,
    0xC3, 0xA0, 0x00, 0xAD, 0x31, 0x03, 0x91, 0x52, 0xAD, 0x4C, 0x03, 0xC8,
    0x91, 0x52, 0xA9, 0x00, 0xC8, 0x91, 0x52, 0xC8, 0x91, 0x52, 0xD0, 0x36,
    0x20, 0x91, 0xF2, 0xC9, 0x3B, 0xF0, 0x04, 0xC9, 0x0D, 0xD0, 0xF5, 0xAD,
    0x31, 0x03, 0x85, 0x52, 0xAD, 0x4C, 0x03, 0x85, 0x53, 0x60, 0x20, 0x7E,
    0xF3, 0xA9, 0x20, 0x4C, 0x4C, 0xCA, 0xA2, 0xFF, 0x48, 0x4A, 0x4A, 0x4A,
    0x4A, 0x20, 0xF9, 0xC5, 0x68, 0x29, 0x0F, 0x4C, 0xF9, 0xC5, 0xA2, 0x00,
    0x86, 0x00, 0x86, 0x64, 0x86, 0x65, 0x20, 0x91, 0xF2, 0xC9, 0x3A, 0xF0,
    0x91, 0xC9, 0x3B, 0xF0, 0xCA, 0xC9, 0x0D, 0xF0, 0xC6, 0xC9, 0x5C, 0xF0,
    0xB7, 0xA0, 0x05, 0x38, 0x69, 0x00, 0x0A, 0x0A, 0x0A, 0x0A, 0x26, 0x6A,
    0x26, 0x69, 0x88, 0xD0, 0xF8, 0xE8, 0xE0, 0x03, 0xD0, 0xD8, 0x06, 0x6A,
    0x26, 0x69, 0xA2, 0x40, 0xA5, 0x69, 0xDD, 0x54, 0xF1, 0xF0, 0x04, 0xCA,
    0xD0, 0xF8, 0x00, 0xBC, 0x94, 0xF1, 0xC4, 0x6A, 0xD0, 0xF5, 0xBD, 0x10,
    0xF2, 0x85, 0x66, 0xBC, 0x50, 0xF2, 0x84, 0x0F, 0x66, 0x64, 0x66, 0x65,
    0x88, 0xD0, 0xF9, 0xA4, 0x0F, 0xC0, 0x0D, 0xD0, 0x05, 0xA2, 0x00, 0x4C,
    0x9B, 0xF4, 0x20, 0x91, 0xF2, 0xC9, 0x40, 0xF0, 0x5B, 0xC9, 0x28, 0xF0,
    0x65, 0xA2, 0x01, 0xC9, 0x41, 0xF0, 0xEC, 0xC6, 0x03, 0x20, 0x8B, 0xC7,
    0x20, 0x91, 0xF2, 0xC9, 0x2C, 0xD0, 0x31, 0x20, 0x91, 0xF2, 0xA4, 0x25,
    0xF0, 0x15, 0xA2, 0x09, 0xC9, 0x58, 0xF0, 0x7F, 0xCA, 0xC9, 0x59, 0xD0,
    0x79, 0xA5, 0x0F, 0xC9, 0x09, 0xD0, 0x74, 0xA2, 0x0E, 0xD0, 0x70, 0xA2,
    0x04, 0xC9, 0x58, 0xF0, 0x6A, 0xC9, 0x59, 0xD0, 0x65, 0xCA, 0xA4, 0x0F,
    0xC0, 0x03, 0xB0, 0x5F, 0xA2, 0x08, 0xD0, 0x5B, 0xC6, 0x03, 0xA2, 0x02,
    0xA4, 0x0F, 0xC0, 0x0C, 0xF0, 0x51, 0xA2, 0x05, 0xA5, 0x25, 0xF0, 0x4B,
    0xA2, 0x0C, 0xD0, 0x47, 0x20, 0x8B, 0xC7, 0xA5, 0x0F, 0xA2, 0x06, 0xC9,
    0x01, 0xF0, 0x3C, 0xE8, 0xD0, 0x39, 0x20, 0x8B, 0xC7, 0x20, 0x91, 0xF2,
    0xC9, 0x29, 0xF0, 0x16, 0xC9, 0x2C, 0xD0, 0x2A, 0x20, 0x91, 0xF2, 0xC9,
    0x58, 0xD0, 0x23, 0x20, 0x91, 0xF2, 0xC9, 0x29, 0xD0, 0x1C, 0xA2, 0x0B,
    0xD0, 0x19, 0xA2, 0x0D, 0xA5, 0x0F, 0xC9, 0x0B, 0xF0, 0x11, 0xA2, 0x0A,
    0x20, 0x91, 0xF2, 0xC9, 0x2C, 0xD0, 0x07, 0x20, 0x91, 0xF2, 0xC9, 0x59,
    0xF0, 0x01, 0x00, 0x20, 0x60, 0xF3, 0xBD, 0xD5, 0xF1, 0xF0, 0x04, 0x25,
    0x64, 0xD0, 0x07, 0xBD, 0xE4, 0xF1, 0x25, 0x65, 0xF0, 0xEC, 0x18, 0xBD,
    0xF3, 0xF1, 0x65, 0x66, 0x85, 0x66, 0xBD, 0x02, 0xF2, 0xA2, 0x00, 0x86,
    0x04, 0xA4, 0x16, 0x84, 0x67, 0xA4, 0x25, 0x84, 0x68, 0xC9, 0x0F, 0xF0,
    0x23, 0x29, 0x0F, 0xA8, 0xC8, 0x84, 0x00, 0xC0, 0x02, 0xD0, 0x04, 0xA4,
    0x68, 0xD0, 0xC3, 0xA0, 0x00, 0xB9, 0x66, 0x00, 0x91, 0x52, 0xC8, 0xEE,
    0x31, 0x03, 0xD0, 0x03, 0xEE, 0x4C, 0x03, 0xC4, 0x00, 0xD0, 0xEE, 0x60,
    0xA9, 0x02, 0x85, 0x00, 0x38, 0xA5, 0x67, 0xED, 0x31, 0x03, 0x85, 0x67,
    0xA5, 0x68, 0xED, 0x4C, 0x03, 0x85, 0x68, 0x38, 0xA5, 0x67, 0xE9, 0x02,
    0x85, 0x67, 0xA8, 0xA5, 0x68, 0xE9, 0x00, 0xF0, 0x1F, 0xC9, 0xFF, 0xF0,
    0x16, 0x20, 0xD1, 0xF7, 0x4F, 0x55, 0x54, 0x20, 0x4F, 0x46, 0x20, 0x52,
    0x41, 0x4E, 0x47, 0x45, 0x3A, 0x0A, 0x0D, 0x84, 0x67, 0x30, 0xB0, 0x98,
    0x30, 0xAD, 0x10, 0xE5, 0x98, 0x10, 0xA8, 0x30, 0xE0, 0x20, 0xE4, 0xC4,
    0x88, 0x84, 0x52, 0xA5, 0x12, 0x85, 0x53, 0x98, 0xC8, 0x91, 0x52, 0x4C,
    0x9B, 0xCD, 0xA2, 0x05, 0xD0, 0x02, 0xA2, 0x0C, 0x86, 0x16, 0xE6, 0x04,
    0xD0, 0x06, 0x20, 0xBC, 0xC8, 0x20, 0x31, 0xC2, 0x20, 0xBC, 0xC8, 0x20,
    0x31, 0xC2, 0x20, 0xBC, 0xC8, 0x20, 0xE4, 0xC4, 0xB5, 0x15, 0x85, 0x5C,
    0xB5, 0x24, 0x85, 0x5D, 0xB5, 0x14, 0x85, 0x5A, 0xB5, 0x23, 0x85, 0x5B,
    0xA2, 0x00, 0x86, 0x04, 0xA2, 0x03, 0xBD, 0xC1, 0x03, 0x95, 0x52, 0xCA,
    0x10, 0xF8, 0xA5, 0x16, 0x29, 0x04, 0xD0, 0x13, 0xA2, 0x02, 0x18, 0xB5,
    0x5A, 0x75, 0x52, 0x95, 0x5A, 0xB5, 0x5B, 0x75, 0x53, 0x95, 0x5B, 0xCA,
    0xCA, 0x10, 0xEF, 0xA2, 0x03, 0xB5, 0x5A, 0x9D, 0xC1, 0x03, 0xCA, 0x10,
    0xF8, 0xA5, 0x16, 0x29, 0x03, 0xF0, 0x0B, 0x85, 0x5E, 0xA5, 0x16, 0x29,
    0x08, 0xF0, 0x06, 0x20, 0x78, 0xF6, 0x4C, 0x5B, 0xC5, 0xA2, 0x02, 0x38,
    0xB5, 0x5A, 0xF5, 0x52, 0xB4, 0x52, 0x94, 0x5A, 0x95, 0x52, 0xB4, 0x53,
    0xB5, 0x5B, 0xF5, 0x53, 0x94, 0x5B, 0x95, 0x53, 0x95, 0x56, 0x10, 0x0D,
    0xA9, 0x00, 0x38, 0xF5, 0x52, 0x95, 0x52, 0xA9, 0x00, 0xF5, 0x53, 0x95,
    0x53, 0xCA, 0xCA, 0x10, 0xD6, 0xA5, 0x54, 0xC5, 0x52, 0xA5, 0x55, 0xE5,
    0x53, 0x90, 0x31, 0xA9, 0x00, 0xE5, 0x54, 0x85, 0x57, 0xA9, 0x00, 0xE5,
    0x55, 0x38, 0x6A, 0x85, 0x59, 0x66, 0x57, 0x20, 0x78, 0xF6, 0xA5, 0x5C,
    0xCD, 0xC3, 0x03, 0xD0, 0x0A, 0xA5, 0x5D, 0xCD, 0xC4, 0x03, 0xD0, 0x03,
    0x4C, 0x5B, 0xC5, 0x20, 0x55, 0xF6, 0xA5, 0x59, 0x30, 0xE5, 0x20, 0x44,
    0xF6, 0x4C, 0xFB, 0xF5, 0xA5, 0x53, 0x4A, 0x85, 0x59, 0xA5, 0x52, 0x6A,
    0x85, 0x57, 0x20, 0x78, 0xF6, 0xA5, 0x5A, 0xCD, 0xC1, 0x03, 0xD0, 0x07,
    0xA5, 0x5B, 0xCD, 0xC2, 0x03, 0xF0, 0xD5, 0x20, 0x44, 0xF6, 0xA5, 0x59,
    0x10, 0xE8, 0x20, 0x55, 0xF6, 0x4C, 0x26, 0xF6, 0x38, 0xA5, 0x57, 0xE5,
    0x54, 0x85, 0x57, 0xA5, 0x59, 0xE5, 0x55, 0x85, 0x59, 0xA2, 0x00, 0xF0,
    0x0F, 0x18, 0xA5, 0x57, 0x65, 0x52, 0x85, 0x57, 0xA5, 0x59, 0x65, 0x53,
    0x85, 0x59, 0xA2, 0x02, 0xB5, 0x56, 0x10, 0x09, 0xB5, 0x5A, 0xD0, 0x02,
    0xD6, 0x5B, 0xD6, 0x5A, 0x60, 0xF6, 0x5A, 0xD0, 0xFB, 0xF6, 0x5B, 0x60,
    0x6C, 0xFE, 0x03, 0x20, 0xC8, 0xC3, 0xA0, 0x00, 0xA5, 0x52, 0xF0, 0x3E,
    0xC9, 0x05, 0x90, 0x02, 0xA9, 0x04, 0xA2, 0x80, 0x86, 0x54, 0x84, 0x53,
    0x85, 0x52, 0xAA, 0xBD, 0xCE, 0xF6, 0xA6, 0x12, 0x10, 0x04, 0xC5, 0x12,
    0xB0, 0xE1, 0xAA, 0x98, 0x91, 0x53, 0x88, 0xD0, 0xFB, 0xE6, 0x54, 0xE4,
    0x54, 0xD0, 0xF5, 0xA4, 0x52, 0xB9, 0xD8, 0xF6, 0x8D, 0xFF, 0x03, 0xB9,
    0xD3, 0xF6, 0x8D, 0xFE, 0x03, 0xB9, 0xDD, 0xF6, 0x8D, 0x00, 0xB0, 0x4C,
    0x58, 0xC5, 0xA9, 0x40, 0x99, 0x00, 0x80, 0x99, 0x00, 0x81, 0x88, 0xD0,
    0xF7, 0xF0, 0xDC, 0x84, 0x86, 0x8C, 0x98, 0xE2, 0x3B, 0x54, 0x6D, 0xAA,
    0xF6, 0xF7, 0xF7, 0xF7, 0xF7, 0x00, 0x30, 0x70, 0xB0, 0xF0, 0xA5, 0x5B,
    0x05, 0x5D, 0xD0, 0x52, 0xA5, 0x5A, 0xC9, 0x40, 0xB0, 0x4C, 0x4A, 0x85,
    0x5F, 0xA9, 0x2F, 0x38, 0xE5, 0x5C, 0xC9, 0x30, 0xB0, 0x40, 0xA2, 0xFF,
    0x38, 0xE8, 0xE9, 0x03, 0xB0, 0xFB, 0x69, 0x03, 0x85, 0x61, 0x8A, 0x0A,
    0x0A, 0x0A, 0x0A, 0x0A, 0x05, 0x5F, 0x85, 0x5F, 0xA9, 0x80, 0x69, 0x00,
    0x85, 0x60, 0xA5, 0x5A, 0x4A, 0xA5, 0x61, 0x2A, 0xA8, 0xB9, 0xCB, 0xF7,
    0xA0, 0x00, 0xA6, 0x5E, 0xCA, 0xF0, 0x0F, 0xCA, 0xF0, 0x07, 0x49, 0xFF,
    0x31, 0x5F, 0x91, 0x5F, 0x60, 0x51, 0x5F, 0x91, 0x5F, 0x60, 0x11, 0x5F,
    0x91, 0x5F, 0x60, 0xA5, 0x5B, 0x05, 0x5D, 0xD0, 0xF9, 0xA5, 0x5A, 0x30,
    0xF5, 0x4A, 0x4A, 0x4A, 0x85, 0x5F, 0xA9, 0x3F, 0x38, 0xE5, 0x5C, 0xC9,
    0x40, 0x90, 0x32, 0x60, 0xA5, 0x5B, 0x05, 0x5D, 0xD0, 0xE0, 0xA5, 0x5A,
    0x30, 0xDC, 0x4A, 0x4A, 0x4A, 0x85, 0x5F, 0xA9, 0x5F, 0x38, 0xE5, 0x5C,
    0xC9, 0x60, 0x90, 0x19, 0x60, 0xA5, 0x5B, 0x05, 0x5D, 0xD0, 0xC7, 0xA5,
    0x5A, 0x30, 0xC3, 0x4A, 0x4A, 0x4A, 0x85, 0x5F, 0xA9, 0xBF, 0x38, 0xE5,
    0x5C, 0xC9, 0xC0, 0xB0, 0xB5, 0xA0, 0x00, 0x84, 0x60, 0x0A, 0x26, 0x60,
    0x0A, 0x26, 0x60, 0x0A, 0x26, 0x60, 0x0A, 0x26, 0x60, 0x65, 0x5F, 0x85,
    0x5F, 0xA5, 0x60, 0x69, 0x80, 0x85, 0x60, 0xA5, 0x5A, 0x29, 0x07, 0xA8,
    0xB9, 0xC9, 0xF7, 0x4C, 0x20, 0xF7, 0xA5, 0x5B, 0x05, 0x5D, 0xD0, 0xBC,
    0xA5, 0x5A, 0x4A, 0x4A, 0x4A, 0x85, 0x5F, 0xA9, 0xBF, 0x38, 0xE5, 0x5C,
    0xC9, 0xC0, 0xB0, 0xAC, 0xA0, 0x00, 0x84, 0x60, 0x0A, 0x26, 0x60, 0x10,
    0xC0, 0x80, 0x40, 0x20, 0x10, 0x08, 0x04, 0x02, 0x01, 0x68, 0x85, 0xE8,
    0x68, 0x85, 0xE9, 0xA0, 0x00, 0xE6, 0xE8, 0xD0, 0x02, 0xE6, 0xE9, 0xB1,
    0xE8, 0x30, 0x06, 0x20, 0xF4, 0xFF, 0x4C, 0xD7, 0xF7, 0x6C, 0xE8, 0x00,
    0xA2, 0xD4, 0x20, 0xF1, 0xF7, 0xB5, 0x01, 0x20, 0x02, 0xF8, 0xE8, 0xE8,
    0xB5, 0xFE, 0x20, 0x02, 0xF8, 0xA9, 0x20, 0x4C, 0xF4, 0xFF, 0x48, 0x4A,
    0x4A, 0x4A, 0x4A, 0x20, 0x0B, 0xF8, 0x68, 0x29, 0x0F, 0xC9, 0x0A, 0x90,
    0x02, 0x69, 0x06, 0x69, 0x30, 0x4C, 0xF4, 0xFF, 0x20, 0x76, 0xF8, 0xA2,
    0x00, 0xC9, 0x22, 0xF0, 0x06, 0xE8, 0xD0, 0x1B, 0x4C, 0x7D, 0xFA, 0xC8,
    0xB9, 0x00, 0x01, 0xC9, 0x0D, 0xF0, 0xF5, 0x9D, 0x40, 0x01, 0xE8, 0xC9,
    0x22, 0xD0, 0xF0, 0xC8, 0xB9, 0x00, 0x01, 0xC9, 0x22, 0xF0, 0xE8, 0xA9,
    0x0D, 0x9D, 0x3F, 0x01, 0xA9, 0x40, 0x85, 0xC9, 0xA9, 0x01, 0x85, 0xCA,
    0xA2, 0xC9, 0x60, 0xA0, 0x00, 0xB5, 0x00, 0x99, 0xC9, 0x00, 0xE8, 0xC8,
    0xC0, 0x0A, 0x90, 0xF5, 0xA0, 0xFF, 0xA9, 0x0D, 0xC8, 0xC0, 0x0E, 0xB0,
    0x07, 0xD1, 0xC9, 0xD0, 0xF7, 0xC0, 0x00, 0x60, 0x20, 0xD1, 0xF7, 0x4E,
    0x41, 0x4D, 0x45, 0xEA, 0x00, 0xC8, 0xB9, 0x00, 0x01, 0xC9, 0x20, 0xF0,
    0xF8, 0x60, 0xC9, 0x30, 0x90, 0x0F, 0xC9, 0x3A, 0x90, 0x08, 0xE9, 0x07,
    0x90, 0x07, 0xC9, 0x40, 0xB0, 0x02, 0x29, 0x0F, 0x60, 0x38, 0x60, 0xA9,
    0x00, 0x95, 0x00, 0x95, 0x01, 0x95, 0x02, 0x20, 0x76, 0xF8, 0xB9, 0x00,
    0x01, 0x20, 0x7E, 0xF8, 0xB0, 0x15, 0x0A, 0x0A, 0x0A, 0x0A, 0x94, 0x02,
    0xA0, 0x04, 0x0A, 0x36, 0x00, 0x36, 0x01, 0x88, 0xD0, 0xF8, 0xB4, 0x02,
    0xC8, 0xD0, 0xE3, 0xB5, 0x02, 0x60, 0x43, 0x41, 0x54, 0xFA, 0x2A, 0x4C,
    0x4F, 0x41, 0x44, 0xF9, 0x58, 0x53, 0x41, 0x56, 0x45, 0xFA, 0xBB, 0x52,
    0x55, 0x4E, 0xFA, 0x20, 0x4D, 0x4F, 0x4E, 0xFA, 0x1A, 0x4E, 0x4F, 0x4D,
    0x4F, 0x4E, 0xFA, 0x19, 0x46, 0x4C, 0x4F, 0x41, 0x44, 0xF9, 0x55, 0x44,
    0x4F, 0x53, 0x0D, 0xE0, 0x00, 0xF9, 0x26, 0xA2, 0xFF, 0xD8, 0xA0, 0x00,
    0x84, 0xDD, 0x20, 0x76, 0xF8, 0x88, 0xC8, 0xE8, 0xBD, 0xBE, 0xF8, 0x30,
    0x18, 0xD9, 0x00, 0x01, 0xF0, 0xF4, 0xCA, 0xE8, 0xBD, 0xBE, 0xF8, 0x10,
    0xFA, 0xE8, 0xB9, 0x00, 0x01, 0xC9, 0x2E, 0xD0, 0xDD, 0xC8, 0xCA, 0xB0,
    0xE3, 0x85, 0xCA, 0xBD, 0xBF, 0xF8, 0x85, 0xC9, 0x18, 0xA2, 0x00, 0x6C,
    0xC9, 0x00, 0x20, 0xD1, 0xF7, 0x43, 0x4F, 0x4D, 0x3F, 0xEA, 0x00, 0x20,
    0x8E, 0xFB, 0x50, 0xFA, 0xF0, 0xF9, 0x20, 0x2B, 0xFC, 0xA0, 0x00, 0x20,
    0xD4, 0xFF, 0x91, 0xCB, 0xE6, 0xCB, 0xD0, 0x02, 0xE6, 0xCC, 0xA2, 0xD4,
    0x20, 0x08, 0xFA, 0xD0, 0xEE, 0x38, 0x66, 0xDD, 0x18, 0x66, 0xDD, 0x28,
    0x60, 0x38, 0x66, 0xDD, 0x20, 0x18, 0xF8, 0xA2, 0xCB, 0x20, 0x93, 0xF8,
    0xF0, 0x04, 0xA9, 0xFF, 0x85, 0xCD, 0x20, 0x76, 0xFA, 0xA2, 0xC9, 0x6C,
    0x0C, 0x02, 0x08, 0x78, 0x20, 0x4F, 0xF8, 0x08, 0x20, 0x3E, 0xFC, 0x28,
    0xF0, 0xB5, 0xA9, 0x00, 0x85, 0xD0, 0x85, 0xD1, 0x20, 0xA2, 0xF9, 0x90,
    0xC9, 0xE6, 0xD0, 0xE6, 0xCC, 0xD0, 0xF5, 0x18, 0x90, 0xC0, 0x20, 0xF4,
    0xFF, 0xC8, 0xB9, 0xED, 0x00, 0xC9, 0x0D, 0xD0, 0xF5, 0xC8, 0x20, 0xFD,
    0xF7, 0xC0, 0x0E, 0x90, 0xF8, 0x60, 0xA9, 0x00, 0x85, 0xDC, 0x20, 0x8E,
    0xFB, 0x50, 0xF8, 0xD0, 0xF5, 0x20, 0xC9, 0xFB, 0x08, 0x20, 0xE2, 0xFB,
    0x28, 0xF0, 0x10, 0xA5, 0xDB, 0x29, 0x20, 0x05, 0xEA, 0xD0, 0xE3, 0x20,
    0x92, 0xF9, 0x20, 0xED, 0xFF, 0xD0, 0xDB, 0xA2, 0x02, 0xA5, 0xDD, 0x30,
    0x13, 0xB5, 0xCF, 0xD5, 0xD8, 0xB0, 0x08, 0xA9, 0x05, 0x20, 0x40, 0xFC,
    0x20, 0x3E, 0xFC, 0xD0, 0xC5, 0xCA, 0xD0, 0xED, 0x20, 0x2B, 0xFC, 0x24,
    0xDB, 0x50, 0x0B, 0x88, 0xC8, 0x20, 0xD4, 0xFF, 0x91, 0xCB, 0xC4, 0xD8,
    0xD0, 0xF6, 0xA5, 0xDC, 0x85, 0xCE, 0x20, 0xD4, 0xFF, 0xC5, 0xCE, 0xF0,
    0x08, 0x20, 0xD1, 0xF7, 0x53, 0x55, 0x4D, 0xEA, 0x00, 0x26, 0xDB, 0x60,
    0xF6, 0x00, 0xD0, 0x02, 0xF6, 0x01, 0xB5, 0x00, 0xD5, 0x02, 0xD0, 0x04,
    0xB5, 0x01, 0xD5, 0x03, 0x60, 0xCA, 0x20, 0x76, 0xFA, 0x86, 0xEA, 0x60,
    0x20, 0x58, 0xF9, 0x24, 0xDD, 0x70, 0x4C, 0x6C, 0xD6, 0x00, 0x08, 0x20,
    0x76, 0xFA, 0x20, 0x3E, 0xFC, 0x20, 0x8E, 0xFB, 0x70, 0x02, 0x28, 0x60,
    0xF0, 0x0A, 0xA0, 0x00, 0x20, 0x99, 0xF9, 0x20, 0xEC, 0xF7, 0xD0, 0x19,
    0x20, 0xC9, 0xFB, 0x20, 0xE2, 0xFB, 0x20, 0x92, 0xF9, 0x20, 0xEC, 0xF7,
    0x26, 0xDB, 0x10, 0x09, 0xE8, 0x20, 0xF1, 0xF7, 0xB5, 0xFD, 0x20, 0x02,
    0xF8, 0x20, 0xED, 0xFF, 0xD0, 0xCF, 0x4C, 0xED, 0xFF, 0x20, 0x93, 0xF8,
    0xF0, 0x13, 0x60, 0xA2, 0xCB, 0x20, 0x65, 0xFA, 0x20, 0x76, 0xFA, 0x6C,
    0xCB, 0x00, 0x20, 0x76, 0xF8, 0xC9, 0x0D, 0xF0, 0xA2, 0x20, 0xD1, 0xF7,
    0x53, 0x59, 0x4E, 0x3F, 0xEA, 0x00, 0x38, 0xA5, 0xD1, 0xE5, 0xCF, 0x48,
    0xA5, 0xD2, 0xE5, 0xD0, 0xA8, 0x68, 0x18, 0x65, 0xCB, 0x85, 0xCD, 0x98,
    0x65, 0xCC, 0x85, 0xCE, 0xA0, 0x04, 0xB9, 0xCA, 0x00, 0x20, 0xD1, 0xFF,
    0x88, 0xD0, 0xF7, 0xB1, 0xCF, 0x20, 0xD1, 0xFF, 0xE6, 0xCF, 0xD0, 0x02,
    0xE6, 0xD0, 0xA2, 0xCB, 0x20, 0x08, 0xFA, 0xD0, 0xEE, 0x28, 0x60, 0x20,
    0x18, 0xF8, 0xA2, 0xCB, 0x20, 0x65, 0xFA, 0xA2, 0xD1, 0x20, 0x65, 0xFA,
    0xA2, 0xCD, 0x20, 0x93, 0xF8, 0x08, 0xA5, 0xCB, 0xA6, 0xCC, 0x28, 0xD0,
    0x04, 0x85, 0xCD, 0x86, 0xCE, 0x85, 0xCF, 0x86, 0xD0, 0x20, 0x76, 0xFA,
    0xA2, 0xC9, 0x6C, 0x0E, 0x02, 0x08, 0x78, 0x20, 0x4F, 0xF8, 0x08, 0xA9,
    0x06, 0x20, 0x40, 0xFC, 0xA2, 0x07, 0x20, 0x7A, 0xFB, 0x28, 0xF0, 0x8E,
    0xA2, 0x04, 0xB5, 0xCE, 0x95, 0xD2, 0xCA, 0xD0, 0xF9, 0x86, 0xD0, 0x86,
    0xD1, 0xA5, 0xD5, 0xD0, 0x02, 0xC6, 0xD6, 0xC6, 0xD5, 0x18, 0x66, 0xD2,
    0x38, 0xA2, 0xFF, 0xA5, 0xD5, 0xE5, 0xD3, 0x85, 0xCF, 0xA5, 0xD6, 0xE5,
    0xD4, 0x08, 0x66, 0xD2, 0x28, 0x90, 0x06, 0x18, 0xF0, 0x03, 0x86, 0xCF,
    0x38, 0x66, 0xD2, 0xE8, 0x20, 0x3B, 0xFB, 0xE6, 0xD0, 0xE6, 0xD4, 0xE6,
    0xCC, 0x26, 0xD2, 0xB0, 0xD5, 0x28, 0x60, 0xA2, 0x07, 0x20, 0x7A, 0xFB,
    0x86, 0xDC, 0xA0, 0x04, 0xA9, 0x2A, 0x20, 0xD1, 0xFF, 0x88, 0xD0, 0xF8,
    0xB1, 0xC9, 0x20, 0xD1, 0xFF, 0xC8, 0xC9, 0x0D, 0xD0, 0xF6, 0xA0, 0x08,
    0xB9, 0xCA, 0x00, 0x20, 0xD1, 0xFF, 0x88, 0xD0, 0xF7, 0x20, 0x81, 0xFB,
    0x24, 0xD2, 0x50, 0x0B, 0x88, 0xC8, 0xB1, 0xD3, 0x20, 0xD1, 0xFF, 0xC4,
    0xCF, 0xD0, 0xF6, 0xA5, 0xDC, 0x20, 0xD1, 0xFF, 0xA2, 0x04, 0x8E, 0x02,
    0xB0, 0xA2, 0x78, 0xD0, 0x02, 0xA2, 0x1E, 0x20, 0x66, 0xFE, 0xCA, 0xD0,
    0xFA, 0x60, 0xA2, 0x06, 0xD0, 0xF5, 0x2C, 0x01, 0xB0, 0x10, 0xFB, 0x50,
    0xF9, 0xA0, 0x00, 0x85, 0xC3, 0xA9, 0x10, 0x85, 0xC2, 0x2C, 0x01, 0xB0,
    0x10, 0x0F, 0x50, 0x0D, 0x20, 0xBD, 0xFC, 0xB0, 0xEC, 0xC6, 0xC3, 0xD0,
    0xF0, 0xC6, 0xC2, 0xD0, 0xEC, 0x70, 0x01, 0x60, 0xA0, 0x04, 0x08, 0x20,
    0xE4, 0xFB, 0x28, 0xA0, 0x04, 0xA9, 0x2A, 0xD9, 0xD3, 0x00, 0xD0, 0x03,
    0x88, 0xD0, 0xF8, 0x60, 0xC8, 0x20, 0xD4, 0xFF, 0x99, 0xED, 0x00, 0xC9,
    0x0D, 0xD0, 0xF5, 0xA0, 0xFF, 0xC8, 0xB1, 0xC9, 0xD9, 0xED, 0x00, 0xD0,
    0xEA, 0xC9, 0x0D, 0xD0, 0xF4, 0x60, 0xA0, 0x08, 0x20, 0xD4, 0xFF, 0x99,
    0xD3, 0x00, 0x88, 0xD0, 0xF7, 0x60, 0x86, 0xEC, 0x84, 0xC3, 0x08, 0x78,
    0xA9, 0x78, 0x85, 0xC0, 0x20, 0xBD, 0xFC, 0x90, 0xF7, 0xE6, 0xC0, 0x10,
    0xF7, 0xA9, 0x53, 0x85, 0xC4, 0xA2, 0x00, 0xAC, 0x02, 0xB0, 0x20, 0xCD,
    0xFC, 0xF0, 0x00, 0xF0, 0x01, 0xE8, 0xC6, 0xC4, 0xD0, 0xF4, 0xE0, 0x0C,
    0x66, 0xC0, 0x90, 0xE5, 0xA5, 0xC0, 0x28, 0xA4, 0xC3, 0xA6, 0xEC, 0x48,
    0x18, 0x65, 0xDC, 0x85, 0xDC, 0x68, 0x60, 0xA5, 0xCD, 0x30, 0x08, 0xA5,
    0xD4, 0x85, 0xCB, 0xA5, 0xD5, 0x85, 0xCC, 0x60, 0xB0, 0x04, 0xA9, 0x06,
    0xD0, 0x02, 0xA9, 0x04, 0xA2, 0x07, 0x8E, 0x02, 0xB0, 0x24, 0xEA, 0xD0,
    0x2D, 0xC9, 0x05, 0xF0, 0x16, 0xB0, 0x09, 0x20, 0xD1, 0xF7, 0x50, 0x4C,
    0x41, 0x59, 0xD0, 0x15, 0x20, 0xD1, 0xF7, 0x52, 0x45, 0x43, 0x4F, 0x52,
    0x44, 0xD0, 0x0A, 0x20, 0xD1, 0xF7, 0x52, 0x45, 0x57, 0x49, 0x4E, 0x44,
    0xEA, 0x20, 0xD1, 0xF7, 0x20, 0x54, 0x41, 0x50, 0x45, 0xEA, 0x20, 0xE3,
    0xFF, 0x4C, 0xED, 0xFF, 0x86, 0xEC, 0x84, 0xC3, 0x08, 0x78, 0x48, 0x20,
    0x23, 0xFC, 0x85, 0xC0, 0x20, 0xD8, 0xFC, 0xA9, 0x0A, 0x85, 0xC1, 0x18,
    0x90, 0x0A, 0xA2, 0x07, 0x8E, 0x02, 0xB0, 0x20, 0xDA, 0xFC, 0x30, 0x13,
    0xA0, 0x04, 0xA9, 0x04, 0x8D, 0x02, 0xB0, 0x20, 0xD8, 0xFC, 0xEE, 0x02,
    0xB0, 0x20, 0xD8, 0xFC, 0x88, 0xD0, 0xEF, 0x38, 0x66, 0xC0, 0xC6, 0xC1,
    0xD0, 0xDA, 0xA4, 0xC3, 0xA6, 0xEC, 0x68, 0x28, 0x60, 0xA2, 0x00, 0xAC,
    0x02, 0xB0, 0xE8, 0xF0, 0x07, 0x20, 0xCD, 0xFC, 0xF0, 0xF8, 0xE0, 0x08,
    0x60, 0x84, 0xC5, 0xAD, 0x02, 0xB0, 0xA8, 0x45, 0xC5, 0x29, 0x20, 0x60,
    0xA2, 0x00, 0xA9, 0x10, 0x2C, 0x02, 0xB0, 0xF0, 0xFB, 0x2C, 0x02, 0xB0,
    0xD0, 0xFB, 0xCA, 0x10, 0xF3, 0x60, 0xC9, 0x06, 0xF0, 0x1D, 0xC9, 0x15,
    0xF0, 0x1F, 0xA4, 0xE0, 0x30, 0x23, 0xC9, 0x1B, 0xF0, 0x11, 0xC9, 0x07,
    0xF0, 0x1C, 0x20, 0x44, 0xFD, 0xA2, 0x0A, 0x20, 0xC5, 0xFE, 0xD0, 0x21,
    0x4C, 0xB7, 0xFE, 0x18, 0xA2, 0x00, 0x8E, 0x00, 0xB0, 0xA2, 0x02, 0x08,
    0x16, 0xDE, 0x28, 0x76, 0xDE, 0x60, 0xA9, 0x05, 0xA8, 0x8D, 0x03, 0xB0,
    0xCA, 0xD0, 0xFD, 0x49, 0x01, 0xC8, 0x10, 0xF5, 0x60, 0xC9, 0x20, 0x90,
    0x17, 0x69, 0x1F, 0x30, 0x02, 0x49, 0x60, 0x20, 0x6B, 0xFE, 0x91, 0xDE,
    0xC8, 0xC0, 0x20, 0x90, 0x05, 0x20, 0xEC, 0xFD, 0xA0, 0x00, 0x84, 0xE0,
    0x48, 0x20, 0x6B, 0xFE, 0xB1, 0xDE, 0x45, 0xE1, 0x91, 0xDE, 0x68, 0x60,
    0x20, 0x35, 0xFE, 0xA9, 0x20, 0x20, 0x6B, 0xFE, 0x91, 0xDE, 0x10, 0xE6,
    0x20, 0x35, 0xFE, 0x4C, 0x42, 0xFD, 0x20, 0xEC, 0xFD, 0xA4, 0xE0, 0x10,
    0xD9, 0xA0, 0x80, 0x84, 0xE1, 0xA0, 0x00, 0x8C, 0x00, 0xB0, 0xA9, 0x20,
    0x99, 0x00, 0x80, 0x99, 0x00, 0x81, 0xC8, 0xD0, 0xF7, 0xA9, 0x80, 0xA0,
    0x00, 0x85, 0xDF, 0x84, 0xDE, 0xF0, 0xBB, 0x20, 0x3A, 0xFE, 0x4C, 0x42,
    0xFD, 0x18, 0xA9, 0x10, 0x85, 0xE6, 0xA2, 0x08, 0x20, 0x13, 0xFD, 0x4C,
    0x44, 0xFD, 0xA5, 0xE7, 0x49, 0x60, 0x85, 0xE7, 0xB0, 0x09, 0x29, 0x05,
    0x2E, 0x01, 0xB0, 0x2A, 0x20, 0xEA, 0xFC, 0x4C, 0x9A, 0xFE, 0xA4, 0xE0,
    0x20, 0x6B, 0xFE, 0xB1, 0xDE, 0x45, 0xE1, 0x30, 0x02, 0x49, 0x60, 0xE9,
    0x20, 0x4C, 0xE9, 0xFD, 0xA9, 0x5F, 0x49, 0x20, 0xD0, 0x23, 0x45, 0xE7,
    0x2C, 0x01, 0xB0, 0x30, 0x02, 0x49, 0x60, 0x4C, 0xDF, 0xFD, 0x69, 0x39,
    0x90, 0xF2, 0x49, 0x10, 0x2C, 0x01, 0xB0, 0x30, 0x02, 0x49, 0x10, 0x18,
    0x69, 0x20, 0x2C, 0x01, 0xB0, 0x70, 0x02, 0x29, 0x1F, 0x4C, 0x60, 0xFE,
    0xA5, 0xDE, 0xA4, 0xDF, 0xC0, 0x81, 0x90, 0x38, 0xC9, 0xE0, 0x90, 0x34,
    0xA4, 0xE6, 0x30, 0x0C, 0x88, 0xD0, 0x07, 0x20, 0x71, 0xFE, 0xB0, 0xFB,
    0xA0, 0x10, 0x84, 0xE6, 0xA0, 0x20, 0x20, 0x66, 0xFE, 0xB9, 0x00, 0x80,
    0x99, 0xE0, 0x7F, 0xC8, 0xD0, 0xF7, 0x20, 0x6B, 0xFE, 0xB9, 0x00, 0x81,
    0x99, 0xE0, 0x80, 0xC8, 0xD0, 0xF7, 0xA0, 0x1F, 0xA9, 0x20, 0x91, 0xDE,
    0x88, 0x10, 0xFB, 0x60, 0x69, 0x20, 0x85, 0xDE, 0xD0, 0x02, 0xE6, 0xDF,
    0x60, 0x88, 0x10, 0x19, 0xA0, 0x1F, 0xA5, 0xDE, 0xD0, 0x0B, 0xA6, 0xDF,
    0xE0, 0x80, 0xD0, 0x05, 0x68, 0x68, 0x4C, 0x65, 0xFD, 0xE9, 0x20, 0x85,
    0xDE, 0xB0, 0x02, 0xC6, 0xDF, 0x60, 0x20, 0xFB, 0xFE, 0x08, 0x48, 0xD8,
    0x84, 0xE5, 0x86, 0xE4, 0x20, 0xEA, 0xFC, 0x68, 0xA6, 0xE4, 0xA4, 0xE5,
    0x28, 0x60, 0x2C, 0x02, 0xB0, 0x10, 0xFB, 0x2C, 0x02, 0xB0, 0x30, 0xFB,
    0x60, 0xA0, 0x3B, 0x18, 0xA9, 0x20, 0xA2, 0x0A, 0x2C, 0x01, 0xB0, 0xF0,
    0x08, 0xEE, 0x00, 0xB0, 0x88, 0xCA, 0xD0, 0xF4, 0x4A, 0x08, 0x48, 0xAD,
    0x00, 0xB0, 0x29, 0xF0, 0x8D, 0x00, 0xB0, 0x68, 0x28, 0xD0, 0xE3, 0x60,
    0x08, 0xD8, 0x86, 0xE4, 0x84, 0xE5, 0x2C, 0x02, 0xB0, 0x50, 0x05, 0x20,
    0x71, 0xFE, 0x90, 0xF6, 0x20, 0x8A, 0xFB, 0x20, 0x71, 0xFE, 0xB0, 0xFB,
    0x20, 0x71, 0xFE, 0xB0, 0xF6, 0x98, 0xA2, 0x17, 0x20, 0xC5, 0xFE, 0xBD,
    0xE3, 0xFE, 0x85, 0xE2, 0xA9, 0xFD, 0x85, 0xE3, 0x98, 0x6C, 0xE2, 0x00,
    0xCA, 0xDD, 0xCB, 0xFE, 0x90, 0xFA, 0x60, 0x00, 0x08, 0x09, 0x0A, 0x0B,
    0x0C, 0x0D, 0x0E, 0x0F, 0x1E, 0x7F, 0x00, 0x01, 0x05, 0x06, 0x08, 0x0E,
    0x0F, 0x10, 0x11, 0x1C, 0x20, 0x21, 0x3B, 0x44, 0x5C, 0x38, 0x62, 0x87,
    0x69, 0x40, 0x8D, 0x92, 0x7D, 0x50, 0xDF, 0xD2, 0x9A, 0xA2, 0xE2, 0xAE,
    0xC0, 0xDF, 0xD8, 0xD6, 0xC8, 0xC6, 0xC2, 0x48, 0xC9, 0x02, 0xF0, 0x27,
    0xC9, 0x03, 0xF0, 0x34, 0xC5, 0xFE, 0xF0, 0x2E, 0xAD, 0x0C, 0xB8, 0x29,
    0x0E, 0xF0, 0x27, 0x68, 0x2C, 0x01, 0xB8, 0x30, 0xFB, 0x8D, 0x01, 0xB8,
    0x48, 0xAD, 0x0C, 0xB8, 0x29, 0xF0, 0x09, 0x0C, 0x8D, 0x0C, 0xB8, 0x09,
    0x02, 0xD0, 0x0C, 0xA9, 0x7F, 0x8D, 0x03, 0xB8, 0xAD, 0x0C, 0xB8, 0x29,
    0xF0, 0x09, 0x0E, 0x8D, 0x0C, 0xB8, 0x68, 0x60, 0xAD, 0x0C, 0xB8, 0x29,
    0xF0, 0xB0, 0xF4, 0xA2, 0x17, 0xBD, 0x9A, 0xFF, 0x9D, 0x04, 0x02, 0xCA,
    0x10, 0xF7, 0x9A, 0x8A, 0xE8, 0x86, 0xEA, 0x86, 0xE1, 0x86, 0xE7, 0xA2,
    0x33, 0x9D, 0xEB, 0x02, 0xCA, 0x10, 0xFA, 0xA9, 0x0A, 0x85, 0xFE, 0xA9,
    0x8A, 0x8D, 0x03, 0xB0, 0xA9, 0x07, 0x8D, 0x02, 0xB0, 0x20, 0xD1, 0xF7,
    0x06, 0x0C, 0x0F, 0x41, 0x43, 0x4F, 0x52, 0x4E, 0x20, 0x41, 0x54, 0x4F,
    0x4D, 0x0A, 0x0A, 0x0D, 0xA9, 0x82, 0x85, 0x12, 0x58, 0xA9, 0x55, 0x8D,
    0x01, 0x29, 0xCD, 0x01, 0x29, 0xD0, 0x0C, 0x0A, 0x8D, 0x01, 0x29, 0xCD,
    0x01, 0x29, 0xD0, 0x03, 0x4C, 0xB2, 0xC2, 0x4C, 0xB6, 0xC2, 0x00, 0xA0,
    0xEF, 0xF8, 0x52, 0xFE, 0x94, 0xFE, 0x6E, 0xF9, 0xE5, 0xFA, 0xAC, 0xC2,
    0xAC, 0xC2, 0xEE, 0xFB, 0x7C, 0xFC, 0x38, 0xFC, 0x78, 0xC2, 0x85, 0xFF,
    0x68, 0x48, 0x29, 0x10, 0xD0, 0x06, 0xA5, 0xFF, 0x48, 0x6C, 0x04, 0x02,
    0xA5, 0xFF, 0x28, 0x08, 0x6C, 0x02, 0x02, 0x48, 0x6C, 0x00, 0x02, 0x6C,
    0x1A, 0x02, 0x6C, 0x18, 0x02, 0x6C, 0x16, 0x02, 0x6C, 0x14, 0x02, 0x6C,
    0x12, 0x02, 0x6C, 0x10, 0x02, 0x6C, 0x0E, 0x02, 0x6C, 0x0C, 0x02, 0x6C,
    0x0A, 0x02, 0x20, 0xE3, 0xFF, 0xC9, 0x0D, 0xD0, 0x07, 0xA9, 0x0A, 0x20,
    0xF4, 0xFF, 0xA9, 0x0D, 0x6C, 0x08, 0x02, 0x6C, 0x06, 0x02, 0xC7, 0xFF,
    0x3F, 0xFF, 0xB2, 0xFF};

unsigned char Invader[4886] = {
    0x53, 0x41, 0x43, 0x45, 0x49, 0x4E, 0x56, 0x41, 0x44, 0x45, 0x52, 0x53,
    0x00, 0x00, 0x00, 0x00, 0x00, 0x29, 0x86, 0xCE, 0x00, 0x13, 0x0D, 0x00,
    0x00, 0x52, 0x45, 0x4D, 0x20, 0x2F, 0x2F, 0x53, 0x50, 0x41, 0x43, 0x45,
    0x20, 0x49, 0x4E, 0x56, 0x41, 0x44, 0x45, 0x52, 0x53, 0x2F, 0x2F, 0x20,
    0x56, 0x35, 0x0D, 0x00, 0x03, 0x3F, 0x23, 0x30, 0x30, 0x30, 0x38, 0x3D,
    0x23, 0x31, 0x0D, 0x00, 0x05, 0x50, 0x2E, 0x24, 0x31, 0x32, 0x22, 0x20,
    0x20, 0x20, 0x20, 0x20, 0x20, 0x20, 0x73, 0x70, 0x61, 0x63, 0x65, 0x80,
    0x69, 0x6E, 0x76, 0x61, 0x64, 0x65, 0x72, 0x73, 0x22, 0x27, 0x0D, 0x00,
    0x0A, 0x48, 0x3D, 0x30, 0x3B, 0x40, 0x3D, 0x30, 0x3B, 0x5A, 0x3D, 0x23,
    0x42, 0x30, 0x30, 0x32, 0x3B, 0x47, 0x2E, 0x61, 0x0D, 0x00, 0xFA, 0x66,
    0x4D, 0x3D, 0x32, 0x3B, 0x42, 0x3D, 0x38, 0x3B, 0x41, 0x3D, 0x23, 0x38,
    0x32, 0x30, 0x31, 0x3B, 0x4F, 0x3D, 0x30, 0x3B, 0x53, 0x3D, 0x30, 0x3B,
    0x3F, 0x23, 0x32, 0x38, 0x31, 0x31, 0x3D, 0x2D, 0x31, 0x0D, 0x01, 0x04,
    0x21, 0x23, 0x32, 0x38, 0x30, 0x30, 0x3D, 0x23, 0x33, 0x32, 0x30, 0x30,
    0x30, 0x30, 0x30, 0x30, 0x3B, 0x21, 0x23, 0x32, 0x38, 0x30, 0x34, 0x3D,
    0x52, 0x2E, 0x26, 0x23, 0x46, 0x46, 0x46, 0x46, 0x0D, 0x01, 0x13, 0x63,
    0x46, 0x2E, 0x49, 0x3D, 0x23, 0x32, 0x38, 0x44, 0x36, 0x54, 0x4F, 0x23,
    0x32, 0x38, 0x46, 0x46, 0x3B, 0x3F, 0x49, 0x3D, 0x30, 0x3B, 0x4E, 0x2E,
    0x0D, 0x01, 0x15, 0x49, 0x46, 0x42, 0x3C, 0x32, 0x30, 0x42, 0x3D, 0x42,
    0x2B, 0x32, 0x3B, 0x3F, 0x23, 0x33, 0x33, 0x33, 0x37, 0x3D, 0x42, 0x3B,
    0x3F, 0x23, 0x33, 0x39, 0x46, 0x42, 0x3D, 0x42, 0x3B, 0x3F, 0x23, 0x33,
    0x41, 0x42, 0x32, 0x3D, 0x42, 0x3B, 0x3F, 0x23, 0x33, 0x34, 0x45, 0x44,
    0x3D, 0x42, 0x0D, 0x01, 0x18, 0x43, 0x3D, 0x30, 0x3B, 0x46, 0x2E, 0x49,
    0x3D, 0x30, 0x54, 0x4F, 0x23, 0x38, 0x30, 0x30, 0x53, 0x2E, 0x23, 0x32,
    0x30, 0x30, 0x0D, 0x01, 0x1B, 0x46, 0x2E, 0x4A, 0x3D, 0x30, 0x54, 0x4F,
    0x31, 0x38, 0x53, 0x2E, 0x32, 0x0D, 0x01, 0x1D, 0x4B, 0x3D, 0x41, 0x2B,
    0x49, 0x2B, 0x4A, 0x20, 0x0D, 0x01, 0x22, 0x43, 0x3F, 0x23, 0x32, 0x38,
    0x37, 0x32, 0x3D, 0x4B, 0x26, 0x23, 0x46, 0x46, 0x3B, 0x43, 0x3F, 0x23,
    0x32, 0x38, 0x37, 0x33, 0x3D, 0x28, 0x4B, 0x26, 0x23, 0x46, 0x46, 0x30,
    0x30, 0x29, 0x2F, 0x32, 0x35, 0x36, 0x0D, 0x01, 0x25, 0x43, 0x3D, 0x43,
    0x2B, 0x32, 0x3B, 0x4E, 0x2E, 0x3B, 0x4E, 0x2E, 0x3B, 0x49, 0x46, 0x41,
    0x3E, 0x23, 0x38, 0x38, 0x30, 0x30, 0x3B, 0x41, 0x3D, 0x23, 0x38, 0x32,
    0x30, 0x31, 0x0D, 0x01, 0x27, 0x49, 0x46, 0x53, 0x3C, 0x32, 0x4D, 0x3D,
    0x4D, 0x2B, 0x31, 0x3B, 0x53, 0x3D, 0x53, 0x2B, 0x31, 0x0D, 0x01, 0x2C,
    0x3F, 0x23, 0x32, 0x38, 0x30, 0x30, 0x3D, 0x30, 0x3B, 0x21, 0x23, 0x32,
    0x38, 0x30, 0x38, 0x3D, 0x23, 0x31, 0x30, 0x34, 0x3B, 0x21, 0x23, 0x32,
    0x38, 0x30, 0x43, 0x3D, 0x23, 0x33, 0x30, 0x30, 0x30, 0x30, 0x30, 0x30,
    0x30, 0x0D, 0x01, 0x31, 0x43, 0x4C, 0x45, 0x41, 0x52, 0x34, 0x3B, 0x54,
    0x3D, 0x23, 0x39, 0x30, 0x30, 0x30, 0x0D, 0x01, 0x4A, 0x46, 0x2E, 0x49,
    0x3D, 0x32, 0x54, 0x4F, 0x23, 0x31, 0x45, 0x53, 0x2E, 0x38, 0x3B, 0x54,
    0x21, 0x49, 0x3D, 0x23, 0x46, 0x46, 0x46, 0x46, 0x30, 0x30, 0x3B, 0x4E,
    0x2E, 0x0D, 0x01, 0x4C, 0x46, 0x2E, 0x49, 0x3D, 0x23, 0x32, 0x32, 0x54,
    0x4F, 0x23, 0x33, 0x45, 0x53, 0x2E, 0x38, 0x3B, 0x54, 0x21, 0x49, 0x3D,
    0x23, 0x38, 0x30, 0x46, 0x46, 0x46, 0x46, 0x30, 0x31, 0x3B, 0x4E, 0x2E,
    0x0D, 0x01, 0x4E, 0x46, 0x2E, 0x49, 0x3D, 0x23, 0x34, 0x32, 0x54, 0x4F,
    0x23, 0x35, 0x45, 0x53, 0x2E, 0x38, 0x3B, 0x54, 0x21, 0x49, 0x3D, 0x23,
    0x43, 0x30, 0x46, 0x46, 0x46, 0x46, 0x30, 0x33, 0x3B, 0x4E, 0x2E, 0x0D,
    0x01, 0x50, 0x46, 0x2E, 0x49, 0x3D, 0x23, 0x36, 0x32, 0x54, 0x4F, 0x23,
    0x37, 0x45, 0x53, 0x2E, 0x38, 0x3B, 0x54, 0x21, 0x49, 0x3D, 0x23, 0x45,
    0x30, 0x46, 0x46, 0x46, 0x46, 0x30, 0x37, 0x3B, 0x4E, 0x2E, 0x0D, 0x01,
    0x52, 0x46, 0x2E, 0x49, 0x3D, 0x23, 0x38, 0x32, 0x54, 0x4F, 0x23, 0x39,
    0x45, 0x53, 0x2E, 0x38, 0x3B, 0x54, 0x21, 0x49, 0x3D, 0x23, 0x46, 0x30,
    0x46, 0x46, 0x46, 0x46, 0x30, 0x46, 0x3B, 0x4E, 0x2E, 0x0D, 0x01, 0x54,
    0x46, 0x2E, 0x49, 0x3D, 0x23, 0x41, 0x32, 0x54, 0x4F, 0x23, 0x42, 0x45,
    0x53, 0x2E, 0x38, 0x3B, 0x54, 0x21, 0x49, 0x3D, 0x23, 0x46, 0x38, 0x46,
    0x46, 0x46, 0x46, 0x31, 0x46, 0x3B, 0x4E, 0x2E, 0x0D, 0x01, 0x56, 0x46,
    0x2E, 0x49, 0x3D, 0x23, 0x43, 0x32, 0x54, 0x4F, 0x23, 0x44, 0x45, 0x53,
    0x2E, 0x38, 0x3B, 0x54, 0x21, 0x49, 0x3D, 0x23, 0x46, 0x43, 0x46, 0x46,
    0x46, 0x46, 0x33, 0x46, 0x3B, 0x4E, 0x2E, 0x0D, 0x01, 0x58, 0x46, 0x2E,
    0x49, 0x3D, 0x23, 0x45, 0x32, 0x54, 0x4F, 0x23, 0x46, 0x45, 0x53, 0x2E,
    0x38, 0x3B, 0x54, 0x21, 0x49, 0x3D, 0x23, 0x46, 0x45, 0x46, 0x46, 0x46,
    0x46, 0x37, 0x46, 0x3B, 0x4E, 0x2E, 0x0D, 0x01, 0x5A, 0x46, 0x2E, 0x49,
    0x3D, 0x23, 0x31, 0x30, 0x32, 0x54, 0x4F, 0x23, 0x33, 0x37, 0x45, 0x53,
    0x2E, 0x38, 0x3B, 0x54, 0x21, 0x49, 0x3D, 0x2D, 0x31, 0x3B, 0x4E, 0x2E,
    0x0D, 0x01, 0x5C, 0x46, 0x2E, 0x49, 0x3D, 0x23, 0x33, 0x38, 0x32, 0x54,
    0x4F, 0x23, 0x34, 0x37, 0x46, 0x53, 0x2E, 0x38, 0x3B, 0x54, 0x21, 0x49,
    0x3D, 0x23, 0x46, 0x46, 0x30, 0x30, 0x30, 0x30, 0x46, 0x46, 0x3B, 0x4E,
    0x2E, 0x0D, 0x01, 0x5D, 0x49, 0x46, 0x4D, 0x3C, 0x32, 0x47, 0x2E, 0x62,
    0x0D, 0x01, 0x5E, 0x46, 0x2E, 0x49, 0x3D, 0x32, 0x54, 0x4F, 0x4D, 0x3B,
    0x51, 0x3D, 0x49, 0x2A, 0x31, 0x32, 0x2D, 0x39, 0x3B, 0x4D, 0x4F, 0x56,
    0x45, 0x51, 0x2C, 0x32, 0x3B, 0x44, 0x52, 0x41, 0x57, 0x28, 0x51, 0x2B,
    0x34, 0x29, 0x2C, 0x36, 0x3B, 0x44, 0x52, 0x41, 0x57, 0x28, 0x51, 0x2B,
    0x38, 0x29, 0x2C, 0x32, 0x3B, 0x4E, 0x2E, 0x0D, 0x01, 0x68, 0x62, 0x46,
    0x2E, 0x49, 0x3D, 0x30, 0x54, 0x4F, 0x4F, 0x3B, 0x51, 0x3D, 0x32, 0x35,
    0x30, 0x2D, 0x49, 0x2A, 0x36, 0x3B, 0x4D, 0x4F, 0x56, 0x45, 0x51, 0x2C,
    0x30, 0x3B, 0x44, 0x52, 0x41, 0x57, 0x51, 0x2C, 0x36, 0x3B, 0x44, 0x52,
    0x41, 0x57, 0x28, 0x51, 0x2D, 0x32, 0x29, 0x2C, 0x36, 0x3B, 0x4E, 0x2E,
    0x0D, 0x01, 0x86, 0x4C, 0x49, 0x2E, 0x23, 0x33, 0x41, 0x30, 0x39, 0x0D,
    0x01, 0x90, 0x4C, 0x49, 0x2E, 0x23, 0x33, 0x41, 0x34, 0x35, 0x0D, 0x01,
    0xF4, 0x65, 0x49, 0x46, 0x3F, 0x23, 0x32, 0x38, 0x30, 0x36, 0x3C, 0x3E,
    0x30, 0x3B, 0x47, 0x2E, 0x6F, 0x0D, 0x02, 0x8A, 0x49, 0x46, 0x3F, 0x23,
    0x32, 0x38, 0x30, 0x33, 0x3D, 0x30, 0x3B, 0x3F, 0x23, 0x32, 0x38, 0x30,
    0x33, 0x3D, 0x35, 0x30, 0x3B, 0x41, 0x3D, 0x41, 0x2B, 0x23, 0x31, 0x30,
    0x30, 0x3B, 0x4F, 0x3D, 0x4F, 0x2B, 0x31, 0x3B, 0x47, 0x2E, 0x63, 0x0D,
    0x07, 0xD0, 0x6F, 0x3F, 0x23, 0x32, 0x38, 0x30, 0x36, 0x3D, 0x30, 0x3B,
    0x3F, 0x23, 0x37, 0x31, 0x3D, 0x23, 0x39, 0x35, 0x0D, 0x07, 0xDA, 0x46,
    0x2E, 0x4A, 0x3D, 0x30, 0x54, 0x4F, 0x31, 0x30, 0x30, 0x3B, 0x3F, 0x5A,
    0x3D, 0x3F, 0x5A, 0x3A, 0x28, 0x52, 0x2E, 0x26, 0x34, 0x29, 0x3B, 0x4E,
    0x2E, 0x0D, 0x07, 0xDF, 0x3F, 0x23, 0x37, 0x30, 0x3D, 0x3F, 0x23, 0x32,
    0x38, 0x30, 0x38, 0x3B, 0x46, 0x2E, 0x4A, 0x3D, 0x30, 0x54, 0x4F, 0x32,
    0x3B, 0x4C, 0x49, 0x2E, 0x23, 0x33, 0x30, 0x30, 0x38, 0x3B, 0x3F, 0x23,
    0x37, 0x30, 0x3D, 0x3F, 0x23, 0x37, 0x30, 0x2B, 0x31, 0x3B, 0x4E, 0x2E,
    0x0D, 0x07, 0xE4, 0x4D, 0x3D, 0x4D, 0x2D, 0x31, 0x3B, 0x49, 0x46, 0x4D,
    0x3C, 0x31, 0x3B, 0x47, 0x2E, 0x64, 0x0D, 0x07, 0xE6, 0x51, 0x3D, 0x4D,
    0x2A, 0x31, 0x32, 0x2B, 0x33, 0x3B, 0x4D, 0x4F, 0x56, 0x45, 0x51, 0x2C,
    0x32, 0x3B, 0x50, 0x4C, 0x4F, 0x54, 0x37, 0x2C, 0x28, 0x51, 0x2B, 0x34,
    0x29, 0x2C, 0x36, 0x3B, 0x50, 0x4C, 0x4F, 0x54, 0x37, 0x2C, 0x28, 0x51,
    0x2B, 0x38, 0x29, 0x2C, 0x32, 0x0D, 0x07, 0xE9, 0x3F, 0x23, 0x32, 0x38,
    0x30, 0x38, 0x3D, 0x34, 0x3B, 0x4C, 0x49, 0x2E, 0x28, 0x23, 0x33, 0x41,
    0x35, 0x36, 0x2B, 0x31, 0x37, 0x2A, 0x3F, 0x23, 0x32, 0x38, 0x30, 0x45,
    0x29, 0x3B, 0x47, 0x2E, 0x65, 0x0D, 0x07, 0xEE, 0x64, 0x46, 0x2E, 0x49,
    0x3D, 0x30, 0x54, 0x4F, 0x31, 0x32, 0x30, 0x3B, 0x57, 0x41, 0x49, 0x54,
    0x3B, 0x4E, 0x2E, 0x3B, 0x4B, 0x3D, 0x21, 0x23, 0x32, 0x38, 0x30, 0x31,
    0x26, 0x23, 0x46, 0x46, 0x46, 0x46, 0x0D, 0x07, 0xF3, 0x50, 0x2E, 0x24,
    0x31, 0x32, 0x22, 0x59, 0x4F, 0x55, 0x52, 0x20, 0x53, 0x43, 0x4F, 0x52,
    0x45, 0x20, 0x22, 0x4B, 0x22, 0x20, 0x20, 0x41, 0x52, 0x4D, 0x59, 0x20,
    0x22, 0x4F, 0x2B, 0x31, 0x27, 0x0D, 0x07, 0xF5, 0x6E, 0x49, 0x46, 0x4B,
    0x3E, 0x48, 0x3B, 0x48, 0x3D, 0x4B, 0x20, 0x0D, 0x07, 0xF8, 0x50, 0x2E,
    0x22, 0x48, 0x49, 0x47, 0x48, 0x45, 0x53, 0x54, 0x20, 0x53, 0x43, 0x4F,
    0x52, 0x45, 0x20, 0x22, 0x48, 0x27, 0x27, 0x0D, 0x08, 0x0C, 0x61, 0x50,
    0x2E, 0x27, 0x22, 0xA1, 0xBF, 0xCF, 0xA2, 0x20, 0x20, 0x20, 0x20, 0xA7,
    0xDF, 0xDF, 0xAB, 0x20, 0x20, 0x20, 0x20, 0xC9, 0xAF, 0xAF, 0xB6, 0x22,
    0x27, 0x22, 0xDD, 0xBF, 0xCF, 0xDE, 0x20, 0x20, 0x20, 0x20, 0xDD, 0xBF,
    0xCF, 0xDE, 0x20, 0x20, 0x20, 0x20, 0xDF, 0xD7, 0xDB, 0xDF, 0x20, 0x20,
    0x20, 0xBD, 0xD7, 0xD7, 0xA8, 0x22, 0x27, 0x0D, 0x08, 0x16, 0x50, 0x2E,
    0x22, 0xA0, 0xC8, 0xB4, 0xA0, 0x20, 0x20, 0x20, 0x20, 0xB4, 0xA8, 0xA4,
    0xC8, 0x20, 0x20, 0x20, 0x20, 0xB0, 0xC8, 0xB4, 0xC0, 0x22, 0x27, 0x27,
    0x0D, 0x08, 0x20, 0x50, 0x2E, 0x27, 0x22, 0x20, 0x33, 0x30, 0x20, 0x20,
    0x20, 0x20, 0x20, 0x20, 0x32, 0x30, 0x20, 0x20, 0x20, 0x20, 0x20, 0x20,
    0x31, 0x30, 0x20, 0x20, 0x20, 0x20, 0x3F, 0x3F, 0x3F, 0x22, 0x27, 0x27,
    0x0D, 0x08, 0x43, 0x50, 0x2E, 0x22, 0x20, 0x4C, 0x45, 0x46, 0x54, 0x20,
    0x3A, 0x20, 0x43, 0x54, 0x52, 0x4C, 0x22, 0x27, 0x22, 0x52, 0x49, 0x47,
    0x48, 0x54, 0x20, 0x3A, 0x20, 0x53, 0x48, 0x49, 0x46, 0x54, 0x22, 0x27,
    0x22, 0x20, 0x46, 0x49, 0x52, 0x45, 0x20, 0x3A, 0x20, 0x52, 0x45, 0x50,
    0x54, 0x22, 0x27, 0x0D, 0x08, 0x48, 0x50, 0x2E, 0x27, 0x22, 0x50, 0x52,
    0x45, 0x53, 0x53, 0x20, 0x53, 0x50, 0x41, 0x43, 0x45, 0x20, 0x54, 0x4F,
    0x20, 0x53, 0x54, 0x41, 0x52, 0x54, 0x22, 0x0D, 0x08, 0x98, 0x4C, 0x49,
    0x2E, 0x23, 0x46, 0x46, 0x45, 0x33, 0x3B, 0x47, 0x2E, 0x66, 0x0D, 0x00,
    0x20, 0x20, 0x20, 0x20, 0x20, 0x20, 0x20, 0x20, 0x20, 0x20, 0x20, 0x20,
    0x20, 0x20, 0x20, 0x20, 0x20, 0x39, 0x38, 0x31, 0x0D, 0xFF, 0x3B, 0x52,
    0x45, 0x50, 0x54, 0x22, 0x27, 0x0D, 0x08, 0x48, 0x50, 0x2E, 0x27, 0x22,
    0x50, 0x52, 0x45, 0x53, 0x53, 0x20, 0x4B, 0x45, 0x59, 0x20, 0x54, 0x4F,
    0x20, 0x53, 0x54, 0x41, 0x52, 0x54, 0x22, 0x0D, 0x08, 0x98, 0x4C, 0x49,
    0x2E, 0x23, 0x46, 0x46, 0x45, 0x33, 0x3B, 0x47, 0x2E, 0x66, 0x0D, 0x00,
    0x00, 0x20, 0x28, 0x43, 0x29, 0x20, 0x41, 0x43, 0x4F, 0x52, 0x4E, 0x53,
    0x4F, 0x46, 0x54, 0x20, 0x31, 0x39, 0x38, 0x31, 0x0D, 0xFF, 0x46, 0x31,
    0x0D, 0xFF, 0x43, 0x29, 0x20, 0x41, 0x43, 0x4F, 0x52, 0x4E, 0x53, 0x4F,
    0x46, 0x54, 0x20, 0x31, 0x39, 0x38, 0x31, 0x0D, 0xFF, 0x46, 0x20, 0x0D,
    0xFF, 0x20, 0x3B, 0x47, 0x2E, 0x66, 0x0D, 0xFF, 0x46, 0x0D, 0xFF, 0x20,
    0x33, 0x00, 0x00, 0xF0, 0x00, 0x1F, 0xFF, 0x80, 0x3F, 0xFF, 0xC0, 0x73,
    0x33, 0xE0, 0xF3, 0x33, 0xF0, 0x7F, 0xFF, 0xE0, 0x35, 0x55, 0xC0, 0x1F,
    0xFF, 0x80, 0x00, 0x0F, 0x00, 0x01, 0xFF, 0xF8, 0x03, 0xFF, 0xFC, 0x07,
    0xCC, 0xCE, 0x0F, 0xCC, 0xCF, 0x07, 0xFF, 0xFE, 0x03, 0xAA, 0xAC, 0x01,
    0xFF, 0xF8, 0x00, 0xC0, 0x00, 0x00, 0xC0, 0x00, 0x03, 0xF0, 0x00, 0x07,
    0xF8, 0x00, 0x0F, 0xFC, 0x00, 0x0F, 0xFC, 0x00, 0x0F, 0xFC, 0x00, 0x0F,
    0xFC, 0x00, 0x00, 0x30, 0x00, 0x00, 0x30, 0x00, 0x00, 0xFC, 0x00, 0x01,
    0xFE, 0x00, 0x03, 0xFF, 0x00, 0x03, 0xFF, 0x00, 0x03, 0xFF, 0x00, 0x03,
    0xFF, 0x00, 0x00, 0x0C, 0x00, 0x00, 0x0C, 0x00, 0x00, 0x3F, 0x00, 0x00,
    0x7F, 0x80, 0x00, 0xFF, 0xC0, 0x00, 0xFF, 0xC0, 0x00, 0xFF, 0xC0, 0x00,
    0xFF, 0xC0, 0x00, 0x03, 0x00, 0x00, 0x03, 0x00, 0x00, 0x0F, 0xC0, 0x00,
    0x1F, 0xE0, 0x00, 0x3F, 0xF0, 0x00, 0x3F, 0xF0, 0x00, 0x3F, 0xF0, 0x00,
    0x3F, 0xF0, 0x18, 0x98, 0x69, 0x20, 0xA8, 0xA9, 0x00, 0x60, 0xA0, 0x00,
    0x18, 0xAD, 0x02, 0xB0, 0x30, 0xFB, 0x98, 0x91, 0x70, 0x20, 0x00, 0x30,
    0x90, 0xF9, 0x18, 0x60, 0xA0, 0x00, 0xAD, 0x02, 0xB0, 0x30, 0xFB, 0xA9,
    0x24, 0x91, 0x70, 0xA0, 0x20, 0xA9, 0x3C, 0x91, 0x70, 0xA0, 0x40, 0x91,
    0x70, 0xA0, 0x60, 0xA9, 0x18, 0x91, 0x70, 0xA0, 0x00, 0x60, 0xA0, 0x00,
    0xAD, 0x02, 0xB0, 0x30, 0xFB, 0xAD, 0x10, 0x28, 0x91, 0x70, 0xA0, 0x20,
    0x91, 0x70, 0xA0, 0x40, 0x91, 0x70, 0xA0, 0x60, 0x91, 0x70, 0xA0, 0x00,
    0x60, 0xA0, 0x00, 0xAD, 0x02, 0xB0, 0x30, 0xFB, 0xA9, 0x10, 0x91, 0x70,
    0xA0, 0x20, 0x91, 0x70, 0xA9, 0x08, 0xA0, 0x40, 0x91, 0x70, 0xA0, 0x60,
    0x91, 0x70, 0xA9, 0x10, 0xA0, 0x80, 0x91, 0x70, 0xA0, 0xA0, 0x91, 0x70,
    0xA9, 0x08, 0xA0, 0xC0, 0x91, 0x70, 0xA0, 0xE0, 0x91, 0x70, 0xA0, 0x00,
    0x60, 0xA0, 0x00, 0x18, 0xAD, 0x02, 0xB0, 0x30, 0xFB, 0xA9, 0x18, 0x91,
    0x70, 0x20, 0x00, 0x30, 0xA9, 0x3C, 0x91, 0x70, 0x20, 0x00, 0x30, 0xA9,
    0x7E, 0x91, 0x70, 0x20, 0x00, 0x30, 0xA9, 0xDB, 0x91, 0x70, 0x20, 0x00,
    0x30, 0xA9, 0xFF, 0x91, 0x70, 0x20, 0x00, 0x30, 0xA9, 0x7E, 0x91, 0x70,
    0x20, 0x00, 0x30, 0xA9, 0x24, 0x91, 0x70, 0x20, 0x00, 0x30, 0xA9, 0x24,
    0x91, 0x70, 0x20, 0x00, 0x30, 0x60, 0xA0, 0x00, 0x18, 0xAD, 0x02, 0xB0,
    0x30, 0xFB, 0xA9, 0x3C, 0x91, 0x70, 0x20, 0x00, 0x30, 0xA9, 0x7E, 0x91,
    0x70, 0x20, 0x00, 0x30, 0xA9, 0xFF, 0x91, 0x70, 0x20, 0x00, 0x30, 0xA9,
    0xDB, 0x91, 0x70, 0x20, 0x00, 0x30, 0xA9, 0xFF, 0x91, 0x70, 0x20, 0x00,
    0x30, 0xA9, 0x7E, 0x91, 0x70, 0x20, 0x00, 0x30, 0xA9, 0x42, 0x91, 0x70,
    0x20, 0x00, 0x30, 0xA9, 0x66, 0x91, 0x70, 0x20, 0x00, 0x30, 0x60, 0xA0,
    0x00, 0x18, 0xAD, 0x02, 0xB0, 0x30, 0xFB, 0xA9, 0x81, 0x91, 0x70, 0x20,
    0x00, 0x30, 0xA9, 0xBD, 0x91, 0x70, 0x20, 0x00, 0x30, 0xA9, 0x7E, 0x91,
    0x70, 0x20, 0x00, 0x30, 0xA9, 0xFF, 0x91, 0x70, 0x20, 0x00, 0x30, 0xA9,
    0xDB, 0x91, 0x70, 0x20, 0x00, 0x30, 0xA9, 0xFF, 0x91, 0x70, 0x20, 0x00,
    0x30, 0xA9, 0x66, 0x91, 0x70, 0x20, 0x00, 0x30, 0xA9, 0x24, 0x91, 0x70,
    0x20, 0x00, 0x30, 0x60, 0xA0, 0x00, 0x18, 0xAD, 0x02, 0xB0, 0x30, 0xFB,
    0xA9, 0x18, 0x91, 0x70, 0x20, 0x00, 0x30, 0xA9, 0x3C, 0x91, 0x70, 0x20,
    0x00, 0x30, 0xA9, 0x7E, 0x91, 0x70, 0x20, 0x00, 0x30, 0xA9, 0xDB, 0x91,
    0x70, 0x20, 0x00, 0x30, 0xA9, 0xFF, 0x91, 0x70, 0x20, 0x00, 0x30, 0xA9,
    0x7E, 0x91, 0x70, 0x20, 0x00, 0x30, 0xA9, 0x42, 0x91, 0x70, 0x20, 0x00,
    0x30, 0xA9, 0x81, 0x91, 0x70, 0x20, 0x00, 0x30, 0x60, 0xA0, 0x00, 0x18,
    0xAD, 0x02, 0xB0, 0x30, 0xFB, 0xA9, 0x3C, 0x91, 0x70, 0x20, 0x00, 0x30,
    0xA9, 0x7E, 0x91, 0x70, 0x20, 0x00, 0x30, 0xA9, 0xFF, 0x91, 0x70, 0x20,
    0x00, 0x30, 0xA9, 0xDB, 0x91, 0x70, 0x20, 0x00, 0x30, 0xA9, 0xFF, 0x91,
    0x70, 0x20, 0x00, 0x30, 0xA9, 0x7E, 0x91, 0x70, 0x20, 0x00, 0x30, 0xA9,
    0x42, 0x91, 0x70, 0x20, 0x00, 0x30, 0xA9, 0xC3, 0x91, 0x70, 0x20, 0x00,
    0x30, 0x60, 0xA0, 0x00, 0x18, 0xAD, 0x02, 0xB0, 0x30, 0xFB, 0xA9, 0x81,
    0x91, 0x70, 0x20, 0x00, 0x30, 0xA9, 0xBD, 0x91, 0x70, 0x20, 0x00, 0x30,
    0xA9, 0x7E, 0x91, 0x70, 0x20, 0x00, 0x30, 0xA9, 0xFF, 0x91, 0x70, 0x20,
    0x00, 0x30, 0xA9, 0xDB, 0x91, 0x70, 0x20, 0x00, 0x30, 0xA9, 0xFF, 0x91,
    0x70, 0x20, 0x00, 0x30, 0xA9, 0xC3, 0x91, 0x70, 0x20, 0x00, 0x30, 0xA9,
    0x81, 0x91, 0x70, 0x20, 0x00, 0x30, 0x60, 0xBD, 0x70, 0x2F, 0x91, 0x70,
    0xE8, 0xC8, 0xBD, 0x70, 0x2F, 0x91, 0x70, 0xE8, 0xC8, 0xBD, 0x70, 0x2F,
    0x91, 0x70, 0xE8, 0x60, 0xAD, 0x02, 0xB0, 0x30, 0xFB, 0xA0, 0x00, 0x20,
    0x09, 0x32, 0xA0, 0x20, 0x20, 0x09, 0x32, 0xA0, 0x40, 0x20, 0x09, 0x32,
    0xA0, 0x60, 0x20, 0x09, 0x32, 0xA0, 0x80, 0x20, 0x09, 0x32, 0xA0, 0xA0,
    0x20, 0x09, 0x32, 0xA0, 0xC0, 0x20, 0x09, 0x32, 0xA0, 0xE0, 0x20, 0x09,
    0x32, 0x60, 0xAD, 0x06, 0x28, 0xF0, 0x01, 0x60, 0xAD, 0x01, 0xB0, 0xC9,
    0xFF, 0xD0, 0x03, 0x4C, 0xB1, 0x32, 0x8D, 0x07, 0x28, 0xAD, 0x04, 0x28,
    0x29, 0x48, 0x69, 0x38, 0x0A, 0x0A, 0x2E, 0x13, 0x28, 0x2E, 0x05, 0x28,
    0x2E, 0x04, 0x28, 0xAD, 0x07, 0x28, 0xC9, 0x80, 0x10, 0x1F, 0xAD, 0x08,
    0x28, 0xC9, 0x1D, 0x10, 0x32, 0xAD, 0x0F, 0x28, 0x18, 0x69, 0x18, 0x8D,
    0x0F, 0x28, 0xC9, 0x79, 0x30, 0x25, 0xA9, 0x30, 0x8D, 0x0F, 0x28, 0xEE,
    0x08, 0x28, 0x4C, 0xB1, 0x32, 0xAD, 0x08, 0x28, 0xF0, 0x15, 0xAD, 0x0F,
    0x28, 0x38, 0xE9, 0x18, 0x8D, 0x0F, 0x28, 0xC9, 0x30, 0x10, 0x08, 0xA9,
    0x78, 0x8D, 0x0F, 0x28, 0xCE, 0x08, 0x28, 0xAD, 0x08, 0x28, 0x85, 0x70,
    0xAE, 0x0F, 0x28, 0xA9, 0x95, 0x85, 0x71, 0x4C, 0x1E, 0x32, 0xA2, 0x00,
    0xA0, 0x00, 0xBD, 0xD7, 0x28, 0xF0, 0x6B, 0x85, 0x71, 0xBD, 0xD6, 0x28,
    0x29, 0x1F, 0x85, 0x70, 0xB1, 0x70, 0x49, 0x81, 0xF0, 0x0F, 0xB1, 0x70,
    0x49, 0x3C, 0xF0, 0x09, 0xB1, 0x70, 0x49, 0x18, 0xF0, 0x03, 0x20, 0x08,
    0x30, 0xE6, 0x71, 0xA5, 0x71, 0xC9, 0x96, 0x30, 0x2A, 0xA9, 0x00, 0x9D,
    0xD7, 0x28, 0xAD, 0x02, 0xB0, 0x30, 0xFB, 0xA0, 0x80, 0xA9, 0x5C, 0x91,
    0x70, 0x20, 0x00, 0x30, 0xA9, 0xC5, 0x91, 0x70, 0x20, 0x00, 0x30, 0xA9,
    0xFF, 0x91, 0x70, 0xA0, 0x00, 0x88, 0x98, 0xD0, 0xFC, 0x20, 0x08, 0x30,
    0x4C, 0x34, 0x33, 0xA0, 0xC0, 0xB1, 0x70, 0x29, 0x24, 0xD0, 0x1A, 0xA5,
    0x71, 0x9D, 0xD7, 0x28, 0xBD, 0xD6, 0x28, 0x30, 0x06, 0x20, 0x1A, 0x30,
    0x4C, 0x34, 0x33, 0x20, 0x53, 0x30, 0xE8, 0xE8, 0xE0, 0x0A, 0xD0, 0x88,
    0x60, 0xA5, 0x71, 0xC9, 0x95, 0x10, 0x3D, 0xA0, 0x00, 0xB1, 0x70, 0xF0,
    0x2C, 0xC9, 0xFF, 0xD0, 0x2B, 0x20, 0x08, 0x30, 0xA0, 0x60, 0xA9, 0x33,
    0x91, 0x70, 0x20, 0x00, 0x30, 0xA9, 0x33, 0x91, 0x70, 0x20, 0x00, 0x30,
    0xA9, 0xF3, 0x91, 0x70, 0x20, 0x00, 0x30, 0xA9, 0xFF, 0x91, 0x70, 0x20,
    0x00, 0x30, 0xA9, 0xFF, 0x91, 0x70, 0x4C, 0x76, 0x33, 0x20, 0x08, 0x30,
    0xA9, 0x00, 0x9D, 0xD7, 0x28, 0x4C, 0x34, 0x33, 0xA9, 0x00, 0x9D, 0xD7,
    0x28, 0x20, 0x08, 0x30, 0xAD, 0x02, 0xB0, 0x30, 0xFB, 0xA0, 0x80, 0xA9,
    0x42, 0x91, 0x70, 0xA0, 0xA0, 0xA9, 0x95, 0x91, 0x70, 0xA0, 0xC0, 0xA9,
    0x28, 0x91, 0x70, 0xA0, 0xE0, 0xA9, 0xC5, 0x91, 0x70, 0xA9, 0xFF, 0x8D,
    0x06, 0x28, 0x60, 0xAD, 0x0C, 0x28, 0xD0, 0x03, 0x4C, 0x48, 0x35, 0x85,
    0x71, 0xAD, 0x0B, 0x28, 0x85, 0x70, 0xC6, 0x71, 0xA5, 0x71, 0xC9, 0x80,
    0x30, 0x1C, 0xA0, 0xC0, 0xB1, 0x70, 0xD0, 0x21, 0x20, 0x38, 0x30, 0xE6,
    0x71, 0xA0, 0xA0, 0xB1, 0x70, 0xD0, 0x03, 0x20, 0x08, 0x30, 0xC6, 0x71,
    0xA5, 0x71, 0x8D, 0x0C, 0x28, 0x60, 0xE6, 0x71, 0x20, 0x08, 0x30, 0xA9,
    0x00, 0x8D, 0x0C, 0x28, 0x60, 0x20, 0x08, 0x30, 0xE6, 0x71, 0x20, 0x08,
    0x30, 0xA9, 0x00, 0x8D, 0x0C, 0x28, 0xC6, 0x71, 0xA5, 0x71, 0xC9, 0x82,
    0x10, 0x7F, 0xA0, 0x08, 0x20, 0x88, 0xC9, 0xC6, 0x04, 0xA5, 0x08, 0x8D,
    0x04, 0x28, 0xC9, 0xC8, 0x90, 0x07, 0xA9, 0xC8, 0xA2, 0x20, 0x4C, 0x22,
    0x34, 0xC9, 0x64, 0x90, 0x07, 0xA9, 0x64, 0xA2, 0x10, 0x4C, 0x22, 0x34,
    0xA9, 0x32, 0xA2, 0x00, 0x18, 0x6D, 0x01, 0x28, 0x8D, 0x01, 0x28, 0xA9,
    0x00, 0x6D, 0x02, 0x28, 0x8D, 0x02, 0x28, 0xC6, 0x70, 0xC6, 0x70, 0x20,
    0x08, 0x30, 0xE6, 0x70, 0x20, 0x08, 0x30, 0xE6, 0x70, 0xE6, 0x70, 0xE6,
    0x70, 0x20, 0x08, 0x30, 0xC6, 0x70, 0xC6, 0x70, 0xA0, 0x00, 0x2C, 0x02,
    0xB0, 0x30, 0xFB, 0xBD, 0x34, 0x3B, 0x91, 0x70, 0xE8, 0x20, 0x00, 0x30,
    0x90, 0xF5, 0x4C, 0x64, 0x3B, 0xE6, 0x70, 0x20, 0x08, 0x30, 0x18, 0xA9,
    0x64, 0x6D, 0x01, 0x28, 0x8D, 0x01, 0x28, 0xA9, 0x00, 0x6D, 0x02, 0x28,
    0x8D, 0x02, 0x28, 0xA9, 0x00, 0x8D, 0x00, 0x28, 0x60, 0xA2, 0x72, 0xA0,
    0x00, 0xBD, 0x01, 0x28, 0xF0, 0x10, 0x85, 0x71, 0xBD, 0x00, 0x28, 0x85,
    0x70, 0xB1, 0x70, 0xD0, 0x05, 0xA9, 0x1E, 0x4C, 0xF1, 0x34, 0xE8, 0xE8,
    0xE0, 0x86, 0xD0, 0xE5, 0xBD, 0x01, 0x28, 0xF0, 0x10, 0x85, 0x71, 0xBD,
    0x00, 0x28, 0x85, 0x70, 0xB1, 0x70, 0xD0, 0x05, 0xA9, 0x14, 0x4C, 0xF1,
    0x34, 0xE8, 0xE8, 0xE0, 0xAE, 0xD0, 0xE5, 0xBD, 0x01, 0x28, 0xF0, 0x10,
    0x85, 0x71, 0xBD, 0x00, 0x28, 0x85, 0x70, 0xB1, 0x70, 0xD0, 0x05, 0xA9,
    0x0A, 0x4C, 0xF1, 0x34, 0xE8, 0xE8, 0xE0, 0xD6, 0xD0, 0xE5, 0xA2, 0x00,
    0xBD, 0xD7, 0x28, 0xF0, 0x13, 0x85, 0x71, 0xBD, 0xD6, 0x28, 0x29, 0x1F,
    0x85, 0x70, 0xB1, 0x70, 0xD0, 0x06, 0xA9, 0x00, 0x9D, 0xD7, 0x28, 0x60,
    0xE8, 0xE8, 0xE0, 0x0A, 0xD0, 0xE2, 0x60, 0x18, 0x6D, 0x01, 0x28, 0x8D,
    0x01, 0x28, 0xA9, 0x00, 0x6D, 0x02, 0x28, 0x8D, 0x02, 0x28, 0xAD, 0x02,
    0xB0, 0x30, 0xFB, 0xA0, 0x00, 0xA9, 0x18, 0x91, 0x70, 0xA0, 0x20, 0xA9,
    0x44, 0x91, 0x70, 0xA0, 0x40, 0xA9, 0x92, 0x91, 0x70, 0xA0, 0x60, 0xA9,
    0x22, 0x91, 0x70, 0xA0, 0x80, 0xA9, 0x40, 0x91, 0x70, 0xA0, 0xA0, 0xA9,
    0x10, 0x91, 0x70, 0xCE, 0x03, 0x28, 0xA9, 0x00, 0x9D, 0x01, 0x28, 0xA0,
    0x63, 0x88, 0x98, 0xAA, 0xCA, 0x8A, 0xD0, 0xFC, 0xAD, 0x02, 0xB0, 0x49,
    0x04, 0x8D, 0x02, 0xB0, 0x98, 0xD0, 0xEE, 0x4C, 0x08, 0x30, 0x2C, 0x02,
    0xB0, 0x50, 0x01, 0x60, 0xA9, 0x94, 0x8D, 0x0C, 0x28, 0xAD, 0x08, 0x28,
    0x8D, 0x0B, 0x28, 0xEE, 0x0B, 0x28, 0xA9, 0x95, 0x85, 0x71, 0xAD, 0x0B,
    0x28, 0x85, 0x70, 0xA0, 0x00, 0xB1, 0x70, 0x8D, 0x10, 0x28, 0xAD, 0x02,
    0xB0, 0x49, 0x04, 0x8D, 0x02, 0xB0, 0x60, 0x2C, 0x00, 0x28, 0x50, 0x3F,
    0x20, 0xA9, 0x33, 0x20, 0x4C, 0x32, 0xA9, 0x81, 0x85, 0x71, 0xAD, 0x00,
    0x28, 0x30, 0x11, 0x29, 0x1F, 0x85, 0x70, 0xA2, 0x18, 0x20, 0x1E, 0x32,
    0xA9, 0xC0, 0x05, 0x70, 0x8D, 0x00, 0x28, 0x60, 0xAD, 0x00, 0x28, 0x29,
    0x1F, 0x85, 0x70, 0x20, 0x08, 0x30, 0xE6, 0x70, 0xA5, 0x70, 0xC9, 0x1E,
    0x10, 0x26, 0xA2, 0x00, 0x20, 0x1E, 0x32, 0xA9, 0x40, 0x05, 0x70, 0x8D,
    0x00, 0x28, 0x60, 0xAD, 0x04, 0x28, 0x29, 0xFB, 0xF0, 0x01, 0x60, 0xA9,
    0x40, 0x8D, 0x00, 0x28, 0xAD, 0x03, 0x28, 0xF0, 0x01, 0x60, 0xA9, 0x00,
    0x8D, 0x00, 0x28, 0x60, 0xA9, 0x00, 0x8D, 0x00, 0x28, 0x20, 0x08, 0x30,
    0xE6, 0x70, 0x20, 0x08, 0x30, 0xE6, 0x70, 0x4C, 0x08, 0x30, 0xA2, 0x72,
    0x18, 0xBD, 0x01, 0x28, 0xD0, 0x03, 0x4C, 0x73, 0x36, 0x85, 0x71, 0xAD,
    0x00, 0x28, 0xF0, 0x0D, 0xA0, 0x14, 0xAD, 0x02, 0xB0, 0x49, 0x04, 0x8D,
    0x02, 0xB0, 0x88, 0xD0, 0xF5, 0xBD, 0x00, 0x28, 0x85, 0x70, 0x20, 0x08,
    0x30, 0xA5, 0x70, 0x6D, 0x09, 0x28, 0x9D, 0x00, 0x28, 0x18, 0xD0, 0x0C,
    0xAD, 0x09, 0x28, 0xC9, 0xFF, 0xD0, 0x05, 0xA9, 0x01, 0x8D, 0x0A, 0x28,
    0xBD, 0x00, 0x28, 0xC9, 0x1F, 0xD0, 0x0C, 0xAD, 0x09, 0x28, 0xC9, 0x01,
    0xD0, 0x05, 0xA9, 0xFF, 0x8D, 0x0A, 0x28, 0xBD, 0x00, 0x28, 0x85, 0x70,
    0x29, 0x01, 0xF0, 0x06, 0x20, 0x83, 0x30, 0x4C, 0x47, 0x36, 0x20, 0x46,
    0x31, 0x8A, 0x48, 0xA2, 0x00, 0xE8, 0xAC, 0x03, 0x28, 0x88, 0x98, 0xD0,
    0xFC, 0xE0, 0xC8, 0xD0, 0xF4, 0x20, 0xA9, 0x33, 0x20, 0x4C, 0x32, 0x20,
    0xA9, 0x33, 0x20, 0x4C, 0x32, 0x68, 0xAA, 0x29, 0x03, 0xD0, 0x0A, 0x8A,
    0x48, 0x20, 0xC0, 0x32, 0x20, 0x75, 0x35, 0x68, 0xAA, 0xE8, 0xE8, 0xE0,
    0x86, 0xF0, 0x03, 0x4C, 0xE6, 0x35, 0x18, 0x60, 0xA2, 0x86, 0x18, 0xBD,
    0x01, 0x28, 0xD0, 0x03, 0x4C, 0x0D, 0x37, 0x85, 0x71, 0xAD, 0x00, 0x28,
    0xF0, 0x0D, 0xA0, 0x14, 0xAD, 0x02, 0xB0, 0x49, 0x04, 0x8D, 0x02, 0xB0,
    0x88, 0xD0, 0xF5, 0xBD, 0x00, 0x28, 0x85, 0x70, 0x20, 0x08, 0x30, 0xA5,
    0x70, 0x6D, 0x09, 0x28, 0x9D, 0x00, 0x28, 0x18, 0xD0, 0x0C, 0xAD, 0x09,
    0x28, 0xC9, 0xFF, 0xD0, 0x05, 0xA9, 0x01, 0x8D, 0x0A, 0x28, 0xBD, 0x00,
    0x28, 0xC9, 0x1F, 0xD0, 0x0C, 0xAD, 0x09, 0x28, 0xC9, 0x01, 0xD0, 0x05,
    0xA9, 0xFF, 0x8D, 0x0A, 0x28, 0xBD, 0x00, 0x28, 0x85, 0x70, 0x29, 0x01,
    0xF0, 0x06, 0x20, 0xC4, 0x30, 0x4C, 0xE1, 0x36, 0x20, 0x87, 0x31, 0x8A,
    0x48, 0xA2, 0x00, 0xE8, 0xAC, 0x03, 0x28, 0x88, 0x98, 0xD0, 0xFC, 0xE0,
    0xC8, 0xD0, 0xF4, 0x20, 0xA9, 0x33, 0x20, 0x4C, 0x32, 0x20, 0xA9, 0x33,
    0x20, 0x4C, 0x32, 0x68, 0xAA, 0x29, 0x03, 0xD0, 0x0A, 0x8A, 0x48, 0x20,
    0xC0, 0x32, 0x20, 0x75, 0x35, 0x68, 0xAA, 0xE8, 0xE8, 0xE0, 0x9A, 0xF0,
    0x03, 0x4C, 0x80, 0x36, 0x18, 0x60, 0xA2, 0x9A, 0x18, 0xBD, 0x01, 0x28,
    0xD0, 0x03, 0x4C, 0xA7, 0x37, 0x85, 0x71, 0xAD, 0x00, 0x28, 0xF0, 0x0D,
    0xA0, 0x14, 0xAD, 0x02, 0xB0, 0x49, 0x04, 0x8D, 0x02, 0xB0, 0x88, 0xD0,
    0xF5, 0xBD, 0x00, 0x28, 0x85, 0x70, 0x20, 0x08, 0x30, 0xA5, 0x70, 0x6D,
    0x09, 0x28, 0x9D, 0x00, 0x28, 0x18, 0xD0, 0x0C, 0xAD, 0x09, 0x28, 0xC9,
    0xFF, 0xD0, 0x05, 0xA9, 0x01, 0x8D, 0x0A, 0x28, 0xBD, 0x00, 0x28, 0xC9,
    0x1F, 0xD0, 0x0C, 0xAD, 0x09, 0x28, 0xC9, 0x01, 0xD0, 0x05, 0xA9, 0xFF,
    0x8D, 0x0A, 0x28, 0xBD, 0x00, 0x28, 0x85, 0x70, 0x29, 0x01, 0xF0, 0x06,
    0x20, 0xC4, 0x30, 0x4C, 0x7B, 0x37, 0x20, 0x87, 0x31, 0x8A, 0x48, 0xA2,
    0x00, 0xE8, 0xAC, 0x03, 0x28, 0x88, 0x98, 0xD0, 0xFC, 0xE0, 0xC8, 0xD0,
    0xF4, 0x20, 0xA9, 0x33, 0x20, 0x4C, 0x32, 0x20, 0xA9, 0x33, 0x20, 0x4C,
    0x32, 0x68, 0xAA, 0x29, 0x03, 0xD0, 0x0A, 0x8A, 0x48, 0x20, 0xC0, 0x32,
    0x20, 0x75, 0x35, 0x68, 0xAA, 0xE8, 0xE8, 0xE0, 0xAE, 0xF0, 0x03, 0x4C,
    0x1A, 0x37, 0x18, 0x60, 0xA2, 0xAE, 0x18, 0xBD, 0x01, 0x28, 0xD0, 0x03,
    0x4C, 0x41, 0x38, 0x85, 0x71, 0xAD, 0x00, 0x28, 0xF0, 0x0D, 0xA0, 0x14,
    0xAD, 0x02, 0xB0, 0x49, 0x04, 0x8D, 0x02, 0xB0, 0x88, 0xD0, 0xF5, 0xBD,
    0x00, 0x28, 0x85, 0x70, 0x20, 0x08, 0x30, 0xA5, 0x70, 0x6D, 0x09, 0x28,
    0x9D, 0x00, 0x28, 0x18, 0xD0, 0x0C, 0xAD, 0x09, 0x28, 0xC9, 0xFF, 0xD0,
    0x05, 0xA9, 0x01, 0x8D, 0x0A, 0x28, 0xBD, 0x00, 0x28, 0xC9, 0x1F, 0xD0,
    0x0C, 0xAD, 0x09, 0x28, 0xC9, 0x01, 0xD0, 0x05, 0xA9, 0xFF, 0x8D, 0x0A,
    0x28, 0xBD, 0x00, 0x28, 0x85, 0x70, 0x29, 0x01, 0xF0, 0x06, 0x20, 0x05,
    0x31, 0x4C, 0x15, 0x38, 0x20, 0xC8, 0x31, 0x8A, 0x48, 0xA2, 0x00, 0xE8,
    0xAC, 0x03, 0x28, 0x88, 0x98, 0xD0, 0xFC, 0xE0, 0xC8, 0xD0, 0xF4, 0x20,
    0xA9, 0x33, 0x20, 0x4C, 0x32, 0x20, 0xA9, 0x33, 0x20, 0x4C, 0x32, 0x68,
    0xAA, 0x29, 0x03, 0xD0, 0x0A, 0x8A, 0x48, 0x20, 0xC0, 0x32, 0x20, 0x75,
    0x35, 0x68, 0xAA, 0xE8, 0xE8, 0xE0, 0xC2, 0xF0, 0x03, 0x4C, 0xB4, 0x37,
    0x18, 0x60, 0xA2, 0xC2, 0x18, 0xBD, 0x01, 0x28, 0xD0, 0x03, 0x4C, 0xDB,
    0x38, 0x85, 0x71, 0xAD, 0x00, 0x28, 0xF0, 0x0D, 0xA0, 0x14, 0xAD, 0x02,
    0xB0, 0x49, 0x04, 0x8D, 0x02, 0xB0, 0x88, 0xD0, 0xF5, 0xBD, 0x00, 0x28,
    0x85, 0x70, 0x20, 0x08, 0x30, 0xA5, 0x70, 0x6D, 0x09, 0x28, 0x9D, 0x00,
    0x28, 0x18, 0xD0, 0x0C, 0xAD, 0x09, 0x28, 0xC9, 0xFF, 0xD0, 0x05, 0xA9,
    0x01, 0x8D, 0x0A, 0x28, 0xBD, 0x00, 0x28, 0xC9, 0x1F, 0xD0, 0x0C, 0xAD,
    0x09, 0x28, 0xC9, 0x01, 0xD0, 0x05, 0xA9, 0xFF, 0x8D, 0x0A, 0x28, 0xBD,
    0x00, 0x28, 0x85, 0x70, 0x29, 0x01, 0xF0, 0x06, 0x20, 0x05, 0x31, 0x4C,
    0xAF, 0x38, 0x20, 0xC8, 0x31, 0x8A, 0x48, 0xA2, 0x00, 0xE8, 0xAC, 0x03,
    0x28, 0x88, 0x98, 0xD0, 0xFC, 0xE0, 0xC8, 0xD0, 0xF4, 0x20, 0xA9, 0x33,
    0x20, 0x4C, 0x32, 0x20, 0xA9, 0x33, 0x20, 0x4C, 0x32, 0x68, 0xAA, 0x29,
    0x03, 0xD0, 0x0A, 0x8A, 0x48, 0x20, 0xC0, 0x32, 0x20, 0x75, 0x35, 0x68,
    0xAA, 0xE8, 0xE8, 0xE0, 0xD6, 0xF0, 0x03, 0x4C, 0x4E, 0x38, 0x18, 0x60,
    0xA2, 0x72, 0x18, 0xBD, 0x01, 0x28, 0xF0, 0x23, 0x85, 0x71, 0xBD, 0x00,
    0x28, 0x85, 0x70, 0x20, 0x08, 0x30, 0xA5, 0x71, 0x69, 0x01, 0x9D, 0x01,
    0x28, 0x18, 0x85, 0x71, 0xA5, 0x70, 0x29, 0x01, 0xF0, 0x06, 0x20, 0x83,
    0x30, 0x4C, 0x11, 0x39, 0x20, 0x46, 0x31, 0xE8, 0xE8, 0xE0, 0x86, 0xD0,
    0xD1, 0x18, 0x60, 0xA2, 0x86, 0x18, 0xBD, 0x01, 0x28, 0xF0, 0x23, 0x85,
    0x71, 0xBD, 0x00, 0x28, 0x85, 0x70, 0x20, 0x08, 0x30, 0xA5, 0x71, 0x69,
    0x01, 0x9D, 0x01, 0x28, 0x18, 0x85, 0x71, 0xA5, 0x70, 0x29, 0x01, 0xF0,
    0x06, 0x20, 0xC4, 0x30, 0x4C, 0x44, 0x39, 0x20, 0x87, 0x31, 0xE8, 0xE8,
    0xE0, 0xAE, 0xD0, 0xD1, 0x18, 0x60, 0xA2, 0xAE, 0x18, 0xBD, 0x01, 0x28,
    0xF0, 0x23, 0x85, 0x71, 0xBD, 0x00, 0x28, 0x85, 0x70, 0x20, 0x08, 0x30,
    0xA5, 0x71, 0x69, 0x01, 0x9D, 0x01, 0x28, 0x18, 0x85, 0x71, 0xA5, 0x70,
    0x29, 0x01, 0xF0, 0x06, 0x20, 0x05, 0x31, 0x4C, 0x77, 0x39, 0x20, 0xC8,
    0x31, 0xE8, 0xE8, 0xE0, 0xD6, 0xD0, 0xD1, 0x18, 0x60, 0xA0, 0x72, 0xAD,
    0x03, 0x28, 0xC9, 0x0F, 0x10, 0x02, 0x0A, 0x0A, 0x8D, 0x12, 0x28, 0xAD,
    0x04, 0x28, 0x29, 0x48, 0x69, 0x38, 0x0A, 0x0A, 0x2E, 0x13, 0x28, 0x2E,
    0x05, 0x28, 0x2E, 0x04, 0x28, 0xAD, 0x04, 0x28, 0x29, 0x07, 0xD0, 0x2C,
    0xA9, 0x28, 0x85, 0x71, 0xA9, 0x51, 0x85, 0x70, 0xB1, 0x70, 0xD0, 0x27,
    0xA9, 0x3D, 0x85, 0x70, 0xB1, 0x70, 0xD0, 0x1F, 0xA9, 0x29, 0x85, 0x70,
    0xB1, 0x70, 0xD0, 0x17, 0xA9, 0x15, 0x85, 0x70, 0xB1, 0x70, 0xD0, 0x0F,
    0xA9, 0x01, 0x85, 0x70, 0xB1, 0x70, 0xD0, 0x07, 0xC8, 0xC8, 0xC0, 0x86,
    0xD0, 0xB5, 0x60, 0xA2, 0x00, 0xBD, 0xD7, 0x28, 0xD0, 0x18, 0xB1, 0x70,
    0x18, 0x69, 0x01, 0x9D, 0xD7, 0x28, 0xC6, 0x70, 0xAD, 0x04, 0x28, 0x29,
    0x80, 0x18, 0x71, 0x70, 0x9D, 0xD6, 0x28, 0x4C, 0xD2, 0x39, 0xE8, 0xE8,
    0xE0, 0x0A, 0xD0, 0x03, 0x4C, 0xD2, 0x39, 0xEC, 0x12, 0x28, 0x30, 0xD5,
    0x4C, 0xD2, 0x39, 0xA2, 0x72, 0xBD, 0x01, 0x28, 0x85, 0x71, 0xBD, 0x00,
    0x28, 0x85, 0x70, 0x20, 0x83, 0x30, 0xE8, 0xE8, 0xE0, 0x86, 0xD0, 0xED,
    0xBD, 0x01, 0x28, 0x85, 0x71, 0xBD, 0x00, 0x28, 0x85, 0x70, 0x20, 0xC4,
    0x30, 0xE8, 0xE8, 0xE0, 0xAE, 0xD0, 0xED, 0xBD, 0x01, 0x28, 0x85, 0x71,
    0xBD, 0x00, 0x28, 0x85, 0x70, 0x20, 0x05, 0x31, 0xE8, 0xE8, 0xE0, 0xD6,
    0xD0, 0xED, 0x60, 0x20, 0xE4, 0x35, 0x20, 0x7F, 0x39, 0xA9, 0x00, 0x8D,
    0x0E, 0x28, 0xAD, 0x06, 0x28, 0xF0, 0x01, 0x60, 0x20, 0x7E, 0x36, 0x20,
    0x7F, 0x39, 0xA9, 0x01, 0x8D, 0x0E, 0x28, 0xAD, 0x06, 0x28, 0xF0, 0x01,
    0x60, 0x20, 0x18, 0x37, 0x20, 0x7F, 0x39, 0xA9, 0x02, 0x8D, 0x0E, 0x28,
    0xAD, 0x06, 0x28, 0xF0, 0x01, 0x60, 0x20, 0xB2, 0x37, 0x20, 0x7F, 0x39,
    0xA9, 0x03, 0x8D, 0x0E, 0x28, 0xAD, 0x06, 0x28, 0xF0, 0x01, 0x60, 0x20,
    0x4C, 0x38, 0x20, 0x7F, 0x39, 0xA9, 0x04, 0x8D, 0x0E, 0x28, 0xAD, 0x06,
    0x28, 0xF0, 0x01, 0x60, 0x20, 0x75, 0x35, 0x20, 0xC0, 0x32, 0x20, 0x7F,
    0x39, 0x20, 0x4C, 0x32, 0x20, 0xA9, 0x33, 0xA2, 0x00, 0x8A, 0x1D, 0xD7,
    0x28, 0xE8, 0xE8, 0xE0, 0x0A, 0xD0, 0xF7, 0x0D, 0x00, 0x28, 0x0D, 0x03,
    0x28, 0xD0, 0x01, 0x60, 0xAD, 0x03, 0x28, 0xD0, 0x0D, 0xA2, 0x00, 0xA0,
    0xDC, 0xC8, 0xD0, 0xFD, 0xE8, 0xD0, 0xF8, 0x4C, 0xF4, 0x3A, 0xAD, 0x11,
    0x28, 0xA8, 0x49, 0x10, 0x8D, 0x11, 0x28, 0x98, 0xA2, 0x05, 0x88, 0xEA,
    0xEA, 0xEA, 0xEA, 0xEA, 0xEA, 0xEA, 0xEA, 0xD0, 0xF5, 0xA8, 0xAD, 0x02,
    0xB0, 0x49, 0x04, 0x8D, 0x02, 0xB0, 0x98, 0xCA, 0xD0, 0xE8, 0xAD, 0x00,
    0x28, 0xF0, 0x0D, 0xA0, 0x14, 0xAD, 0x02, 0xB0, 0x49, 0x04, 0x8D, 0x02,
    0xB0, 0x88, 0xD0, 0xF5, 0xAD, 0x0A, 0x28, 0xD0, 0x03, 0x4C, 0x45, 0x3A,
    0x20, 0x4C, 0x32, 0x20, 0xE6, 0x38, 0x20, 0x19, 0x39, 0x20, 0x4C, 0x39,
    0xA5, 0x71, 0xC9, 0x95, 0x30, 0x06, 0xA9, 0x01, 0x8D, 0x0D, 0x28, 0x60,
    0xAD, 0x0A, 0x28, 0x8D, 0x09, 0x28, 0xA9, 0x00, 0x8D, 0x0A, 0x28, 0x4C,
    0x45, 0x3A, 0x00, 0x7B, 0x42, 0x7A, 0x0A, 0x7B, 0x00, 0x00, 0x00, 0xC0,
    0x40, 0x40, 0x40, 0xC0, 0x00, 0x00, 0x00, 0x13, 0x32, 0x12, 0x12, 0x3B,
    0x00, 0x00, 0x00, 0xDE, 0x52, 0x52, 0x52, 0xDE, 0x00, 0x00, 0x00, 0x7B,
    0x0A, 0x7A, 0x42, 0x7B, 0x00, 0x00, 0x00, 0xDE, 0x52, 0x52, 0x52, 0xDE,
    0x00, 0x00, 0xE6, 0x70, 0xBD, 0x34, 0x3B, 0x91, 0x70, 0xE8, 0x20, 0x00,
    0x30, 0x90, 0xF5, 0xA9, 0x00, 0x8D, 0x00, 0x28, 0xA2, 0x00, 0xBD, 0x00,
    0x30, 0x29, 0x04, 0x4D, 0x02, 0xB0, 0x8D, 0x02, 0xB0, 0xA0, 0x00, 0x88,
    0xD0, 0xFD, 0xE8, 0xD0, 0xED, 0x20, 0x08, 0x30, 0xC6, 0x70, 0x4C, 0x08,
    0x30, 0x60, 0xA0, 0x08, 0x20, 0x88, 0xC9, 0xC6, 0x04, 0xA5, 0x08, 0x29,
    0x3F, 0xD0, 0x53, 0x2E, 0x61, 0x3B, 0x50, 0x2E, 0x27, 0x22, 0x41, 0x54,
    0x54, 0x45, 0x4D, 0x50, 0x54, 0x20, 0x54, 0x4F, 0x20, 0x4C, 0x45, 0x41,
    0x56, 0x45, 0x20, 0x47, 0x41, 0x4C, 0x41, 0x58, 0x59, 0x22, 0x0D, 0x27,
    0x4C, 0x6A, 0x46, 0x4F, 0x52, 0x40, 0x3D, 0x30, 0x54, 0x4F, 0x33, 0x30,
    0x30, 0x30, 0x3B, 0x4E, 0x2E, 0x3B, 0x52, 0x2E, 0x0D, 0x00, 0x20, 0x20,
    0x20, 0x20, 0x20, 0x20, 0x20, 0x20, 0x20, 0x20, 0x20, 0x20, 0x20, 0x20,
    0x20, 0x20, 0x20, 0x39, 0x38, 0x30, 0x0D, 0xE2, 0x20, 0x90, 0x12, 0x00,
    0x20, 0xC0, 0x30, 0xB0, 0x00, 0x62, 0x00, 0x00, 0x50, 0x50, 0x40, 0x82,
    0x22, 0x00};

int keyl[128];
int keys[16][6] =
    {
        {0, KEY_3, KEY_MINUS, KEY_G, KEY_Q, KEY_ESC},
        {0, KEY_2, KEY_COMMA, KEY_F, KEY_P, KEY_Z},
        {KEY_UP, KEY_1, KEY_SEMICOLON, KEY_E, KEY_O, KEY_Y},
        {KEY_RIGHT, KEY_0, KEY_MONKEYTALE, KEY_D, KEY_N, KEY_X},
        {KEY_CAPSLOCK, KEY_BACKSPACE, KEY_9, KEY_C, KEY_M, KEY_W},
        {0, ATOM_MATRIX_COPY_ID, KEY_8, KEY_B, KEY_L, KEY_V},
        {KEY_CLOSEBRACE, KEY_ENTER, KEY_7, KEY_A, KEY_K, KEY_U},
        {KEY_BACKSLASH, 0, KEY_6, 0x55, KEY_J, KEY_T},
        {KEY_OPENBRACE, 0, KEY_5, KEY_SLASH, KEY_I, KEY_S},
        {KEY_SPACE, 0, KEY_4, KEY_STOP, KEY_H, KEY_R}};

// int keylookup[128];

void initmem();
void drawlines(int);
void loadroms();
// void initvideo();
void init8255();
void atom_reset(int);
void atom_run();
void resetvia();
void reset6502();
void exec6502(int, int);
void updatetimers();
void writememl(uint16_t, uint8_t);
uint8_t readmeml(uint16_t);
void setup();

int totcyc = 0;
int skipint, nmi, nmilock;
int timetolive, oldnmi;
int skipint2, oldnmi2;
uint8_t *ram, *svideo; //, *rom;

int drawscr = 0;
int ddframes = 0;
int timerspeeds[] = {5, 12, 25, 38, 50, 75, 85, 100, 150, 200, 250};
int frameskips[] = {0, 0, 0, 0, 0, 0, 0, 1, 2, 3, 4};
int emuspeed = 4;
int fskipmax = 0;

void scrupdate()
{
  ddframes++;
  drawscr++;
}

int cycles = 0;
int output = 0;
int ins = 0;

/* RAMROM */
int RR_bankreg = 0;
int RR_enables = 1;
int RR_jumpers = 4;
int ramrom_enable = 1;

void initmem()
{
  ram = (byte *)malloc(0xA000);
  svideo = (byte *)malloc(6144);
  Serial.printf("ram: %X\r\n", ram);

  // rom = (uint8_t *)malloc(0x6000);
  //                               ROM_MEM_SIZE +
  //                         RAM_ROM_SIZE + ROM_SIZE_GDOS2015);
  //  Serial.printf("rom: %X\r\n", rom);

  // (ROM_MEM_SIZE + RAM_ROM_SIZE + ROM_SIZE_GDOS2015);

  memset(ram, 0, 0x9fff);

  ram[8] = rand() & 255;
  ram[9] = rand() & 255;
  ram[10] = rand() & 255;
  ram[11] = rand() & 255;
}

void changetimerspeed(int i)
{
  // LB remove_int(scrupdate);
  // LB  install_int_ex(scrupdate, BPS_TO_TIMER(i * 6));
}

int oldf12 = 0;

void atom_run()
{
  exec6502(225, 64);
}

#define readmem(a) readmeml(a)
#define writemem(a, v) writememl(a, v)
// #define readmem(a) ((memstat[(a) >> 8] == 2) ? readmeml(a) : mem[(a) >> 8][(a)&0xFF])
/* #define writemem(a, b)             \
  if (memstat[(a) >> 8] == 0)      \
  mem[(a) >> 8][(a)&0xFF] = b;   \
  else if (memstat[(a) >> 8] == 2) \
  writememl(a, b, lines);
*/

// MH - function needs to be declared static inline to compile on OSX
static inline uint16_t getsw()
{
  uint16_t temp = readmem(pc);
  pc++;

  temp |= (readmem(pc) << 8);
  pc++;
  return temp;
}
#define getw() getsw()
// #define getw() (readmem(pc)|(readmem(pc+1)<<8)); pc+=2

void reset6502()
{
  //        atexit(dumpram);
  // reset_rom();
  pc = readmem(0xFFFC) | (readmem(0xFFFD) << 8);
  p.i = 1;
  nmi = oldnmi = nmilock = 0;
}

void dumpregs()
{
  // dumpram();
  Serial.printf("6502 registers :\n");
  Serial.printf("A=%02X X=%02X Y=%02X S=01%02X PC=%04X\n", a, x, y, s, pc);
  Serial.printf("Status : %c%c%c%c%c%c\n", (p.n) ? 'N' : ' ', (p.v) ? 'V' : ' ', (p.d) ? 'D' : ' ', (p.i) ? 'I' : ' ', (p.z) ? 'Z' : ' ', (p.c) ? 'C' : ' ');
}

#define setzn(v) \
  p.z = !(v);    \
  p.n = (v)&0x80

#define push(v) ram[0x100 + (s--)] = v
#define pull() ram[0x100 + (++s)]

#define polltime(c)                   \
  {                                   \
    cycles -= c;                      \
    totcyc += c;                      \
    via.t1c -= c;                     \
    if (!(via.acr & 0x20))            \
      via.t2c -= c;                   \
    if (via.t1c < -1 || via.t2c < -1) \
      updatetimers();                 \
  }

/*ADC/SBC temp variables*/
uint16_t tempw;
int tempv, hc, al, ah;
uint8_t tempb;
#define ADC(temp)                                         \
  if (!p.d)                                               \
  {                                                       \
    tempw = (a + temp + (p.c ? 1 : 0));                   \
    p.v = (!((a ^ temp) & 0x80) && ((a ^ tempw) & 0x80)); \
    a = tempw & 0xFF;                                     \
    p.c = tempw & 0x100;                                  \
    setzn(a);                                             \
  }                                                       \
  else                                                    \
  {                                                       \
    ah = 0;                                               \
    p.z = p.n = 0;                                        \
    tempb = a + temp + (p.c ? 1 : 0);                     \
    if (!tempb)                                           \
      p.z = 1;                                            \
    al = (a & 0xF) + (temp & 0xF) + (p.c ? 1 : 0);        \
    if (al > 9)                                           \
    {                                                     \
      al -= 10;                                           \
      al &= 0xF;                                          \
      ah = 1;                                             \
    }                                                     \
    ah += ((a >> 4) + (temp >> 4));                       \
    if (ah & 8)                                           \
      p.n = 1;                                            \
    p.v = (((ah << 4) ^ a) & 128) && !((a ^ temp) & 128); \
    p.c = 0;                                              \
    if (ah > 9)                                           \
    {                                                     \
      p.c = 1;                                            \
      ah -= 10;                                           \
      ah &= 0xF;                                          \
    }                                                     \
    a = (al & 0xF) | (ah << 4);                           \
  }

#define SBC(temp)                                         \
  if (!p.d)                                               \
  {                                                       \
    tempw = a - (temp + (p.c ? 0 : 1));                   \
    tempv = (int16_t)a - (int16_t)(temp + (p.c ? 0 : 1)); \
    p.v = (((a ^ temp) & 0x80) && ((a ^ tempw) & 0x80));  \
    p.c = tempv >= 0;                                     \
    a = tempw & 0xFF;                                     \
    setzn(a);                                             \
  }                                                       \
  else                                                    \
  {                                                       \
    hc = 0;                                               \
    p.z = p.n = 0;                                        \
    tempb = a - temp - ((p.c) ? 0 : 1);                   \
    if (!(tempb))                                         \
      p.z = 1;                                            \
    al = (a & 15) - (temp & 15) - ((p.c) ? 0 : 1);        \
    if (al & 16)                                          \
    {                                                     \
      al -= 6;                                            \
      al &= 0xF;                                          \
      hc = 1;                                             \
    }                                                     \
    ah = (a >> 4) - (temp >> 4);                          \
    if (hc)                                               \
      ah--;                                               \
    if ((a - (temp + ((p.c) ? 0 : 1))) & 0x80)            \
      p.n = 1;                                            \
    p.v = ((a ^ temp) & 0x80) && ((a ^ tempb) & 0x80);    \
    p.c = 1;                                              \
    if (ah & 16)                                          \
    {                                                     \
      p.c = 0;                                            \
      ah -= 6;                                            \
      ah &= 0xF;                                          \
    }                                                     \
    a = (al & 0xF) | ((ah & 0xF) << 4);                   \
  }

// int lns;
uint8_t opcode;
void exec6502(int linenum, int cpl)
{
  uint16_t addr;
  uint8_t temp;
  int tempi;
  int8_t offset;
  int c;
  int lines;
  int oldcyc;
  int halfline;
  unsigned long ts1, ts2;
  // Maintain an error metric in 1000th of a cycle
  int error = 0;

  ts2 = millis();
  int nInstr = 0;
  static int nT = 0;

  for (lines = 0; lines < linenum; lines++)
  {
    int lns = lines;
    // ts1 = millis();
    if (lines < 225)
    {
      drawline(lines);
    }
    for (halfline = 0; halfline < 2; halfline++)
    {

      cycles += (cpl >> 1);
      // Serial.printf(", cycles: %d\r", cycles);
      //  At cps=64 us, every half line the error is 0.152us
      error += 152;
      if (error >= 1000)
      {
        cycles--;
        error -= 1000;
      }

      while (cycles > 0)
      {
        // Serial.print("*");
        oldcyc = cycles;
        if (skipint == 1)
        {
          skipint = 0;
        }
        opcode = readmem(pc);
        nInstr++;
        pc++;
        switch (opcode)
        {
        case 0x00: /*BRK*/
          /*                                Serial.printf("BRK at %04X\n",pc);
                     dumpregs();
                     dumpram();
                     exit(-1);*/
          pc++;
          push(pc >> 8);
          push(pc & 0xFF);
          temp = 0x30;
          if (p.c)
            temp |= 1;
          if (p.z)
            temp |= 2;
          if (p.d)
            temp |= 8;
          if (p.v)
            temp |= 0x40;
          if (p.n)
            temp |= 0x80;
          push(temp);
          pc = readmem(0xFFFE) | (readmem(0xFFFF) << 8);
          p.i = 1;
          polltime(7);
          break;

        case 0x01: /*ORA (,x)*/
          temp = readmem(pc) + x;
          pc++;
          addr = readmem(temp) | (readmem(temp + 1) << 8);
          a |= readmem(addr);
          setzn(a);
          polltime(6);
          break;

        case 0x05: /*ORA zp*/
          addr = readmem(pc);
          pc++;
          a |= readmem(addr);
          setzn(a);
          polltime(3);
          break;

        case 0x06: /*ASL zp*/
          addr = readmem(pc);
          pc++;
          temp = readmem(addr);
          p.c = temp & 0x80;
          temp <<= 1;
          setzn(temp);
          writemem(addr, temp);
          polltime(5);
          break;

        case 0x08: /*PHP*/
          temp = 0x30;
          if (p.c)
            temp |= 1;
          if (p.z)
            temp |= 2;
          if (p.i)
            temp |= 4;
          if (p.d)
            temp |= 8;
          if (p.v)
            temp |= 0x40;
          if (p.n)
            temp |= 0x80;
          push(temp);
          polltime(3);
          break;

        case 0x09: /*ORA imm*/
          a |= readmem(pc);
          pc++;
          setzn(a);
          polltime(2);
          break;

        case 0x0A: /*ASL A*/
          p.c = a & 0x80;
          a <<= 1;
          setzn(a);
          polltime(2);
          break;

        case 0x0B: /*ANC imm*/
          a &= readmem(pc);
          pc++;
          setzn(a);
          p.c = p.n;
          polltime(2);
          break;

        case 0x0D: /*ORA abs*/
          addr = getw();
          a |= readmem(addr);
          setzn(a);
          polltime(4);
          break;

        case 0x0E: /*ASL abs*/
          addr = getw();
          temp = readmem(addr);
          p.c = temp & 0x80;
          temp <<= 1;
          setzn(temp);
          writemem(addr, temp);
          polltime(6);
          break;

        case 0x10: /*BPL*/
          offset = (int8_t)readmem(pc);
          pc++;
          temp = 2;
          if (!p.n)
          {
            temp++;
            if ((pc & 0xFF00) ^ ((pc + offset) & 0xFF00))
              temp++;
            pc += offset;
          }
          polltime(temp);
          break;

        case 0x11: /*ORA (),y*/
          temp = readmem(pc);
          pc++;
          addr = readmem(temp) + (readmem(temp + 1) << 8);
          if ((addr & 0xFF00) ^ ((addr + y) & 0xFF00))
            polltime(1);
          a |= readmem(addr + y);
          setzn(a);
          polltime(5);
          break;

        case 0x15: /*ORA zp,x*/
          addr = readmem(pc);
          pc++;
          a |= ram[(addr + x) & 0xFF];
          setzn(a);
          polltime(3);
          break;

        case 0x16: /*ASL zp,x*/
          addr = (readmem(pc) + x) & 0xFF;
          pc++;
          temp = ram[addr];
          p.c = temp & 0x80;
          temp <<= 1;
          setzn(temp);
          ram[addr] = temp;
          polltime(5);
          break;

        case 0x18: /*CLC*/
          p.c = 0;
          polltime(2);
          break;

        case 0x19: /*ORA abs,y*/
          addr = getw();
          if ((addr & 0xFF00) ^ ((addr + y) & 0xFF00))
            polltime(1);
          a |= readmem(addr + y);
          setzn(a);
          polltime(4);
          break;

        case 0x1D: /*ORA abs,x*/
          addr = getw();
          if ((addr & 0xFF00) ^ ((addr + x) & 0xFF00))
            polltime(1);
          addr += x;
          a |= readmem(addr);
          setzn(a);
          polltime(4);
          break;

        case 0x1E: /*ASL abs,x*/
          addr = getw();
          addr += x;
          temp = readmem(addr);
          p.c = temp & 0x80;
          temp <<= 1;
          writemem(addr, temp);
          setzn(temp);
          polltime(7);
          break;

        case 0x20: /*JSR*/
          addr = getw();
          pc--;
          push(pc >> 8);
          push(pc);
          pc = addr;
          polltime(6);
          break;

        case 0x21: /*AND (,x)*/
          temp = readmem(pc) + x;
          pc++;
          addr = readmem(temp) | (readmem(temp + 1) << 8);
          a &= readmem(addr);
          setzn(a);
          polltime(6);
          break;

        case 0x24: /*BIT zp*/
          addr = readmem(pc);
          pc++;
          temp = readmem(addr);
          p.z = !(a & temp);
          p.v = temp & 0x40;
          p.n = temp & 0x80;
          polltime(3);
          break;

        case 0x25: /*AND zp*/
          addr = readmem(pc);
          pc++;
          a &= readmem(addr);
          setzn(a);
          polltime(3);
          break;

        case 0x26: /*ROL zp*/
          addr = readmem(pc);
          pc++;
          temp = readmem(addr);
          tempi = p.c;
          p.c = temp & 0x80;
          temp <<= 1;
          if (tempi)
            temp |= 1;
          setzn(temp);
          writemem(addr, temp);
          polltime(5);
          break;

        case 0x28: /*PLP*/
          temp = pull();
          p.c = temp & 1;
          p.z = temp & 2;
          p.i = temp & 4;
          p.d = temp & 8;
          p.v = temp & 0x40;
          p.n = temp & 0x80;
          polltime(4);
          break;

        case 0x29: /*AND*/
          a &= readmem(pc);
          pc++;
          setzn(a);
          polltime(2);
          break;

        case 0x2A: /*ROL A*/
          tempi = p.c;
          p.c = a & 0x80;
          a <<= 1;
          if (tempi)
            a |= 1;
          setzn(a);
          polltime(2);
          break;

        case 0x2C: /*BIT abs*/
          addr = getw();
          temp = readmem(addr);
          p.z = !(a & temp);
          p.v = temp & 0x40;
          p.n = temp & 0x80;
          polltime(4);
          break;

        case 0x2D: /*AND abs*/
          addr = getw();
          a &= readmem(addr);
          setzn(a);
          polltime(4);
          break;

        case 0x2E: /*ROL abs*/
          addr = getw();
          temp = readmem(addr);
          tempi = p.c;
          p.c = temp & 0x80;
          temp <<= 1;
          if (tempi)
            temp |= 1;
          writemem(addr, temp);
          setzn(temp);
          polltime(6);
          break;

        case 0x30: /*BMI*/
          offset = (int8_t)readmem(pc);
          pc++;
          temp = 2;
          if (p.n)
          {
            temp++;
            if ((pc & 0xFF00) ^ ((pc + offset) & 0xFF00))
              temp++;
            pc += offset;
          }
          polltime(temp);
          break;

        case 0x31: /*AND (),y*/
          temp = readmem(pc);
          pc++;
          addr = readmem(temp) + (readmem(temp + 1) << 8);
          if ((addr & 0xFF00) ^ ((addr + y) & 0xFF00))
            polltime(1);
          a &= readmem(addr + y);
          setzn(a);
          polltime(5);
          break;

        case 0x35: /*AND zp,x*/
          addr = readmem(pc);
          pc++;
          a &= ram[(addr + x) & 0xFF];
          setzn(a);
          polltime(3);
          break;

        case 0x36: /*ROL zp,x*/
          addr = readmem(pc);
          pc++;
          addr += x;
          addr &= 0xFF;
          temp = ram[addr];
          tempi = p.c;
          p.c = temp & 0x80;
          temp <<= 1;
          if (tempi)
            temp |= 1;
          setzn(temp);
          ram[addr] = temp;
          polltime(5);
          break;

        case 0x38: /*SEC*/
          p.c = 1;
          polltime(2);
          break;

        case 0x39: /*AND abs,y*/
          addr = getw();
          if ((addr & 0xFF00) ^ ((addr + y) & 0xFF00))
            polltime(1);
          a &= readmem(addr + y);
          setzn(a);
          polltime(4);
          break;

        case 0x3D: /*AND abs,x*/
          addr = getw();
          if ((addr & 0xFF00) ^ ((addr + x) & 0xFF00))
            polltime(1);
          addr += x;
          a &= readmem(addr);
          setzn(a);
          polltime(4);
          break;

        case 0x3E: /*ROL abs,x*/
          addr = getw();
          addr += x;
          temp = readmem(addr);
          tempi = p.c;
          p.c = temp & 0x80;
          temp <<= 1;
          if (tempi)
            temp |= 1;
          writemem(addr, temp);
          setzn(temp);
          polltime(7);
          break;

        case 0x40: /*RTI*/
          //                                output=0;
          temp = pull();
          p.c = temp & 1;
          p.z = temp & 2;
          p.i = temp & 4;
          p.d = temp & 8;
          p.v = temp & 0x40;
          p.n = temp & 0x80;
          pc = pull();
          pc |= (pull() << 8);
          polltime(6);
          nmilock = 0;
          break;

        case 0x41: /*EOR (,x)*/
          temp = readmem(pc) + x;
          pc++;
          addr = readmem(temp) | (readmem(temp + 1) << 8);
          a ^= readmem(addr);
          setzn(a);
          polltime(6);
          break;

        case 0x45: /*EOR zp*/
          addr = readmem(pc);
          pc++;
          a ^= readmem(addr);
          setzn(a);
          polltime(3);
          break;

        case 0x46: /*LSR zp*/
          addr = readmem(pc);
          pc++;
          temp = readmem(addr);
          p.c = temp & 1;
          temp >>= 1;
          setzn(temp);
          writemem(addr, temp);
          polltime(5);
          break;

        case 0x48: /*PHA*/
          push(a);
          polltime(3);
          break;

        case 0x49: /*EOR*/
          a ^= readmem(pc);
          pc++;
          setzn(a);
          polltime(2);
          break;

        case 0x4A: /*LSR A*/
          p.c = a & 1;
          a >>= 1;
          setzn(a);
          polltime(2);
          break;

        case 0x4C: /*JMP*/
          addr = getw();
          pc = addr;
          polltime(3);
          break;

        case 0x4D: /*EOR abs*/
          addr = getw();
          a ^= readmem(addr);
          setzn(a);
          polltime(4);
          break;

        case 0x4E: /*LSR abs*/
          addr = getw();
          polltime(4);
          temp = readmem(addr);
          polltime(1);
          writemem(addr, temp);
          polltime(1);
          p.c = temp & 1;
          temp >>= 1;
          setzn(temp);
          writemem(addr, temp);
          polltime(6);
          break;

        case 0x50: /*BVC*/
          offset = (int8_t)readmem(pc);
          pc++;
          temp = 2;
          if (!p.v)
          {
            temp++;
            if ((pc & 0xFF00) ^ ((pc + offset) & 0xFF00))
              temp++;
            pc += offset;
          }
          polltime(temp);
          break;

        case 0x51: /*EOR (),y*/
          temp = readmem(pc);
          pc++;
          addr = readmem(temp) + (readmem(temp + 1) << 8);
          if ((addr & 0xFF00) ^ ((addr + y) & 0xFF00))
            polltime(1);
          a ^= readmem(addr + y);
          setzn(a);
          polltime(5);
          break;

        case 0x55: /*EOR zp,x*/
          addr = readmem(pc);
          pc++;
          a ^= ram[(addr + x) & 0xFF];
          setzn(a);
          polltime(3);
          break;

        case 0x56: /*LSR zp,x*/
          addr = (readmem(pc) + x) & 0xFF;
          pc++;
          temp = ram[addr];
          p.c = temp & 1;
          temp >>= 1;
          setzn(temp);
          ram[addr] = temp;
          polltime(5);
          break;

        case 0x58: /*CLI*/
          //                                if (pc<0x8000) Serial.printf("CLI at %04X\n",pc);
          p.i = 0;
          skipint = 1;
          polltime(2);
          break;

        case 0x59: /*EOR abs,y*/
          addr = getw();
          if ((addr & 0xFF00) ^ ((addr + y) & 0xFF00))
            polltime(1);
          a ^= readmem(addr + y);
          setzn(a);
          polltime(4);
          break;

        case 0x5D: /*EOR abs,x*/
          addr = getw();
          if ((addr & 0xFF00) ^ ((addr + x) & 0xFF00))
            polltime(1);
          addr += x;
          a ^= readmem(addr);
          setzn(a);
          polltime(4);
          break;

        case 0x5E: /*LSR abs,x*/
          addr = getw();
          addr += x;
          temp = readmem(addr);
          p.c = temp & 1;
          temp >>= 1;
          writemem(addr, temp);
          setzn(temp);
          polltime(7);
          break;

        case 0x60: /*RTS*/
          pc = pull();
          pc |= (pull() << 8);
          pc++;
          polltime(6);
          break;

        case 0x61: /*ADC (,x)*/
          temp = readmem(pc) + x;
          pc++;
          addr = readmem(temp) | (readmem(temp + 1) << 8);
          temp = readmem(addr);
          ADC(temp);
          polltime(6);
          break;

        case 0x65: /*ADC zp*/
          addr = readmem(pc);
          pc++;
          temp = readmem(addr);
          ADC(temp);
          polltime(3);
          break;

        case 0x66: /*ROR zp*/
          addr = readmem(pc);
          pc++;
          temp = readmem(addr);
          tempi = p.c;
          p.c = temp & 1;
          temp >>= 1;
          if (tempi)
            temp |= 0x80;
          setzn(temp);
          writemem(addr, temp);
          polltime(5);
          break;

        case 0x68: /*PLA*/
          a = pull();
          setzn(a);
          polltime(4);
          break;

        case 0x69: /*ADC imm*/
          temp = readmem(pc);
          pc++;
          ADC(temp);
          polltime(2);
          break;

        case 0x6A: /*ROR A*/
          tempi = p.c;
          p.c = a & 1;
          a >>= 1;
          if (tempi)
            a |= 0x80;
          setzn(a);
          polltime(2);
          break;

        case 0x6C: /*JMP ()*/
          addr = getw();
          if ((addr & 0xFF) == 0xFF)
            pc = readmem(addr) | (readmem(addr - 0xFF) << 8);
          else
            pc = readmem(addr) | (readmem(addr + 1) << 8);
          polltime(5);
          break;

        case 0x6D: /*ADC abs*/
          addr = getw();
          temp = readmem(addr);
          ADC(temp);
          polltime(4);
          break;

        case 0x6E: /*ROR abs*/
          addr = getw();
          polltime(4);
          temp = readmem(addr);
          polltime(1);
          writemem(addr, temp);
          polltime(1);
          tempi = p.c;
          p.c = temp & 1;
          temp >>= 1;
          if (tempi)
            temp |= 0x80;
          setzn(temp);
          writemem(addr, temp);
          break;

        case 0x70: /*BVS*/
          offset = (int8_t)readmem(pc);
          pc++;
          temp = 2;
          if (p.v)
          {
            temp++;
            if ((pc & 0xFF00) ^ ((pc + offset) & 0xFF00))
              temp++;
            pc += offset;
          }
          polltime(temp);
          break;

        case 0x71: /*ADC (),y*/
          temp = readmem(pc);
          pc++;
          addr = readmem(temp) + (readmem(temp + 1) << 8);
          if ((addr & 0xFF00) ^ ((addr + y) & 0xFF00))
            polltime(1);
          temp = readmem(addr + y);
          ADC(temp);
          polltime(5);
          break;

        case 0x75: /*ADC zp,x*/
          addr = readmem(pc);
          pc++;
          temp = ram[(addr + x) & 0xFF];
          ADC(temp);
          polltime(4);
          break;

        case 0x76: /*ROR zp,x*/
          addr = readmem(pc);
          pc++;
          addr += x;
          addr &= 0xFF;
          temp = ram[addr];
          tempi = p.c;
          p.c = temp & 1;
          temp >>= 1;
          if (tempi)
            temp |= 0x80;
          setzn(temp);
          ram[addr] = temp;
          polltime(5);
          break;

        case 0x78: /*SEI*/
          //                                if (pc<0x8000) Serial.printf("SEI at %04X\n",pc);
          p.i = 1;
          polltime(2);
          //                                if (output2) Serial.printf("SEI at line %i %04X %02X %02X\n",lines,pc,ram[0x103+s],ram[0x104+s]);
          break;

        case 0x79: /*ADC abs,y*/
          addr = getw();
          if ((addr & 0xFF00) ^ ((addr + y) & 0xFF00))
            polltime(1);
          temp = readmem(addr + y);
          ADC(temp);
          polltime(4);
          break;

        case 0x7D: /*ADC abs,x*/
          addr = getw();
          if ((addr & 0xFF00) ^ ((addr + x) & 0xFF00))
            polltime(1);
          addr += x;
          temp = readmem(addr);
          ADC(temp);
          polltime(4);
          break;

        case 0x7E: /*ROR abs,x*/
          addr = getw();
          addr += x;
          temp = readmem(addr);
          tempi = p.c;
          p.c = temp & 1;
          temp >>= 1;
          if (tempi)
            temp |= 0x80;
          writemem(addr, temp);
          setzn(temp);
          polltime(7);
          break;

        case 0x81: /*STA (,x)*/
          temp = readmem(pc) + x;
          pc++;
          addr = readmem(temp) | (readmem(temp + 1) << 8);
          writemem(addr, a);
          polltime(6);
          break;

        case 0x84: /*STY zp*/
          addr = readmem(pc);
          pc++;
          writemem(addr, y);
          polltime(3);
          break;

        case 0x85: /*STA zp*/
          addr = readmem(pc);
          pc++;
          writemem(addr, a);
          polltime(3);
          break;

        case 0x86: /*STX zp*/
          addr = readmem(pc);
          pc++;
          writemem(addr, x);
          polltime(3);
          break;

        case 0x88: /*DEY*/
          y--;
          setzn(y);
          polltime(2);
          break;

        case 0x8A: /*TXA*/
          a = x;
          setzn(a);
          polltime(2);
          break;

        case 0x8C: /*STY abs*/
          addr = getw();
          polltime(3);
          writemem(addr, y);
          polltime(1);
          break;

        case 0x8D: /*STA abs*/
          addr = getw();
          polltime(3);
          writemem(addr, a);
          polltime(1);
          break;

        case 0x8E: /*STX abs*/
          addr = getw();
          polltime(3);
          writemem(addr, x);
          polltime(1);
          break;

        case 0x90: /*BCC*/
          offset = (int8_t)readmem(pc);
          pc++;
          temp = 2;
          if (!p.c)
          {
            temp++;
            if ((pc & 0xFF00) ^ ((pc + offset) & 0xFF00))
              temp++;
            pc += offset;
          }
          polltime(temp);
          break;

        case 0x91: /*STA (),y*/
          temp = readmem(pc);
          pc++;
          addr = readmem(temp) + (readmem(temp + 1) << 8) + y;
          writemem(addr, a);
          polltime(6);
          break;

        case 0x94: /*STY zp,x*/
          addr = readmem(pc);
          pc++;
          ram[(addr + x) & 0xFF] = y;
          polltime(4);
          break;

        case 0x95: /*STA zp,x*/
          addr = readmem(pc);
          pc++;
          writemem((addr + x) & 0xFF, a);
          //                                ram[(addr+x)&0xFF]=a;
          polltime(4);
          break;

        case 0x96: /*STX zp,y*/
          addr = readmem(pc);
          pc++;
          ram[(addr + y) & 0xFF] = x;
          polltime(4);
          break;

        case 0x98: /*TYA*/
          a = y;
          setzn(a);
          polltime(2);
          break;

        case 0x99: /*STA abs,y*/
          addr = getw();
          polltime(4);
          writemem(addr + y, a);
          polltime(1);
          break;

        case 0x9A: /*TXS*/
          s = x;
          polltime(2);
          break;

        case 0x9D: /*STA abs,x*/
          addr = getw();
          polltime(4);
          writemem(addr + x, a);
          polltime(1);
          break;

        case 0xA0: /*LDY imm*/
          y = readmem(pc);
          pc++;
          setzn(y);
          polltime(2);
          break;

        case 0xA1: /*LDA (,x)*/
          temp = readmem(pc) + x;
          pc++;
          addr = readmem(temp) | (readmem(temp + 1) << 8);
          a = readmem(addr);
          setzn(a);
          polltime(6);
          break;

        case 0xA2: /*LDX imm*/
          x = readmem(pc);
          pc++;
          setzn(x);
          polltime(2);
          break;

        case 0xA4: /*LDY zp*/
          addr = readmem(pc);
          pc++;
          y = readmem(addr);
          setzn(y);
          polltime(3);
          break;

        case 0xA5: /*LDA zp*/
          addr = readmem(pc);
          pc++;
          a = readmem(addr);
          setzn(a);
          polltime(3);
          break;

        case 0xA6: /*LDX zp*/
          addr = readmem(pc);
          pc++;
          x = readmem(addr);
          setzn(x);
          polltime(3);
          break;

        case 0xA8: /*TAY*/
          y = a;
          setzn(y);
          break;

        case 0xA9: /*LDA imm*/
          a = readmem(pc);
          pc++;
          setzn(a);
          polltime(2);
          break;

        case 0xAA: /*TAX*/
          x = a;
          setzn(x);
          polltime(2);
          break;

        case 0xAC: /*LDY abs*/
          addr = getw();
          polltime(3);
          y = readmem(addr);
          setzn(y);
          polltime(1);
          break;

        case 0xAD: /*LDA abs*/
          addr = getw();
          polltime(3);
          a = readmem(addr);
          setzn(a);
          polltime(1);
          break;

        case 0xAE: /*LDX abs*/
          addr = getw();
          polltime(3);
          x = readmem(addr);
          setzn(x);
          polltime(1);
          break;

        case 0xB0: /*BCS*/
          offset = (int8_t)readmem(pc);
          pc++;
          temp = 2;
          if (p.c)
          {
            temp++;
            if ((pc & 0xFF00) ^ ((pc + offset) & 0xFF00))
              temp++;
            pc += offset;
          }
          polltime(temp);
          break;

        case 0xB1: /*LDA (),y*/
          temp = readmem(pc);
          pc++;
          addr = readmem(temp) + (readmem(temp + 1) << 8);
          if ((addr & 0xFF00) ^ ((addr + y) & 0xFF00))
            polltime(1);
          a = readmem(addr + y);
          setzn(a);
          polltime(5);
          break;

        case 0xB4: /*LDY zp,x*/
          addr = readmem(pc);
          pc++;
          y = ram[(addr + x) & 0xFF];
          setzn(y);
          polltime(3);
          break;

        case 0xB5: /*LDA zp,x*/
          addr = readmem(pc);
          pc++;
          a = ram[(addr + x) & 0xFF];
          setzn(a);
          polltime(3);
          break;

        case 0xB6: /*LDX zp,y*/
          addr = readmem(pc);
          pc++;
          x = ram[(addr + y) & 0xFF];
          setzn(x);
          polltime(3);
          break;

        case 0xB8: /*CLV*/
          p.v = 0;
          polltime(2);
          break;

        case 0xB9: /*LDA abs,y*/
          addr = getw();
          polltime(3);
          if ((addr & 0xFF00) ^ ((addr + y) & 0xFF00))
            polltime(1);
          a = readmem(addr + y);
          setzn(a);
          polltime(1);
          break;

        case 0xBA: /*TSX*/
          x = s;
          setzn(x);
          polltime(2);
          break;

        case 0xBC: /*LDY abs,x*/
          addr = getw();
          if ((addr & 0xFF00) ^ ((addr + x) & 0xFF00))
            polltime(1);
          y = readmem(addr + x);
          setzn(y);
          polltime(4);
          break;

        case 0xBD: /*LDA abs,x*/
          addr = getw();
          if ((addr & 0xFF00) ^ ((addr + x) & 0xFF00))
            polltime(1);
          a = readmem(addr + x);
          setzn(a);
          polltime(4);
          break;

        case 0xBE: /*LDX abs,y*/
          addr = getw();
          if ((addr & 0xFF00) ^ ((addr + y) & 0xFF00))
            polltime(1);
          x = readmem(addr + y);
          setzn(x);
          polltime(4);
          break;

        case 0xC0: /*CPY imm*/
          temp = readmem(pc);
          pc++;
          setzn(y - temp);
          p.c = (y >= temp);
          polltime(2);
          break;

        case 0xC1: /*CMP (,x)*/
          temp = readmem(pc) + x;
          pc++;
          addr = readmem(temp) | (readmem(temp + 1) << 8);
          temp = readmem(addr);
          setzn(a - temp);
          p.c = (a >= temp);
          polltime(6);
          break;

        case 0xC4: /*CPY zp*/
          addr = readmem(pc);
          pc++;
          temp = readmem(addr);
          setzn(y - temp);
          p.c = (y >= temp);
          polltime(3);
          break;

        case 0xC5: /*CMP zp*/
          addr = readmem(pc);
          pc++;
          temp = readmem(addr);
          setzn(a - temp);
          p.c = (a >= temp);
          polltime(3);
          break;

        case 0xC6: /*DEC zp*/
          addr = readmem(pc);
          pc++;
          temp = readmem(addr) - 1;
          writemem(addr, temp);
          setzn(temp);
          polltime(5);
          break;

        case 0xC8: /*INY*/
          y++;
          setzn(y);
          polltime(2);
          break;

        case 0xC9: /*CMP imm*/
          temp = readmem(pc);
          pc++;
          setzn(a - temp);
          p.c = (a >= temp);
          polltime(2);
          break;

        case 0xCA: /*DEX*/
          x--;
          setzn(x);
          polltime(2);
          break;

        case 0xCC: /*CPY abs*/
          addr = getw();
          temp = readmem(addr);
          setzn(y - temp);
          p.c = (y >= temp);
          polltime(4);
          break;

        case 0xCD: /*CMP abs*/
          addr = getw();
          temp = readmem(addr);
          setzn(a - temp);
          p.c = (a >= temp);
          polltime(4);
          break;

        case 0xCE: /*DEC abs*/
          addr = getw();
          polltime(4);
          temp = readmem(addr) - 1;
          polltime(1);
          writemem(addr, temp + 1);
          polltime(1);
          writemem(addr, temp);
          setzn(temp);
          break;

        case 0xD0: /*BNE*/
          offset = (int8_t)readmem(pc);
          pc++;
          temp = 2;
          if (!p.z)
          {
            temp++;
            if ((pc & 0xFF00) ^ ((pc + offset) & 0xFF00))
              temp++;
            pc += offset;
          }
          polltime(temp);
          break;

        case 0xD1: /*CMP (),y*/
          temp = readmem(pc);
          pc++;
          addr = readmem(temp) + (readmem(temp + 1) << 8);
          if ((addr & 0xFF00) ^ ((addr + y) & 0xFF00))
            polltime(1);
          temp = readmem(addr + y);
          setzn(a - temp);
          p.c = (a >= temp);
          polltime(5);
          break;

        case 0xD5: /*CMP zp,x*/
          addr = readmem(pc);
          pc++;
          temp = ram[(addr + x) & 0xFF];
          setzn(a - temp);
          p.c = (a >= temp);
          polltime(3);
          break;

        case 0xD6: /*DEC zp,x*/
          addr = readmem(pc);
          pc++;
          ram[(addr + x) & 0xFF]--;
          setzn(ram[(addr + x) & 0xFF]);
          polltime(5);
          break;

        case 0xD8: /*CLD*/
          p.d = 0;
          polltime(2);
          break;

        case 0xD9: /*CMP abs,y*/
          addr = getw();
          if ((addr & 0xFF00) ^ ((addr + y) & 0xFF00))
            polltime(1);
          temp = readmem(addr + y);
          setzn(a - temp);
          p.c = (a >= temp);
          polltime(4);
          break;

        case 0xDD: /*CMP abs,x*/
          addr = getw();
          if ((addr & 0xFF00) ^ ((addr + x) & 0xFF00))
            polltime(1);
          temp = readmem(addr + x);
          setzn(a - temp);
          p.c = (a >= temp);
          polltime(4);
          break;

        case 0xDE: /*DEC abs,x*/
          addr = getw();
          addr += x;
          temp = readmem(addr) - 1;
          writemem(addr, temp);
          setzn(temp);
          polltime(6);
          break;

        case 0xE0: /*CPX imm*/
          temp = readmem(pc);
          pc++;
          setzn(x - temp);
          p.c = (x >= temp);
          polltime(3);
          break;

          /*SP8 CHANGE SBC(oper,X) */

        case 0xE1: /*SBC (,x)*/
          temp = readmem(pc) + x;
          pc++;
          addr = readmem(temp) | (readmem(temp + 1) << 8);
          temp = readmem(addr);
          SBC(temp);
          polltime(6);
          break;

          /*SP8 END */

        case 0xE4: /*CPX zp*/
          addr = readmem(pc);
          pc++;
          temp = readmem(addr);
          setzn(x - temp);
          p.c = (x >= temp);
          polltime(3);
          break;

        case 0xE5: /*SBC zp*/
          addr = readmem(pc);
          pc++;
          temp = readmem(addr);
          SBC(temp);
          polltime(3);
          break;

        case 0xE6: /*INC zp*/
          addr = readmem(pc);
          pc++;
          temp = readmem(addr) + 1;
          writemem(addr, temp);
          setzn(temp);
          polltime(5);
          break;

        case 0xE8: /*INX*/
          x++;
          setzn(x);
          polltime(2);
          break;

        case 0xE9: /*SBC imm*/
          temp = readmem(pc);
          pc++;
          SBC(temp);
          polltime(2);
          break;

        case 0xEA: /*NOP*/
          polltime(2);
          break;

        case 0xEC: /*CPX abs*/
          addr = getw();
          temp = readmem(addr);
          setzn(x - temp);
          p.c = (x >= temp);
          polltime(3);
          break;

        case 0xED: /*SBC abs*/
          addr = getw();
          temp = readmem(addr);
          SBC(temp);
          polltime(4);
          break;

        case 0xEE: /*DEC abs*/
          addr = getw();
          polltime(4);
          temp = readmem(addr) + 1;
          polltime(1);
          writemem(addr, temp - 1);
          polltime(1);
          writemem(addr, temp);
          setzn(temp);
          break;

        case 0xF0: /*BEQ*/
          offset = (int8_t)readmem(pc);
          pc++;
          temp = 2;
          if (p.z)
          {
            temp++;
            if ((pc & 0xFF00) ^ ((pc + offset) & 0xFF00))
              temp++;
            pc += offset;
          }
          polltime(temp);
          break;

        case 0xF1: /*SBC (),y*/
          temp = readmem(pc);
          pc++;
          addr = readmem(temp) + (readmem(temp + 1) << 8);
          if ((addr & 0xFF00) ^ ((addr + y) & 0xFF00))
            polltime(1);
          temp = readmem(addr + y);
          SBC(temp);
          polltime(5);
          break;

        case 0xF5: /*SBC zp,x*/
          addr = readmem(pc);
          pc++;
          temp = ram[(addr + x) & 0xFF];
          SBC(temp);
          polltime(3);
          break;

        case 0xF6: /*INC zp,x*/
          addr = readmem(pc);
          pc++;
          ram[(addr + x) & 0xFF]++;
          setzn(ram[(addr + x) & 0xFF]);
          polltime(5);
          break;

        case 0xF8: /*SED*/
          p.d = 1;
          polltime(2);
          break;

        case 0xF9: /*SBC abs,y*/
          addr = getw();
          if ((addr & 0xFF00) ^ ((addr + y) & 0xFF00))
            polltime(1);
          temp = readmem(addr + y);
          SBC(temp);
          polltime(4);
          break;

        case 0xFD: /*SBC abs,x*/
          addr = getw();
          if ((addr & 0xFF00) ^ ((addr + x) & 0xFF00))
            polltime(1);
          temp = readmem(addr + x);
          SBC(temp);
          polltime(4);
          break;

        case 0xFE: /*INC abs,x*/
          addr = getw();
          addr += x;
          temp = readmem(addr) + 1;
          writemem(addr, temp);
          setzn(temp);
          polltime(6);
          break;

        case 0x04: /*Undocumented - NOP zp*/
          addr = readmem(pc);
          pc++;
          polltime(3);
          break;

        case 0xF4: /*Undocumented - NOP zpx*/
          addr = readmem(pc);
          pc++;
          polltime(4);
          break;

        case 0xA3: /*Undocumented - LAX (,y)*/
          temp = readmem(pc) + x;
          pc++;
          addr = readmem(temp) | (readmem(temp + 1) << 8);
          a = x = readmem(addr);
          setzn(a);
          polltime(6);
          break;

        case 0x07: /*Undocumented - SLO zp*/
          addr = readmem(pc);
          pc++;
          c = ram[addr] & 0x80;
          ram[addr] <<= 1;
          a |= ram[addr];
          setzn(a);
          polltime(5);
          break;

        case 0x23: /*Undocumented - RLA*/
          break;   /*This was found in Repton 3 and
                           looks like a mistake, so I'll
                           ignore it for now*/

        case 0x2F:       /*Undocumented - RLA abs*/
          addr = getw(); /*Found in The Hobbit*/
          temp = readmem(addr);
          tempi = p.c;
          p.c = temp & 0x80;
          temp <<= 1;
          if (tempi)
            temp |= 1;
          writemem(addr, temp);
          a &= temp;
          setzn(a);
          polltime(6);
          break;

        case 0x4B: /*Undocumented - ASR*/
          a &= readmem(pc);
          pc++;
          p.c = a & 1;
          a >>= 1;
          setzn(a);
          polltime(2);
          break;

        case 0x67: /*Undocumented - RRA zp*/
          addr = readmem(pc);
          pc++;
          ram[addr] >>= 1;
          if (p.c)
            ram[addr] |= 1;
          temp = ram[addr];
          ADC(temp);
          polltime(5);
          break;

        case 0x80: /*Undocumented - NOP imm*/
          readmem(pc);
          pc++;
          polltime(2);
          break;

        case 0x87: /*Undocumented - SAX zp*/
          addr = readmem(pc);
          pc++;
          ram[addr] = a & x;
          polltime(3);
          break;

        case 0x9C: /*Undocumented - SHY abs,x*/
          addr = getw();
          writemem(addr + x, y & ((addr >> 8) + 1));
          polltime(5);
          break;

        case 0xDA: /*Undocumented - NOP*/
          //                                case 0xFA:
          polltime(2);
          break;

        case 0xDC: /*Undocumented - NOP abs,x*/
          addr = getw();
          if ((addr & 0xFF00) ^ ((addr + x) & 0xFF00))
            polltime(1);
          readmem(addr + x);
          polltime(4);
          break;

        default:
          switch (opcode & 0xF)
          {
          case 0xA:
            break;
          case 0x0:
          case 0x2:
          case 0x3:
          case 0x4:
          case 0x7:
          case 0x9:
          case 0xB:
            pc++;
            break;
          case 0xC:
          case 0xE:
          case 0xF:
            pc += 2;
            break;
          }
        }
        oldcyc -= cycles;
        if (debugon)
        {
          if (pc < 0xFE00)
          {
            debugdisaddr = pc;
            debugdisassemble();
            Serial.printf("%02X A=%02X X=%02X Y=%02X PC=%04X %c%c%c%c%c%c %i\n", opcode, a, x, y, pc, (p.n) ? 'N' : ' ', (p.v) ? 'V' : ' ', (p.d) ? 'D' : ' ', (p.i) ? 'I' : ' ', (p.z) ? 'Z' : ' ', (p.c) ? 'C' : ' ', totcyc);
          }
        }
        ins++;
        if (nmi && !oldnmi)
        {
          push(pc >> 8);
          push(pc & 0xFF);
          temp = 0x20;
          if (p.c)
            temp |= 1;
          if (p.z)
            temp |= 2;
          if (p.i)
            temp |= 4;
          if (p.d)
            temp |= 8;
          if (p.v)
            temp |= 0x40;
          if (p.n)
            temp |= 0x80;
          push(temp);
          pc = readmem(0xFFFA) | (readmem(0xFFFB) << 8);
          p.i = 1;
          polltime(7);
          nmi = 0;
          nmilock = 1;
          //                                rpclog("NMI %04X\n",pc);
        }
        oldnmi = nmi;

        if ((interrupt && !p.i && !skipint) || skipint == 2)
        {
          //                                Serial.printf("Intrupt\n");
          //                                if (skipint==2) Serial.printf("interrupt\n");
          //        rpclog("Interrupt\n");
          skipint = 0;
          push(pc >> 8);
          push(pc & 0xFF);
          temp = 0x20;
          if (p.c)
            temp |= 1;
          if (p.z)
            temp |= 2;
          if (p.i)
            temp |= 4;
          if (p.d)
            temp |= 8;
          if (p.v)
            temp |= 0x40;
          if (p.n)
            temp |= 0x80;
          push(temp);
          pc = readmem(0xFFFE) | (readmem(0xFFFF) << 8);
          p.i = 1;
          polltime(7);
          //                                if (pc<0x100)
          //                                {
          //                                        Serial.printf("Interrupt line %i %04X %04X %02X %02X %02X %02X %i %i %i\n",lines,cia2.t1c,cia2.t2c,cia1.ifr,vic.ifr,cia2.ifr,cia2.ier,nmi,oldnmi,nmilock);
          //                                        output2=1;
          //                                }
          //                                output=1;
          //                                Serial.printf("Interrupt line %i %i %02X %02X %02X %02X\n",interrupt,lines,sysvia.ifr&sysvia.ier,uservia.ifr&uservia.ier,uservia.ier,uservia.ifr);
        }
        if (interrupt && !p.i && skipint)
        {
          skipint = 2;
          //                                Serial.printf("skipint=2\n");
        }
      }
      //       Serial.printf("TijdEmu: %05d   \r", millis() - ts1);
    }
    // Serial.printf("TijdEmu: %05d   \r", millis() - ts1);
  }
  // 2,3 uS per instructie gemiddeld. bij 1 MHz cpu., is nu 8 uS met print
  /* if (nT++ > 100)
  {
    long ts1 = millis() - ts2;
    float f = ts1 / (float)nInstr;
    nT = 0;
    Serial.printf("TijdEmu: %05d,    #instr: %d     Tijd: %f     \r", ts1, nInstr, f);
  }
  */
}

void loadroms()
{
  utility_ptr = &barawData[0x3000]; //(ROM_OFS_UTILITY]; // pcharme = 3
  abasic_ptr = &barawData[0x8000];  // ROM_OFS_ABASIC];
  afloat_ptr = &barawData[0x9000];  // ROM_OFS_AFLOAT];
  dosrom_ptr = &barawData[0xA000];  // dos rom
  akernel_ptr = &barawData[0xb000]; // ROM_OFS_AKERNEL];

  memcpy(&ram[0x2900], Invader + 0x16, sizeof(Invader) - 0x16);
}

void init8255()
{
  int c, d;

  memset(keyl, 0, sizeof(keyl));
  for (c = 0; c < 16; c++)
  {
    for (d = 0; d < 6; d++)
    {
      if (keys[c][d] != 0)
        keyl[keys[c][d]] = c | (d << 4) | 0x80;
    }
  }
}

int keyrow;
void write8255(uint16_t addr, uint8_t val)
{
  int oldgfx = gfxmode;

  switch (addr & 0xF)
  {
  case 0:
    keyrow = val & 0xF;
    //                if (gfxmode!=(val>>4)) Serial.printf("GFX mode now %02X %04X\n",val,pc);
    gfxmode = (val >> 4) & 0x0F;
    if (gfxmode != oldgfx)
    {
      Serial.printf("gfxmode changed at PC=%04X from %02X to %02X\n", pc, oldgfx, gfxmode);
      for (int i = 0; i < 6144; i++)
        svideo[i] = 0xff;

      Serial.printf("GFX mode now %02X %04X\n", val, pc);
      Serial.printf("Keyrow now %i %04X\n", keyrow, pc);
    }
    break;
  case 2:
    css = (val & 8) >> 2;
    speaker = val & 4;
    //    rpclog("Speaker %i\n", (val & 4) >> 2);
    break;
  case 3:
    switch (val & 0xE)
    {
    case 0x4:
      speaker = val & 1;
      // rpclog("Speaker %i\n", (val & 4) >> 2);
      break;

    case 0x6:
      css = (val & 1) ? 2 : 0;
      break;
    }
    break;
    //                        rpclog("8255 port 3 %02X\n",val);
  }
  //        Serial.printf("Write 8255 %04X %02X\n",addr,val);
}

uint8_t read8255(uint16_t addr)
{
  uint8_t temp = 0xFF;
  int c;
  int lb;

  //        Serial.printf("Read 8255 %04X %04X\n",addr,pc);
  switch (addr & 3)
  {
  case 0:
    return (keyrow & 0x0F) | ((gfxmode << 4) & 0xF0);
    break;
  case 1:
    for (c = 0; c < 128; c++)
    {
      if (key[c] && keyl[keylookup[c]] & 0x80 && keyrow == (keyl[keylookup[c]] & 0xF))
      {
        temp &= ~(1 << ((keyl[keylookup[c]] & 0x70) >> 4));
      }
      if (key[c] && ctrl)
      {
        temp &= ~0x40;
      }
      if (key[c] && shift)
      {
        temp &= ~0x80;
      }
    }
    return temp;
    break;
  case 2:

    if (vbl)
      temp &= ~0x80;
    if (alt)
      temp &= ~0x40;
    if (!css)
      if (!css)
        temp &= ~8;
    if (!speaker)
      temp &= ~4;
    // if (!intone)
    //   temp &= ~0x10;
    // if (!tapedat)
    //   temp &= ~0x20;
    //                 Serial.printf("VBL %i %04X\n",vbl,pc);
    return temp;
    break;
  default:
    Serial.printf("Read 8255 %04X\n", addr);
  }
  return 0;
}

void updateIFR()
{
  if ((via.ifr & 0x7F) & (via.ier & 0x7F))
  {
    via.ifr |= 0x80;
    interrupt |= 2;
  }
  else
  {
    via.ifr &= ~0x80;
    interrupt &= ~2;
  }
}

int timerout = 1;
int lns;
void updatetimers()
{
  if (via.t1c < -3)
  {
    while (via.t1c < -3)
      via.t1c += via.t1l + 4;
    if (!via.t1hit)
    {
      via.ifr |= TIMER1INT;
      updateIFR();
    }

    if ((via.acr & 0x80) && !via.t1hit)
    {
      via.orb ^= 0x80;
      via.irb ^= 0x80;
      via.portb ^= 0x80;
      timerout ^= 1;
    }

    if (!(via.acr & 0x40))
      via.t1hit = 1;
  }

  if (!(via.acr & 0x20) /* && !via.t2hit*/)
  {
    if (via.t2c < -3 && !via.t2hit)
    {
      //                        via.t2c+=via.t2l+4;
      //                        rpclog(" Timer 2 reset %05X %05X %04X\n",via.t2c,via.t2l,pc);
      if (!via.t2hit)
      {
        via.ifr |= TIMER2INT;
        updateIFR();
        //                                output=1;
      }
      via.t2hit = 1;
    }
  }
}

void writevia(uint16_t addr, uint8_t val)
{
  //        rpclog("VIA write %04X %02X %04X\n",addr,val,pc);
  switch (addr & 0xF)
  {
  case ORA:
    via.ifr &= 0xfc; //~PORTAINT;
    updateIFR();
  case ORAnh:
    via.ora = val;
    via.porta = (via.porta & ~via.ddra) | (via.ora & via.ddra);

    /*SP7 CHANGES*/

    switch (val)
    {
    case 13:
      Serial.printf("\n");

      break;
    default:
      Serial.printf("%C", val);
    }
    /*END SP7*/

    break;
  case ORB:
    via.orb = val;
    via.portb = (via.portb & ~via.ddrb) | (via.orb & via.ddrb);
    via.ifr &= 0xfe; //~PORTBINT;
    updateIFR();
    break;

  case DDRA:
    via.ddra = val;
    break;
  case DDRB:
    via.ddrb = val;
    break;
  case ACR:
    via.acr = val;
    break;
  case PCR:
    via.pcr = val;
    break;
  case T1LL:
  case T1CL:
    //                Serial.printf("T1L write %02X at %04X %i\n",val,pc,lns);
    via.t1l &= 0xFF00;
    via.t1l |= val;
    break;
  case T1LH:
    //                Serial.printf("T1LH write %02X at %04X %i\n",val,pc,lns);
    via.t1l &= 0xFF;
    via.t1l |= (val << 8);
    if (via.acr & 0x40)
    {
      via.ifr &= ~TIMER1INT;
      updateIFR();
    }
    //                Serial.printf("%04X\n",via.t1l>>1);
    break;
  case T1CH:
    if ((via.acr & 0xC0) == 0x80)
      timerout = 0;
    //                Serial.printf("T1CH write %02X at %04X %i\n",val,pc,lns);
    via.t1l &= 0xFF;
    via.t1l |= (val << 8);
    //                if (via.t1c<1) Serial.printf("UT1 reload %i\n",via.t1c);
    //                Serial.printf("T1 l now %05X\n",via.t1l);
    via.t1c = via.t1l + 1;
    via.ifr &= ~TIMER1INT;
    updateIFR();
    via.t1hit = 0;
    break;
  case T2CL:
    via.t2l &= 0xFF00;
    via.t2l |= val;
    //                Serial.printf("T2CL=%02X at line %i\n",val,line);
    break;
  case T2CH: // && !(via.ifr&TIMER2INT))
    if ((via.t2c == -3 && (via.ier & TIMER2INT)) ||
        (via.ifr & via.ier & TIMER2INT))
    {
      interrupt |= 128;
      //                        rpclog("uTimer 2 extra interrupt\n");
    }
    //                if (output) rpclog("Write uT2CH %i\n",via.t2c);
    via.t2l &= 0xFF;
    via.t2l |= (val << 8);
    //                if (via.t2c<1) Serial.printf("UT2 reload %i\n",via.t2c);
    via.t2c = via.t2l + 1;
    via.ifr &= ~TIMER2INT;
    updateIFR();
    via.t2hit = 0;
    //                output=0;
    //                Serial.printf("T2CH=%02X at line %i\n",val,line);
    break;
  case IER:
    /*                if (val==0x40)
            {
                Serial.printf("Here\n");
        //                        output=1;
            }*/
    if (val & 0x80)
      via.ier |= (val & 0x7F);
    else
      via.ier &= ~(val & 0x7F);
    updateIFR();
    //                rpclog("Write IER %02X %04X %02X\n",val,pc,via.ier);
    //                if (via.ier&0x40) Serial.printf("0x40 enabled at %04X\n",pc);
    //                via.ifr&=~via.ier;
    break;
  case IFR:
    via.ifr &= ~(val & 0x7F);
    updateIFR();
    //                rpclog("Write IFR %02X %04X %02X\n",val,pc,via.ifr);
    break;
  }
}

uint8_t readvia(uint16_t addr)
{
  uint8_t temp;

  //        if (addr>=4 && addr<=9) Serial.printf("Read U %04X %04X\n",addr,pc);
  //        rpclog("Read  VIA %04X %04X\n",addr,pc);
  switch (addr & 0xF)
  {
  case ORA:
    via.ifr &= ~PORTAINT;
    updateIFR();
  case ORAnh:
    temp = via.ora & via.ddra;
    temp |= (via.porta & ~via.ddra);
    temp &= 0x7F;
    return temp;

  case ORB:
    //                via.ifr&=~PORTBINT;
    updateIFR();
    temp = via.orb & via.ddrb;
    if (via.acr & 2)
      temp |= (via.irb & ~via.ddrb);
    else
      temp |= (via.portb & ~via.ddrb);
    temp |= 0xFF;
    if (timerout)
      temp |= 0x80;
    else
      temp &= ~0x80;
    //                Serial.printf("ORB read %02X\n",temp);
    //                temp|=0xF0;
    return temp;

  case DDRA:
    return via.ddra;
  case DDRB:
    return via.ddrb;
  case T1LL:
    //                Serial.printf("Read T1LL %02X %04X\n",(via.t1l&0x1FE)>>1,via.t1l);
    return via.t1l & 0xFF;
  case T1LH:
    //                Serial.printf("Read T1LH %02X\n",via.t1l>>9);
    return via.t1l >> 8;
  case T1CL:
    via.ifr &= ~TIMER1INT;
    updateIFR();
    //                Serial.printf("Read T1CL %02X %i %08X\n",((via.t1c+2)>>1)&0xFF,via.t1c,via.t1c);
    if (via.t1c < -1)
      return 0xFF;
    return via.t1c & 0xFF;
  case T1CH:
    if (via.t1c < -1)
      return 0xFF;
    return via.t1c >> 8;
  case T2CL:
    via.ifr &= ~TIMER2INT;
    updateIFR();
    //                Serial.printf("Read T2CL %02X\n",((via.t2c+2)>>1)&0xFF);
    //                if (via.t2c<0) return 0xFF;
    return via.t2c & 0xFF;
  case T2CH:
    //                Serial.printf("Read T2CH %02X\n",((via.t2c+2)>>1)>>8);
    //                Serial.printf("T2CH read %05X %04X %02X %04X %i %02X\n",via.t2c,via.t2c>>1,via.t2c>>9,pc,p.i,a);
    //                if (via.t2c<0) return 0xFF;
    return via.t2c >> 8;
  case ACR:
    return via.acr;
  case PCR:
    return via.pcr;
  case IER:
    return via.ier | 0x80;
  case IFR:
    //                rpclog("IFR %02X\n",via.ifr);
    return via.ifr;
  }
  return 0xFF;
}

void resetvia()
{
  via.ora = 0x80;
  via.ifr = via.ier = 0;
  via.t1c = via.t1l = 0x1FFFE;
  via.t2c = via.t2l = 0x1FFFE;
  via.t1hit = via.t2hit = 1;
  timerout = 1;
  via.acr = 0;

  // To make sure interrupts get cleared at reset
  updateIFR();
}

void dumpvia()
{
  Serial.printf("T1 = %04X %04X T2 = %04X %04X\n", via.t1c, via.t1l, via.t2c, via.t2l);
  Serial.printf("%02X %02X  %02X %02X\n", via.ifr, via.ier, via.pcr, via.acr);
}

void atom_reset(int power_on)
{
  Serial.println("atom_reset");

  resetvia();
  reset6502();
  InitMMC();
  Serial.println("atom_reset():done");
}

int RamEnabled(uint16_t addr)
{
  int result;

  result = ((addr < 0x400) ||                                              // Always RAM
            ((addr >= 0x0400) && (addr < 0x09FF) && (main_ramflag > 3)) || // Low ram
            ((addr >= 0x0B00) && (addr < 0x1FFF) && (main_ramflag > 3)) || // Low ram
            ((addr >= 0x0A00) && (addr < 0x0AFF) && (main_ramflag > 4)) || // Low ram + RAM in disk area
            ((addr >= 0x2800) && (addr < 0x3C00) && (main_ramflag > 0)) || // 5K on motherboard
            ((addr >= 0x2000) && (addr < 0x2800) && (main_ramflag > 1)) || // DOS additional 3K
            ((addr >= 0x3C00) && (addr < 0x4000) && (main_ramflag > 1)) ||
            ((addr >= 0x4000) && (addr < 0x8000) && (main_ramflag > 2)) || // Extra 16K
            ramrom_enable);                                                // Always enabled for RAMROM.
  return result;
}

uint8_t readmeml(uint16_t addr)
{
  uint8_t addrh = (addr >> 8); // It seems all unmapped addresses just return the high byte of the address....
  int ram_enabled;

  ram_enabled = RamEnabled(addr);

  // LB To do: wat doet de atomulator hier. Snap hem nog niet..
  /*  if (pc == addr)
  {
    fetchc[addr] = 31;
  }
  else
  {
    readc[addr] = 31;
  }
*/
  int i = (addr & 0xFC00);

  if (i == 0x0800)
  {
    if ((addr & 0x0F00) == 0x0A00) /*FDC*/
    {
      if ((ramrom_enable && RR_BLKA_enabled()) ||
          (!ramrom_enable && ram_enabled))
        return ram[addr];
      // LB else
      // LB   return read8271(addr);                  /*FDC*/
    }
    else
      return ram_enabled ? ram[addr] : addrh;
  }

  if (i <= 0x6C00)
    return ram_enabled ? ram[addr] : addrh; /* RAM, DOS RAM */

  if (i <= 0x7C00)
  {
    if (!ramrom_enable || (RR_enables & RAMROM_FLAG_EXTRAM) == 0)
      return ram[addr];

    return ram_enabled ? ram[addr] : addrh;
    ; // dont let the code execution fall through
  }

  if (i <= 0x9C00) /* Video RAM */
  {
    if (cycles >= 0 && cycles < 32)
      fetcheddat[31 - cycles] = ram[addr];

    if (addr < vid_top)
      return ram[addr];
    else
      return addrh;
  }

  if (i == 0xB000)
  {
    int i;
    i = 0;
    int temp = read8255(addr); /* 8255 PIA */
    return temp;
  }
  if (i == 0xB400)
  {
    unsigned char dato = ReadMMC(addr);
    // Serial.printf("Read Adres: %04X, data: %02X\r\n", addr, dato);
    return dato; /* MMC      */
  }
  if (i == 0xB800)
    return readvia(addr); /* 6522 VIA */
  if (i == 0xBC00)
  {
    // GDOS 2015, BC10.
    // LB if ((fdc1770) && (addr >= WDBASE) && (addr <= CTRLREG))
    // LB return read1770(addr);

    // LB if ((sndatomsid) && (addr >= 0xBDC0) && (addr <= 0xBDDF))
    // LB   return sid_read(addr & 0x1F);

    // Serial.printf("ramrom_enable:%x, %04X, val: %d\n", ramrom_enable, addr, (RR_bankreg & 0x0F));
    if (ramrom_enable)
    {
      switch (addr)
      {
      case 0xBFFF:
        return (0xB0 | (RR_bankreg & 0x0F));
      case 0xBFFE:
        return (0xB0 | (RR_enables & 0x0F));
      case 0xBFFD:
        return (0xB0 | (RR_jumpers & 0x0F));
      default:
        return 0xBF;
      }
    }

    return addrh; // don't let the code execution fall through
  }

  if (i <= 0xAC00)
  {
    // Serial.printf("fall through: %x\n", i);
    return utility_ptr[addr & 0x0FFF]; /* Utility ROM        */
  }
  if (i <= 0xCC00)
    return abasic_ptr[addr & 0x0FFF]; /* BASIC              */
  if (i <= 0xDC00)
    return afloat_ptr[addr & 0x0FFF]; /* Floating point ROM */
  if (i <= 0xEC00)
    return dosrom_ptr[addr & 0x0FFF]; /* Disc ROM           */
  return akernel_ptr[addr & 0x0FFF];  /* Kernel             */
}

void writememl(uint16_t addr, uint8_t val)
{
  int ram_enabled;

  ram_enabled = RamEnabled(addr);

  if (debugon)
  {
    Serial.printf("Adres: %04x, data: %02x\r\n", addr, val);
  }

  int i = (addr & 0xFC00);

  if (i == 0x0800)
  {
    if ((addr & 0x0F00) == 0x0A00) /*FDC*/
    {
      if ((ramrom_enable && RR_BLKA_enabled()) ||
          (!ramrom_enable && ram_enabled))
      {
        if (ram_enabled)
          ram[addr] = val;
      }
      // LB else
      // LB   write8271(addr, val);                  /*FDC*/
      return;
    }
    else
    {
      if (ram_enabled)
        ram[addr] = val;
      return;
    }
  }

  if (i <= 0x6C00)
  {
    if (ram_enabled)
      ram[addr] = val; /* RAM, DOS RAM */
    return;
  }

  if (i <= 0x7C00)
  {
    if ((!ramrom_enable || (RR_enables & RAMROM_FLAG_EXTRAM) == 0) ||
        (ram_enabled && !ramrom_enable))
      ram[addr] = val;

    return;
  }

  if (i <= 0x9C00) /* Video RAM */
  {
    if (cycles >= 0 && cycles < 32)
      fetcheddat[31 - cycles] = val;

    if (addr < vid_top)
      ram[addr] = val;

    return;
  }

  if (i == 0xB000)
  {
    write8255(addr, val); /* 8255 PIA */
    return;
  }

  if (i == 0xB400)
  {
    // Serial.printf("Write Adres: %04X, data: %02X\r\n", addr, val);
    WriteMMC(addr, val); /* MMC      */
    return;
  }

  if (i == 0xB800)
  {
    if (addr < 0xB810)
      writevia(addr, val); /* 6522 VIA */
    return;
  }

  if (i == 0xBC00)
  {
    if (ramrom_enable)
    {
      if (addr == 0xBFFF)
      {
        RR_bankreg = val & 0x0F;
        set_rr_ptrs();
      }

      if (addr == 0xBFFE)
      {
        RR_enables = val & 0x0F;
        set_rr_ptrs();
      }
    }
    return;
  }

  if (i <= 0xAC00) /* Utility ROM        */
  {
    // Special case of RAM mapped into utility rom space and rom bank 0 selected

    if (ramrom_enable && (RR_enables & RAMROM_FLAG_EXTRAM) && (RR_bankreg == 0))
      utility_ptr[addr & 0x0FFF] = val;
    return;
  }

  // Otherwise a ROM - BASIC, Floating Point, Disc or Kernel
  return;
}

// Re-written for 1.20 to reflect latest RAMROM ROM Layout - see roms.h
void set_rr_ptrs()
{
  int c;

  // Leave the pointers alone if ramrom is disabled
  if (ramrom_enable)
  {
    //    Serial.printf("Running with Ramoth RAMROM roms\n");
    //    Serial.printf("RR_enables=%2X, RR_bankreg=%2X\n", RR_enables, RR_bankreg);

    // Atom Mode
    if (RR_bit_set(RAMROM_FLAG_DISKROM))
    {
      // Atom Mode with DISKROM = 1
      // Serial.printf("Running with Atom mode roms, diskrom flag = 1\n");
      // utility_ptr = &barawData[0];      //(ROM_OFS_UTILITY];
      abasic_ptr = &barawData[0x8000];  // ROM_OFS_ABASIC];
      afloat_ptr = &barawData[0x9000];  // ROM_OFS_AFLOAT];
      dosrom_ptr = &barawData[0xa000];  // mmc
      akernel_ptr = &barawData[0xb000]; // ROM_OFS_AKERNEL];
    }
    else
    {
      // Atom Mode with DISKROM = 0
      Serial.printf("Running with Atom mode roms, diskrom flag = 0\n");
      abasic_ptr = &barawData[0xc000];  // ROM_OFS_ABASIC];
      afloat_ptr = &barawData[0xd000];  // ROM_OFS_AFLOAT];
      akernel_ptr = &barawData[0xf000]; // ROM_OFS_AKERNEL];
      set_dosrom_ptr();                 // wat overbodig..
    }
    // Select what is mapped into $A000 block, this allows the
    // mapping of rom or ram into the utility block so that a
    // rom may be loaded from disk and then mapped in.
    if ((RR_enables & RAMROM_FLAG_EXTRAM) && (RR_bankreg == 0))
    {
      utility_ptr = &ram[0x7000];
    }
    else
    {
      // Serial.printf("optelling ROM data ofset util rom: %x, bankregs: %d\n", (RR_bankreg * ROM_SIZE_ATOM), RR_bankreg);
      utility_ptr = &barawData[RR_bankreg * ROM_SIZE_ATOM];
      // Serial.printf("utility_ptr = 0x%05x\n", utility_ptr);
    }
  }
  else
  {
    Serial.printf("Running with standard roms\n");
    utility_ptr = &barawData[0];      //(ROM_OFS_UTILITY];
    abasic_ptr = &barawData[0x8000];  // ROM_OFS_ABASIC];
    afloat_ptr = &barawData[0xa000];  // ROM_OFS_AFLOAT];
    akernel_ptr = &barawData[0xc000]; // ROM_OFS_AKERNEL];
    set_dosrom_ptr();
  }
}

void set_dosrom_ptr()
{
  /*
  if (!ramrom_enable || (ramrom_enable && !RR_bit_set(RAMROM_FLAG_BBCMODE) && !RR_bit_set(RAMROM_FLAG_DISKROM)))
    dosrom_ptr = fdc1770 ? &rom[ROM_OFS_GDOS2015 + (GD_bank * ROM_SIZE_ATOM)] : &rom[ROM_OFS_DOSROM];
    */
  dosrom_ptr = &barawData[0xa000]; // ROM_OFS_AFLOAT];
  Serial.println("setdosrom pointer gedoe");
}

// Re-written for 1.20 to reflect latest RAMROM ROM Layout - see roms.h
void reset_rom()
{
  Serial.printf("reset_rom(), ramrom=%d, bbcmode=%d\n", ramrom_enable, RR_bit_set(RAMROM_FLAG_BBCMODE));
  set_rr_ptrs();
  Serial.printf("reset_rom():done\n");
}
void plot23(int x, int y, int color)
{
  dotFast(x * 2, y * 3, color);
  dotFast(x * 2, (y * 3) + 1, color);
  dotFast(x * 2, (y * 3) + 2, color);

  dotFast((x * 2) + 1, y * 3, color);
  dotFast((x * 2) + 1, (y * 3) + 1, color);
  dotFast((x * 2) + 1, (y * 3) + 2, color);
}

void plot22(int x, int y, int color)
{
  dotFast(x * 2, y * 2, color);
  dotFast(x * 2, (y * 2) + 1, color);

  dotFast((x * 2) + 1, y * 2, color);
  dotFast((x * 2) + 1, (y * 2) + 1, color);
}

void plot21(int x, int y, int color)
{
  dotFast(x * 2, y, color);

  dotFast((x * 2) + 1, y, color);
}

// Table of when to increment the address (every N lines)
static int lines_per_row[16] = {
    12,
    3, // 1a   64x64 in 4 cols
    12,
    3, // 1   128x64 in 2 cols
    12,
    3, // 2a  128x64 in 4 cols
    12,
    2, // 2   128x96 in 2 cols
    12,
    2, // 3a  128x96 in 4 cols
    12,
    1, // 3  128x192 in 2 cols
    12,
    1, // 4a 128x192 in 4 cols
    12,
    1 // 4  256x192 in 2 cols
};

static int bytes_per_row[16] = {
    32,
    16, // 1a   64x64 in 4 cols
    32,
    16, // 1   128x64 in 2 cols
    32,
    32, // 2a  128x64 in 4 cols
    32,
    16, // 2   128x96 in 2 cols
    32,
    32, // 3a  128x96 in 4 cols
    32,
    16, // 3  128x192 in 2 cols
    32,
    32, // 4a 128x192 in 4 cols
    32,
    32 // 4  256x192 in 2 cols
};

static int mask_per_row[16] = {
    0xFFE0,
    0xFFF0, // 1a   64x64 in 4 cols
    0xFFE0,
    0xFFF0, // 1   128x64 in 2 cols
    0xFFE0,
    0xFFE0, // 2a  128x64 in 4 cols
    0xFFE0,
    0xFFF0, // 2   128x96 in 2 cols
    0xFFE0,
    0xFFE0, // 3a  128x96 in 4 cols
    0xFFE0,
    0xFFF0, // 3  128x192 in 2 cols
    0xFFE0,
    0xFFE0, // 4a 128x192 in 4 cols
    0xFFE0,
    0xFFE0 // 4  256x192 in 2 cols
};

void drawline(int line)
{
  int chr, col;
  int x, xx;
  uint8_t temp;
  static unsigned int addr = 0x8000;
  if (!line)
  {
    addr = 0x8000;
    vbl = cy = sy = 0;
  }
  if (line < 192)
  {

    // For repeated lines, decrement the address pointer
    if ((line % lines_per_row[gfxmode]) != 0)
    {
      addr -= bytes_per_row[gfxmode];
    }

    // Make sure address pointer has the right alignment
    addr &= mask_per_row[gfxmode];

    switch (gfxmode)
    {
      /*
    case 0:
    case 2:
    case 4:
    case 6: //Text mode
    case 8:
    case 10:
    case 12:
    case 14:
      for (x = 0; x < 256; x += 8)
      {
        chr = ram[addr + (x >> 3)];
        if (chr & 0x40)
        {
          temp = chr;
          chr <<= ((sy >> 2) << 1);
          chr = (chr >> 4) & 3;
          if (chr & 2)
            col = semigrcol[(temp >> 6) | (css << 1)];
          else
            col = 0;
          // b->line[line][x] = b->line[line][x + 1] = b->line[line][x + 2] = b->line[line][x + 3] = col;
          for (int i = 0; i < 4; i++)
          {
            dotFast(x + xx + i, line, col);
          }

          if (chr & 1)
            col = semigrcol[(temp >> 6) | (css << 1)];
          else
            col = 0;
          // b->line[line][x + 4] = b->line[line][x + 5] = b->line[line][x + 6] = b->line[line][x + 7] = col;
          for (int i = 4; i < 8; i++)
          {
            dotFast(x + xx + i, line, col);
          }
        }
        else
        {
          chr = ((chr & 0x3F) * 12) + sy;
          if (ram[addr + (x >> 3)] & 0x80)
          {
            for (xx = 0; xx < 8; xx++)
            {
              // b->line[line][x + xx] = textcol[(((fontdata[chr] >> (xx ^ 7)) & 1) ^ 1) | css];
              dotFast(x + xx, line, textcol[(((fontdata[chr] >> (xx ^ 7)) & 1) ^ 1) | css]);
            }
          }
          else
          {
            for (xx = 0; xx < 8; xx++)
            {
              // b->line[line][x + xx] = textcol[((fontdata[chr] >> (xx ^ 7)) & 1) | css];
              dotFast(x + xx, line, textcol[((fontdata[chr] >> (xx ^ 7)) & 1) | css]);
            }
          }
        }
      }
      sy++;
      if (sy == 12)
      {
        sy = 0;
        cy++;
      }
      break;
*/
      /*
  addr = (cy << 5) + 0x8000;
  addr = lines * 32; // 32 bytes is 256 puntjes

  for (x = 0; x < 256; x += 8)
  {
    chr = fetcheddat[x >> 3];
    if (chr & 0x40)
    {
      temp = chr;
      chr <<= ((sy >> 2) << 1);
      chr = (chr >> 4) & 3;
      if (chr & 2)
        col = semigrcol[(temp >> 6) | (css << 1)];
      else
        col = 0;
      //  b->line[line][x] = b->line[line][x + 1] = b->line[line][x + 2] = b->line[line][x + 3] = col;
      if (chr & 1)
        col = semigrcol[(temp >> 6) | (css << 1)];
      else
        col = 0;
      //  b->line[line][x + 4] = b->line[line][x + 5] = b->line[line][x + 6] = b->line[line][x + 7] = col;
    }
    else
    {
      chr = ((chr & 0x3F) * 12) + sy;
      if (fetcheddat[x >> 3] & 0x80)
      {
        int lb;
        for (xx = 0; xx < 8; xx++)
        {
          //      b->line[line][x + xx]
          // lb = textcol[(((fontdata[chr] >> (xx ^ 7)) & 1) ^ 1) | css];
        }
      }
      else
      {
        int lb;
        for (xx = 0; xx < 8; xx++)
        {

          //      b->line[line][x + xx] =
          //     lb = textcol[((fontdata[chr] >> (xx ^ 7)) & 1) | css];
        }
      }
    }
  }
  sy++;
  if (sy == 12)
  {
    sy = 0;
    cy++;
  }
  addr = (cy << 5) + 0x8000;
  for (x = 0; x < 32; x++)
    fetcheddat[x] = ram[addr++];
  break;
  */

      // Propper graphics modes
      /*
        case 1:         // 64x64, 4 colours
        for (x = 0; x < 256; x += 16)
        {
        temp = fetcheddat[x >> 3];
        for (xx = 0; xx < 16; xx += 4)
        {
          b->line[line][x + xx] = b->line[line][x + xx + 1] = b->line[line][x + xx + 2] = b->line[line][x + xx + 3] = semigrcol[(temp >> 6) | (css << 1)];
          temp <<= 2;
        }
        }

        addr = (((line + 1) / 3) << 4) | 0x8000;
        for (x = 0; x < 32; x++)
        fetcheddat[x] = ram[addr + (x >> 1)];

        break;
*/
    case 3: // 128x64, 2 colours
    {
      int cnt = 0x8000 + (line * (128 / 8));
      unsigned ch;
      for (int px = 0; px < (128 / 8); px++)
      {
        int nIndex = (line * (128 / 8)) + px;
        ch = ram[cnt++];
        if (cnt < (0x8000 + 0x400))
        {
          if (svideo[nIndex] != ch)
          {
            svideo[nIndex] = ch;
            for (int py = 0; py < 8; py++) // HIER ZET HIJ 8 PUNTEN IN ZW EN DUS 4 IN CLEAR A
            {
              int lb = ((px * 8) + py); // px pakt steeds 0, 8, 16 en py vult de tussenliggende waardes.

              if (ch & (1 << (7 - py))) // de byte in kwestie staat in ch. Met deze AND wordt er 1 bit uitgezocht.
              {
                plot23(lb, line, 0);
                // dotFast(lb, line, 0);
              }
              else
              {
                plot23(lb, line, 4);
                // dotFast(lb, line, 4);
              }
            }
          }
        }
      }
    }
    break;

      //* PATCH FOR CORRECT CLEAR2a

    case 5: // 128x64, 4 colours

      for (x = 0; x < 256; x += 8)
      {
        temp = fetcheddat[x >> 3];
        for (xx = 0; xx < 8; xx += 2)
        {
          // b->line[line][x + xx] = b->line[line][x + xx + 1] = semigrcol[(temp >> 6) | (css << 1)];
          // functie aanroepen met line en byte nieuw, byte oud, px (welke byte)
          // the line of the framebuffer is 120 bytes long, however, we use only (in Atom mode) 96, since Clear 4 has only 192 points
          // So each bit of a byte (nwch) is spread over 4 bits of a byte in the scan line.
          // for now, we use only on and of, which is 0x00 or 0x20 or 0x,22, or 0x02 for the two green bits.
          //drawl(line, svideo[nIndex], ch, px);

          // drawll(line, x + xx, semigrcol[(temp >> 6) | (css << 1)]);
          // drawll(line, x + xx + 1, semigrcol[(temp >> 6) | (css << 1)]);

          temp <<= 2;
        }
      }

      addr = (((line + 1) / 3) << 5) | 0x8000;
      for (x = 0; x < 32; x++)
        fetcheddat[x] = ram[addr + x];

      break;

      // PATCH CHANGES

    case 7: // 192x96, 2 colours clear 2
    {
      int cnt = 0x8000 + (line * (128 / 8));
      unsigned ch;
      for (int px = 0; px < (128 / 8); px++)
      {
        int nIndex = (line * (128 / 8)) + px;
        ch = ram[cnt++];
        if (cnt < (0x8000 + 0x600))
        {
          if (svideo[nIndex] != ch)
          {
            svideo[nIndex] = ch;
            for (int py = 0; py < 8; py++) // HIER ZET HIJ 8 PUNTEN IN ZW EN DUS 4 IN CLEAR A
            {
              int lb = ((px * 8) + py); // px pakt steeds 0, 8, 16 en py vult de tussenliggende waardes.

              if (ch & (1 << (7 - py))) // de byte in kwestie staat in ch. Met deze AND wordt er 1 bit uitgezocht.
              {
                plot22(lb, line, 0);
                // dotFast(lb, line, 0);
              }
              else
              {
                plot22(lb, line, 4);
                // dotFast(lb, line, 4);
              }
            }
          }
        }
      }
    }
    break;
    case 9: // 128x96, 4 colours Clear 3a
    {
      int cnt = 0x8000 + (line * 32), lb;
      unsigned ch, chh;
      for (int px = 0; px < 32; px++) // aantal bytes *8 op de x as 32=256, 1 bits kleur; 32=128 met 2 bits kleur
      {
        int nIndex = (line * 32) + px; // idem als boven.
        ch = ram[cnt++];
        if (cnt <= 0x8c00)
        {
          if (svideo[nIndex] != ch)
          {
            svideo[nIndex] = ch;
            for (int py = 0; py < 8; py += 2) // HIER ZET HIJ 8 PUNTEN IN ZW EN DUS 4 IN CLEAR A
            {
              lb = ((px * 8) + py);          // px pakt steeds 0, 8, 16 en py vult de tussenliggende waardes.
              chh = (ch >> (6 - py) & 0x03); // eerste keer linker 2 bits van 8000 -> 8000 >> 6 & 0x03 (6, 4, 2 0 schuiven)
              dotFast(lb, line * 2, chh);
              dotFast(lb - 1, line * 2, chh);
              if (line <= 192 && line > 0)
              {
                dotFast(lb, (line * 2) - 1, chh);
                dotFast(lb - 1, (line * 2) - 1, chh);
              }
            }
          }
        }
      }
    }
    break;

    case 11: // 192x128, 2 colours
    {
      int cnt = 0x8000 + (line * (128 / 8));
      unsigned ch;
      for (int px = 0; px < (128 / 8); px++)
      {
        int nIndex = (line * (128 / 8)) + px;
        ch = ram[cnt++];
        if (cnt < (0x8000 + 0xC00))
        {
          if (svideo[nIndex] != ch)
          {
            svideo[nIndex] = ch;
            for (int py = 0; py < 8; py++) // HIER ZET HIJ 8 PUNTEN IN ZW EN DUS 4 IN CLEAR A
            {
              int lb = ((px * 8) + py); // px pakt steeds 0, 8, 16 en py vult de tussenliggende waardes.

              if (ch & (1 << (7 - py))) // de byte in kwestie staat in ch. Met deze AND wordt er 1 bit uitgezocht.
              {
                plot21(lb, line, 0);
                // dotFast(lb, line, 0);
              }
              else
              {
                plot21(lb, line, 4);
                // dotFast(lb, line, 4);
              }
            }
          }
        }
      }
    }
    break;
    case 13: // 128x192, 4 colours
      break;
      /*
        for (x = 0; x < 256; x += 8)
        {
        temp = fetcheddat[x >> 3];
        for (xx = 0; xx < 8; xx += 2)
        {
          b->line[line][x + xx] = b->line[line][x + xx + 1] = semigrcol[(temp >> 6) | (css << 1)];
          temp <<= 2;
        }
        }

        addr = ((line + 1) << 5) | 0x8000;

        for (x = 0; x < 32; x++)
        fetcheddat[x] = ram[addr + x];

        break;
      */
    case 15: // 256x192, 2 colours
    {
      //  Adjusted plot to improve on speed.
      int cnt = 0x8000 + (line * 32);
      uint8_t ch;
      for (int px = 0; px < 32; px++)
      {
        int nIndex = (line * (256 / 8)) + px;
        ch = ram[cnt++];
        if (svideo[nIndex] != ch) // valt er wat te updaten?
        {
          // functie aanroepen met line en byte nieuw, byte oud, px (welke byte)
          // the line of the framebuffer is 120 bytes long, however, we use only (in Atom mode) 96, since Clear 4 has only 192 points
          // So each bit of a byte (nwch) is spread over 4 bits of a byte in the scan line.
          // for now, we use only on and of, which is 0x00 or 0x20 or 0x,22, or 0x02 for the two green bits.
          drawl(line, svideo[nIndex], ch, px);
          svideo[nIndex] = ch;
        }
        //
      }
    }
    break;

      //                        default:
      //                        Serial.printf("Bad GFX mode %i\n",gfxmode);
      //                        dumpregs();
      //                        dumpram();
      //                        exit(-1);
    }
    // After every line, increment the address pointer
    addr += bytes_per_row[gfxmode];
  }

  if (line == 192)
  {
    static int countlb = 0;
    static unsigned char shadow[16][32];
    frmcount++;
    fskipcount++;
    // hier complete frame om te laten zien..
    if (gfxmode == 0)
    {
      int cnt = 0x8000;
      for (int row = 0; row < 16; row++)
      {
        for (int column = 0; column < 32; column++)
        {
          unsigned ch = ram[cnt++];
          if (shadow[row][column] != ch)
          {
            SetTxt(column * 8, row * 12, ch);
            shadow[row][column] = ch;
          }
        }
      }
    }
    vbl = 1;
  }

  if (line == 224)
  {
    vbl = 0;
  }
}